month,borough,day_type,trip_type,route_id,period,number_of_trips_passing_wait,number_of_scheduled_trips,wait_assessment
2025-01-01,Bronx,1,LCL/LTD,BX1,Off-Peak,10646,13005,0.818608
2025-01-01,Bronx,1,LCL/LTD,BX1,Peak,4684,6736,0.695368
2025-01-01,Bronx,2,LCL/LTD,BX1,Off-Peak,2186,2691,0.812337
2025-01-01,Bronx,2,LCL/LTD,BX1,Peak,918,1208,0.759934
2025-01-01,Bronx,1,LCL/LTD,BX10,Off-Peak,13550,15951,0.849477
2025-01-01,Bronx,1,LCL/LTD,BX10,Peak,6154,8179,0.752415
2025-01-01,Bronx,2,LCL/LTD,BX10,Off-Peak,2706,3155,0.857686
2025-01-01,Bronx,2,LCL/LTD,BX10,Peak,1064,1222,0.870704
2025-01-01,Bronx,1,LCL/LTD,BX11,Off-Peak,14802,18705,0.791339
2025-01-01,Bronx,1,LCL/LTD,BX11,Peak,6675,9718,0.68687
2025-01-01,Bronx,2,LCL/LTD,BX11,Off-Peak,3328,4313,0.771621
2025-01-01,Bronx,2,LCL/LTD,BX11,Peak,1335,1746,0.764605
2025-01-01,Bronx,1,LCL/LTD,BX12,Off-Peak,13417,15402,0.871121
2025-01-01,Bronx,1,LCL/LTD,BX12,Peak,4647,6039,0.769498
2025-01-01,Bronx,2,LCL/LTD,BX12,Off-Peak,3978,4799,0.828923
2025-01-01,Bronx,2,LCL/LTD,BX12,Peak,1249,1494,0.836011
2025-01-01,Bronx,1,SBS,BX12+,Off-Peak,5768,6698,0.861153
2025-01-01,Bronx,1,SBS,BX12+,Peak,2883,3629,0.794434
2025-01-01,Bronx,2,SBS,BX12+,Off-Peak,1347,1550,0.869032
2025-01-01,Bronx,2,SBS,BX12+,Peak,589,710,0.829577
2025-01-01,Bronx,1,LCL/LTD,BX13,Off-Peak,9745,11300,0.862389
2025-01-01,Bronx,1,LCL/LTD,BX13,Peak,4280,5684,0.752991
2025-01-01,Bronx,2,LCL/LTD,BX13,Off-Peak,2586,2811,0.919957
2025-01-01,Bronx,2,LCL/LTD,BX13,Peak,1089,1255,0.867729
2025-01-01,Bronx,1,LCL/LTD,BX15,Off-Peak,10286,14009,0.734242
2025-01-01,Bronx,1,LCL/LTD,BX15,Peak,3727,6290,0.592528
2025-01-01,Bronx,2,LCL/LTD,BX15,Off-Peak,2463,3024,0.814484
2025-01-01,Bronx,2,LCL/LTD,BX15,Peak,888,1116,0.795699
2025-01-01,Bronx,1,LCL/LTD,BX16,Off-Peak,10738,12683,0.846645
2025-01-01,Bronx,1,LCL/LTD,BX16,Peak,5472,7652,0.715107
2025-01-01,Bronx,2,LCL/LTD,BX16,Off-Peak,1954,2514,0.777247
2025-01-01,Bronx,2,LCL/LTD,BX16,Peak,1011,1199,0.843203
2025-01-01,Bronx,1,LCL/LTD,BX17,Off-Peak,9110,12468,0.730671
2025-01-01,Bronx,1,LCL/LTD,BX17,Peak,4988,7863,0.634363
2025-01-01,Bronx,2,LCL/LTD,BX17,Off-Peak,2240,2947,0.760095
2025-01-01,Bronx,2,LCL/LTD,BX17,Peak,942,1225,0.76898
2025-01-01,Bronx,1,LCL/LTD,BX18A,Off-Peak,1271,1580,0.80443
2025-01-01,Bronx,1,LCL/LTD,BX18A,Peak,736,1037,0.70974
2025-01-01,Bronx,2,LCL/LTD,BX18A,Off-Peak,396,472,0.838983
2025-01-01,Bronx,2,LCL/LTD,BX18A,Peak,132,183,0.721311
2025-01-01,Bronx,1,LCL/LTD,BX18B,Off-Peak,1297,1566,0.828225
2025-01-01,Bronx,1,LCL/LTD,BX18B,Peak,756,998,0.757515
2025-01-01,Bronx,2,LCL/LTD,BX18B,Off-Peak,400,462,0.865801
2025-01-01,Bronx,2,LCL/LTD,BX18B,Peak,161,189,0.851852
2025-01-01,Bronx,1,LCL/LTD,BX19,Off-Peak,11084,13862,0.799596
2025-01-01,Bronx,1,LCL/LTD,BX19,Peak,4730,6696,0.706392
2025-01-01,Bronx,2,LCL/LTD,BX19,Off-Peak,3213,4004,0.802448
2025-01-01,Bronx,2,LCL/LTD,BX19,Peak,1302,1629,0.799263
2025-01-01,Bronx,1,LCL/LTD,BX2,Off-Peak,6393,7813,0.818252
2025-01-01,Bronx,1,LCL/LTD,BX2,Peak,3026,4138,0.731271
2025-01-01,Bronx,2,LCL/LTD,BX2,Off-Peak,1241,1542,0.804799
2025-01-01,Bronx,2,LCL/LTD,BX2,Peak,581,715,0.812587
2025-01-01,Bronx,1,LCL/LTD,BX20,Off-Peak,108,156,0.692308
2025-01-01,Bronx,1,LCL/LTD,BX20,Peak,622,879,0.707622
2025-01-01,Bronx,1,LCL/LTD,BX21,Off-Peak,16080,21806,0.737412
2025-01-01,Bronx,1,LCL/LTD,BX21,Peak,7031,10797,0.651199
2025-01-01,Bronx,2,LCL/LTD,BX21,Off-Peak,3528,4714,0.748409
2025-01-01,Bronx,2,LCL/LTD,BX21,Peak,1323,1683,0.786096
2025-01-01,Bronx,1,LCL/LTD,BX22,Off-Peak,18917,21012,0.900295
2025-01-01,Bronx,1,LCL/LTD,BX22,Peak,9628,12097,0.7959
2025-01-01,Bronx,2,LCL/LTD,BX22,Off-Peak,3931,4583,0.857735
2025-01-01,Bronx,2,LCL/LTD,BX22,Peak,1285,1587,0.809704
2025-01-01,Bronx,1,LCL/LTD,BX23,Off-Peak,4019,4653,0.863744
2025-01-01,Bronx,1,LCL/LTD,BX23,Peak,3605,4759,0.757512
2025-01-01,Bronx,2,LCL/LTD,BX23,Off-Peak,899,1030,0.872816
2025-01-01,Bronx,2,LCL/LTD,BX23,Peak,353,404,0.873762
2025-01-01,Bronx,1,LCL/LTD,BX24,Off-Peak,2021,2325,0.869247
2025-01-01,Bronx,1,LCL/LTD,BX24,Peak,707,846,0.835697
2025-01-01,Bronx,2,LCL/LTD,BX24,Off-Peak,568,639,0.888889
2025-01-01,Bronx,2,LCL/LTD,BX24,Peak,214,248,0.862903
2025-01-01,Bronx,1,LCL/LTD,BX25,Off-Peak,5361,6266,0.85557
2025-01-01,Bronx,1,LCL/LTD,BX25,Peak,2691,3648,0.737664
2025-01-01,Bronx,2,LCL/LTD,BX25,Off-Peak,1455,1663,0.874925
2025-01-01,Bronx,2,LCL/LTD,BX25,Peak,607,690,0.87971
2025-01-01,Bronx,1,LCL/LTD,BX26,Off-Peak,5729,6734,0.850757
2025-01-01,Bronx,1,LCL/LTD,BX26,Peak,2920,3815,0.7654
2025-01-01,Bronx,2,LCL/LTD,BX26,Off-Peak,1576,1825,0.863562
2025-01-01,Bronx,2,LCL/LTD,BX26,Peak,708,819,0.864469
2025-01-01,Bronx,1,LCL/LTD,BX27,Off-Peak,9610,11543,0.832539
2025-01-01,Bronx,1,LCL/LTD,BX27,Peak,5325,7317,0.727757
2025-01-01,Bronx,2,LCL/LTD,BX27,Off-Peak,2328,2666,0.873218
2025-01-01,Bronx,2,LCL/LTD,BX27,Peak,928,1150,0.806957
2025-01-01,Bronx,1,LCL/LTD,BX28,Off-Peak,10282,12550,0.819283
2025-01-01,Bronx,1,LCL/LTD,BX28,Peak,3711,5284,0.702309
2025-01-01,Bronx,2,LCL/LTD,BX28,Off-Peak,2373,2725,0.870826
2025-01-01,Bronx,2,LCL/LTD,BX28,Peak,753,906,0.831126
2025-01-01,Bronx,1,LCL/LTD,BX29,Off-Peak,1306,1435,0.910105
2025-01-01,Bronx,1,LCL/LTD,BX29,Peak,612,748,0.818182
2025-01-01,Bronx,2,LCL/LTD,BX29,Off-Peak,442,465,0.950538
2025-01-01,Bronx,2,LCL/LTD,BX29,Peak,140,156,0.897436
2025-01-01,Bronx,1,LCL/LTD,BX3,Off-Peak,12338,15515,0.79523
2025-01-01,Bronx,1,LCL/LTD,BX3,Peak,5261,7360,0.71481
2025-01-01,Bronx,2,LCL/LTD,BX3,Off-Peak,3479,4098,0.848951
2025-01-01,Bronx,2,LCL/LTD,BX3,Peak,1395,1706,0.817702
2025-01-01,Bronx,1,LCL/LTD,BX30,Off-Peak,9177,11046,0.830798
2025-01-01,Bronx,1,LCL/LTD,BX30,Peak,5254,6974,0.75337
2025-01-01,Bronx,2,LCL/LTD,BX30,Off-Peak,1931,2194,0.880128
2025-01-01,Bronx,2,LCL/LTD,BX30,Peak,915,1024,0.893555
2025-01-01,Bronx,1,LCL/LTD,BX31,Off-Peak,6662,8743,0.761981
2025-01-01,Bronx,1,LCL/LTD,BX31,Peak,3068,4508,0.680568
2025-01-01,Bronx,2,LCL/LTD,BX31,Off-Peak,1603,1871,0.856761
2025-01-01,Bronx,2,LCL/LTD,BX31,Peak,560,707,0.792079
2025-01-01,Bronx,1,LCL/LTD,BX32,Off-Peak,4857,6862,0.707811
2025-01-01,Bronx,1,LCL/LTD,BX32,Peak,2477,3991,0.620646
2025-01-01,Bronx,2,LCL/LTD,BX32,Off-Peak,840,1150,0.730435
2025-01-01,Bronx,2,LCL/LTD,BX32,Peak,291,444,0.655405
2025-01-01,Bronx,1,LCL/LTD,BX33,Off-Peak,4690,5517,0.8501
2025-01-01,Bronx,1,LCL/LTD,BX33,Peak,1815,2566,0.707327
2025-01-01,Bronx,2,LCL/LTD,BX33,Off-Peak,809,970,0.834021
2025-01-01,Bronx,2,LCL/LTD,BX33,Peak,356,443,0.803612
2025-01-01,Bronx,1,LCL/LTD,BX34,Off-Peak,5535,6506,0.850753
2025-01-01,Bronx,1,LCL/LTD,BX34,Peak,2350,3186,0.737602
2025-01-01,Bronx,2,LCL/LTD,BX34,Off-Peak,1213,1432,0.847067
2025-01-01,Bronx,2,LCL/LTD,BX34,Peak,508,612,0.830065
2025-01-01,Bronx,1,LCL/LTD,BX35,Off-Peak,16777,20487,0.81891
2025-01-01,Bronx,1,LCL/LTD,BX35,Peak,6191,8956,0.691268
2025-01-01,Bronx,2,LCL/LTD,BX35,Off-Peak,3740,4845,0.77193
2025-01-01,Bronx,2,LCL/LTD,BX35,Peak,1365,1833,0.744681
2025-01-01,Bronx,1,LCL/LTD,BX36,Off-Peak,9886,12920,0.76517
2025-01-01,Bronx,1,LCL/LTD,BX36,Peak,4758,7075,0.672509
2025-01-01,Bronx,2,LCL/LTD,BX36,Off-Peak,2356,3021,0.779874
2025-01-01,Bronx,2,LCL/LTD,BX36,Peak,851,1118,0.761181
2025-01-01,Bronx,1,LCL/LTD,BX38,Off-Peak,5973,7189,0.830853
2025-01-01,Bronx,1,LCL/LTD,BX38,Peak,3327,4455,0.746801
2025-01-01,Bronx,2,LCL/LTD,BX38,Off-Peak,1337,1569,0.852135
2025-01-01,Bronx,2,LCL/LTD,BX38,Peak,579,697,0.830703
2025-01-01,Bronx,1,LCL/LTD,BX39,Off-Peak,3824,4900,0.780408
2025-01-01,Bronx,1,LCL/LTD,BX39,Peak,1936,2568,0.753894
2025-01-01,Bronx,2,LCL/LTD,BX39,Off-Peak,1096,1406,0.779516
2025-01-01,Bronx,2,LCL/LTD,BX39,Peak,426,534,0.797753
2025-01-01,Bronx,1,LCL/LTD,BX4,Off-Peak,7385,8929,0.82708
2025-01-01,Bronx,1,LCL/LTD,BX4,Peak,2992,4230,0.707329
2025-01-01,Bronx,2,LCL/LTD,BX4,Off-Peak,1531,1844,0.83026
2025-01-01,Bronx,2,LCL/LTD,BX4,Peak,680,775,0.877419
2025-01-01,Bronx,1,LCL/LTD,BX40,Off-Peak,10554,12364,0.853607
2025-01-01,Bronx,1,LCL/LTD,BX40,Peak,3459,4581,0.755075
2025-01-01,Bronx,2,LCL/LTD,BX40,Off-Peak,2374,2731,0.869279
2025-01-01,Bronx,2,LCL/LTD,BX40,Peak,791,892,0.886771
2025-01-01,Bronx,1,LCL/LTD,BX41,Off-Peak,10071,12948,0.777804
2025-01-01,Bronx,1,LCL/LTD,BX41,Peak,3068,4600,0.666957
2025-01-01,Bronx,2,LCL/LTD,BX41,Off-Peak,2969,3690,0.804607
2025-01-01,Bronx,2,LCL/LTD,BX41,Peak,1092,1352,0.807692
2025-01-01,Bronx,1,SBS,BX41+,Off-Peak,1915,2689,0.712161
2025-01-01,Bronx,1,SBS,BX41+,Peak,789,1251,0.630695
2025-01-01,Bronx,2,SBS,BX41+,Off-Peak,433,567,0.763668
2025-01-01,Bronx,2,SBS,BX41+,Peak,232,306,0.75817
2025-01-01,Bronx,1,LCL/LTD,BX42,Off-Peak,9053,10734,0.843395
2025-01-01,Bronx,1,LCL/LTD,BX42,Peak,3751,4857,0.772287
2025-01-01,Bronx,2,LCL/LTD,BX42,Off-Peak,2158,2589,0.833526
2025-01-01,Bronx,2,LCL/LTD,BX42,Peak,883,1043,0.846596
2025-01-01,Bronx,1,LCL/LTD,BX46,Off-Peak,811,987,0.821682
2025-01-01,Bronx,1,LCL/LTD,BX46,Peak,306,388,0.78866
2025-01-01,Bronx,2,LCL/LTD,BX46,Off-Peak,247,265,0.932075
2025-01-01,Bronx,2,LCL/LTD,BX46,Peak,63,73,0.863014
2025-01-01,Bronx,1,LCL/LTD,BX4A,Off-Peak,4400,5208,0.844854
2025-01-01,Bronx,1,LCL/LTD,BX4A,Peak,1848,2562,0.721311
2025-01-01,Bronx,2,LCL/LTD,BX4A,Off-Peak,886,1072,0.826493
2025-01-01,Bronx,2,LCL/LTD,BX4A,Peak,399,472,0.845339
2025-01-01,Bronx,1,LCL/LTD,BX5,Off-Peak,10897,12917,0.843617
2025-01-01,Bronx,1,LCL/LTD,BX5,Peak,5064,7240,0.699448
2025-01-01,Bronx,2,LCL/LTD,BX5,Off-Peak,3564,4263,0.836031
2025-01-01,Bronx,2,LCL/LTD,BX5,Peak,1301,1653,0.787054
2025-01-01,Bronx,1,LCL/LTD,BX6,Off-Peak,11684,14268,0.818895
2025-01-01,Bronx,1,LCL/LTD,BX6,Peak,4379,6022,0.727167
2025-01-01,Bronx,2,LCL/LTD,BX6,Off-Peak,3493,4116,0.848639
2025-01-01,Bronx,2,LCL/LTD,BX6,Peak,1382,1567,0.88194
2025-01-01,Bronx,1,SBS,BX6+,Off-Peak,1795,2183,0.822263
2025-01-01,Bronx,1,SBS,BX6+,Peak,892,1225,0.728163
2025-01-01,Bronx,2,SBS,BX6+,Off-Peak,544,624,0.871795
2025-01-01,Bronx,2,SBS,BX6+,Peak,283,326,0.868098
2025-01-01,Bronx,1,LCL/LTD,BX7,Off-Peak,15945,18199,0.876147
2025-01-01,Bronx,1,LCL/LTD,BX7,Peak,7250,9349,0.775484
2025-01-01,Bronx,2,LCL/LTD,BX7,Off-Peak,4313,5095,0.846516
2025-01-01,Bronx,2,LCL/LTD,BX7,Peak,1688,2053,0.822211
2025-01-01,Bronx,1,LCL/LTD,BX8,Off-Peak,12061,15253,0.79073
2025-01-01,Bronx,1,LCL/LTD,BX8,Peak,6547,9258,0.707172
2025-01-01,Bronx,2,LCL/LTD,BX8,Off-Peak,1722,2232,0.771505
2025-01-01,Bronx,2,LCL/LTD,BX8,Peak,758,1058,0.716446
2025-01-01,Bronx,1,LCL/LTD,BX9,Off-Peak,17308,19982,0.86618
2025-01-01,Bronx,1,LCL/LTD,BX9,Peak,8553,10704,0.799047
2025-01-01,Bronx,2,LCL/LTD,BX9,Off-Peak,4175,4882,0.855182
2025-01-01,Bronx,2,LCL/LTD,BX9,Peak,1731,2008,0.862052
2025-01-01,Bronx,1,EXP,BXM1,Off-Peak,2550,2891,0.882048
2025-01-01,Bronx,1,EXP,BXM1,Peak,1518,1983,0.765507
2025-01-01,Bronx,2,EXP,BXM1,Off-Peak,473,504,0.938492
2025-01-01,Bronx,2,EXP,BXM1,Peak,197,217,0.907834
2025-01-01,Bronx,1,EXP,BXM10,Off-Peak,2188,2434,0.898932
2025-01-01,Bronx,1,EXP,BXM10,Peak,1559,1873,0.832355
2025-01-01,Bronx,2,EXP,BXM10,Off-Peak,414,446,0.928251
2025-01-01,Bronx,2,EXP,BXM10,Peak,155,182,0.851648
2025-01-01,Bronx,1,EXP,BXM11,Off-Peak,1564,1876,0.833689
2025-01-01,Bronx,1,EXP,BXM11,Peak,914,1245,0.734137
2025-01-01,Bronx,2,EXP,BXM11,Off-Peak,307,357,0.859944
2025-01-01,Bronx,2,EXP,BXM11,Peak,111,135,0.822222
2025-01-01,Bronx,1,EXP,BXM18,Off-Peak,132,149,0.885906
2025-01-01,Bronx,1,EXP,BXM18,Peak,508,598,0.849498
2025-01-01,Bronx,1,EXP,BXM2,Off-Peak,2122,2408,0.881229
2025-01-01,Bronx,1,EXP,BXM2,Peak,850,1132,0.750883
2025-01-01,Bronx,2,EXP,BXM2,Off-Peak,402,447,0.899329
2025-01-01,Bronx,2,EXP,BXM2,Peak,162,178,0.910112
2025-01-01,Bronx,1,EXP,BXM3,Off-Peak,1517,1757,0.863404
2025-01-01,Bronx,1,EXP,BXM3,Peak,772,993,0.777442
2025-01-01,Bronx,2,EXP,BXM3,Off-Peak,305,352,0.866477
2025-01-01,Bronx,2,EXP,BXM3,Peak,105,128,0.820313
2025-01-01,Bronx,1,EXP,BXM4,Off-Peak,974,1197,0.813701
2025-01-01,Bronx,1,EXP,BXM4,Peak,453,623,0.727127
2025-01-01,Bronx,2,EXP,BXM4,Off-Peak,259,286,0.905594
2025-01-01,Bronx,2,EXP,BXM4,Peak,86,110,0.781818
2025-01-01,Bronx,1,EXP,BXM6,Off-Peak,951,1029,0.924198
2025-01-01,Bronx,1,EXP,BXM6,Peak,605,732,0.826503
2025-01-01,Bronx,2,EXP,BXM6,Off-Peak,273,288,0.947917
2025-01-01,Bronx,2,EXP,BXM6,Peak,82,88,0.931818
2025-01-01,Bronx,1,EXP,BXM7,Off-Peak,5336,5810,0.918417
2025-01-01,Bronx,1,EXP,BXM7,Peak,2903,3524,0.82378
2025-01-01,Bronx,2,EXP,BXM7,Off-Peak,1096,1239,0.884584
2025-01-01,Bronx,2,EXP,BXM7,Peak,536,570,0.940351
2025-01-01,Bronx,1,EXP,BXM8,Off-Peak,2085,2260,0.922566
2025-01-01,Bronx,1,EXP,BXM8,Peak,1763,2226,0.792004
2025-01-01,Bronx,2,EXP,BXM8,Off-Peak,381,406,0.938424
2025-01-01,Bronx,2,EXP,BXM8,Peak,144,158,0.911392
2025-01-01,Bronx,1,EXP,BXM9,Off-Peak,2388,2572,0.92846
2025-01-01,Bronx,1,EXP,BXM9,Peak,1690,2147,0.787145
2025-01-01,Bronx,2,EXP,BXM9,Off-Peak,381,409,0.93154
2025-01-01,Bronx,2,EXP,BXM9,Peak,156,175,0.891429
2025-01-01,Brooklyn,1,LCL/LTD,B1,Off-Peak,13087,15777,0.829499
2025-01-01,Brooklyn,1,LCL/LTD,B1,Peak,5192,7164,0.724735
2025-01-01,Brooklyn,2,LCL/LTD,B1,Off-Peak,3338,4269,0.781916
2025-01-01,Brooklyn,2,LCL/LTD,B1,Peak,1246,1672,0.745215
2025-01-01,Brooklyn,1,LCL/LTD,B100,Off-Peak,3860,4774,0.808546
2025-01-01,Brooklyn,1,LCL/LTD,B100,Peak,2689,4016,0.669572
2025-01-01,Brooklyn,2,LCL/LTD,B100,Off-Peak,574,679,0.845361
2025-01-01,Brooklyn,2,LCL/LTD,B100,Peak,251,303,0.828383
2025-01-01,Brooklyn,1,LCL/LTD,B103,Off-Peak,6991,10074,0.693965
2025-01-01,Brooklyn,1,LCL/LTD,B103,Peak,3591,5721,0.627687
2025-01-01,Brooklyn,2,LCL/LTD,B103,Off-Peak,1675,2192,0.764142
2025-01-01,Brooklyn,2,LCL/LTD,B103,Peak,605,839,0.721097
2025-01-01,Brooklyn,1,LCL/LTD,B11,Off-Peak,8682,11473,0.756733
2025-01-01,Brooklyn,1,LCL/LTD,B11,Peak,4007,5797,0.69122
2025-01-01,Brooklyn,2,LCL/LTD,B11,Off-Peak,2229,2930,0.760751
2025-01-01,Brooklyn,2,LCL/LTD,B11,Peak,850,1147,0.741064
2025-01-01,Brooklyn,1,LCL/LTD,B12,Off-Peak,10458,13433,0.77853
2025-01-01,Brooklyn,1,LCL/LTD,B12,Peak,3907,6068,0.643869
2025-01-01,Brooklyn,2,LCL/LTD,B12,Off-Peak,2808,3502,0.801828
2025-01-01,Brooklyn,2,LCL/LTD,B12,Peak,1045,1356,0.770649
2025-01-01,Brooklyn,1,LCL/LTD,B13,Off-Peak,10205,12739,0.801083
2025-01-01,Brooklyn,1,LCL/LTD,B13,Peak,5195,7182,0.723336
2025-01-01,Brooklyn,2,LCL/LTD,B13,Off-Peak,2244,2734,0.820775
2025-01-01,Brooklyn,2,LCL/LTD,B13,Peak,811,1001,0.81019
2025-01-01,Brooklyn,1,LCL/LTD,B14,Off-Peak,6868,9398,0.730794
2025-01-01,Brooklyn,1,LCL/LTD,B14,Peak,3063,4729,0.647706
2025-01-01,Brooklyn,2,LCL/LTD,B14,Off-Peak,1642,2254,0.728483
2025-01-01,Brooklyn,2,LCL/LTD,B14,Peak,690,908,0.759912
2025-01-01,Brooklyn,1,LCL/LTD,B15,Off-Peak,16079,22047,0.729306
2025-01-01,Brooklyn,1,LCL/LTD,B15,Peak,4735,7373,0.642208
2025-01-01,Brooklyn,2,LCL/LTD,B15,Off-Peak,5051,6731,0.750409
2025-01-01,Brooklyn,2,LCL/LTD,B15,Peak,1677,2459,0.681985
2025-01-01,Brooklyn,1,LCL/LTD,B16,Off-Peak,7838,10500,0.746476
2025-01-01,Brooklyn,1,LCL/LTD,B16,Peak,4439,6755,0.657143
2025-01-01,Brooklyn,2,LCL/LTD,B16,Off-Peak,2128,2904,0.732782
2025-01-01,Brooklyn,2,LCL/LTD,B16,Peak,835,1254,0.665869
2025-01-01,Brooklyn,1,LCL/LTD,B17,Off-Peak,8826,11135,0.792636
2025-01-01,Brooklyn,1,LCL/LTD,B17,Peak,3669,5326,0.688885
2025-01-01,Brooklyn,2,LCL/LTD,B17,Off-Peak,2608,3160,0.825316
2025-01-01,Brooklyn,2,LCL/LTD,B17,Peak,970,1243,0.78037
2025-01-01,Brooklyn,1,LCL/LTD,B2,Off-Peak,2678,3011,0.889406
2025-01-01,Brooklyn,1,LCL/LTD,B2,Peak,1301,1672,0.77811
2025-01-01,Brooklyn,2,LCL/LTD,B2,Off-Peak,626,817,0.766218
2025-01-01,Brooklyn,2,LCL/LTD,B2,Peak,244,299,0.816054
2025-01-01,Brooklyn,1,LCL/LTD,B20,Off-Peak,13762,17038,0.807724
2025-01-01,Brooklyn,1,LCL/LTD,B20,Peak,5997,8701,0.689231
2025-01-01,Brooklyn,2,LCL/LTD,B20,Off-Peak,2988,3822,0.78179
2025-01-01,Brooklyn,2,LCL/LTD,B20,Peak,1107,1553,0.712814
2025-01-01,Brooklyn,1,LCL/LTD,B24,Off-Peak,2912,4059,0.717418
2025-01-01,Brooklyn,1,LCL/LTD,B24,Peak,1367,2019,0.677068
2025-01-01,Brooklyn,2,LCL/LTD,B24,Off-Peak,881,1112,0.792266
2025-01-01,Brooklyn,2,LCL/LTD,B24,Peak,351,429,0.818182
2025-01-01,Brooklyn,1,LCL/LTD,B25,Off-Peak,8828,12556,0.70309
2025-01-01,Brooklyn,1,LCL/LTD,B25,Peak,3433,5361,0.640366
2025-01-01,Brooklyn,2,LCL/LTD,B25,Off-Peak,2293,3211,0.714108
2025-01-01,Brooklyn,2,LCL/LTD,B25,Peak,875,1302,0.672043
2025-01-01,Brooklyn,1,LCL/LTD,B26,Off-Peak,10717,13480,0.79503
2025-01-01,Brooklyn,1,LCL/LTD,B26,Peak,4743,6681,0.709924
2025-01-01,Brooklyn,2,LCL/LTD,B26,Off-Peak,3268,3999,0.817204
2025-01-01,Brooklyn,2,LCL/LTD,B26,Peak,1192,1543,0.772521
2025-01-01,Brooklyn,1,LCL/LTD,B3,Off-Peak,16051,20757,0.773281
2025-01-01,Brooklyn,1,LCL/LTD,B3,Peak,6312,9494,0.664841
2025-01-01,Brooklyn,2,LCL/LTD,B3,Off-Peak,4385,5911,0.741837
2025-01-01,Brooklyn,2,LCL/LTD,B3,Peak,1840,2549,0.721852
2025-01-01,Brooklyn,1,LCL/LTD,B31,Off-Peak,2780,3064,0.907311
2025-01-01,Brooklyn,1,LCL/LTD,B31,Peak,1386,1809,0.766169
2025-01-01,Brooklyn,2,LCL/LTD,B31,Off-Peak,635,770,0.824675
2025-01-01,Brooklyn,2,LCL/LTD,B31,Peak,206,259,0.795367
2025-01-01,Brooklyn,1,LCL/LTD,B32,Off-Peak,905,1293,0.699923
2025-01-01,Brooklyn,1,LCL/LTD,B32,Peak,416,613,0.67863
2025-01-01,Brooklyn,2,LCL/LTD,B32,Off-Peak,302,390,0.774359
2025-01-01,Brooklyn,2,LCL/LTD,B32,Peak,148,187,0.791444
2025-01-01,Brooklyn,1,LCL/LTD,B35,Off-Peak,15356,20679,0.742589
2025-01-01,Brooklyn,1,LCL/LTD,B35,Peak,5567,8530,0.652638
2025-01-01,Brooklyn,2,LCL/LTD,B35,Off-Peak,5003,6419,0.779405
2025-01-01,Brooklyn,2,LCL/LTD,B35,Peak,1783,2329,0.765565
2025-01-01,Brooklyn,1,LCL/LTD,B36,Off-Peak,7699,9634,0.799149
2025-01-01,Brooklyn,1,LCL/LTD,B36,Peak,4096,5657,0.724059
2025-01-01,Brooklyn,2,LCL/LTD,B36,Off-Peak,1405,1903,0.738308
2025-01-01,Brooklyn,2,LCL/LTD,B36,Peak,538,736,0.730978
2025-01-01,Brooklyn,1,LCL/LTD,B37,Off-Peak,3876,4999,0.775355
2025-01-01,Brooklyn,1,LCL/LTD,B37,Peak,1462,2280,0.641228
2025-01-01,Brooklyn,2,LCL/LTD,B37,Off-Peak,868,1221,0.710893
2025-01-01,Brooklyn,2,LCL/LTD,B37,Peak,307,430,0.713953
2025-01-01,Brooklyn,1,LCL/LTD,B38,Off-Peak,21000,27119,0.774365
2025-01-01,Brooklyn,1,LCL/LTD,B38,Peak,9598,13585,0.706515
2025-01-01,Brooklyn,2,LCL/LTD,B38,Off-Peak,4291,5683,0.755059
2025-01-01,Brooklyn,2,LCL/LTD,B38,Peak,1615,2113,0.764316
2025-01-01,Brooklyn,1,LCL/LTD,B4,Off-Peak,7030,8782,0.800501
2025-01-01,Brooklyn,1,LCL/LTD,B4,Peak,3611,5139,0.702666
2025-01-01,Brooklyn,2,LCL/LTD,B4,Off-Peak,2055,2715,0.756906
2025-01-01,Brooklyn,2,LCL/LTD,B4,Peak,807,1100,0.733636
2025-01-01,Brooklyn,1,LCL/LTD,B41,Off-Peak,22539,30277,0.744426
2025-01-01,Brooklyn,1,LCL/LTD,B41,Peak,9600,14250,0.673684
2025-01-01,Brooklyn,2,LCL/LTD,B41,Off-Peak,5583,7724,0.722812
2025-01-01,Brooklyn,2,LCL/LTD,B41,Peak,2111,3099,0.681187
2025-01-01,Brooklyn,1,LCL/LTD,B43,Off-Peak,11631,15183,0.766054
2025-01-01,Brooklyn,1,LCL/LTD,B43,Peak,4823,7165,0.673133
2025-01-01,Brooklyn,2,LCL/LTD,B43,Off-Peak,2629,3600,0.730278
2025-01-01,Brooklyn,2,LCL/LTD,B43,Peak,967,1310,0.738168
2025-01-01,Brooklyn,1,LCL/LTD,B44,Off-Peak,15316,20263,0.75586
2025-01-01,Brooklyn,1,LCL/LTD,B44,Peak,5182,7688,0.674037
2025-01-01,Brooklyn,2,LCL/LTD,B44,Off-Peak,4445,5990,0.74207
2025-01-01,Brooklyn,2,LCL/LTD,B44,Peak,1623,2285,0.710284
2025-01-01,Brooklyn,1,SBS,B44+,Off-Peak,5252,6812,0.770992
2025-01-01,Brooklyn,1,SBS,B44+,Peak,2774,3823,0.725608
2025-01-01,Brooklyn,2,SBS,B44+,Off-Peak,1328,1710,0.776608
2025-01-01,Brooklyn,2,SBS,B44+,Peak,571,765,0.746405
2025-01-01,Brooklyn,1,LCL/LTD,B45,Off-Peak,6301,8854,0.711656
2025-01-01,Brooklyn,1,LCL/LTD,B45,Peak,2823,4448,0.634667
2025-01-01,Brooklyn,2,LCL/LTD,B45,Off-Peak,1429,2106,0.678538
2025-01-01,Brooklyn,2,LCL/LTD,B45,Peak,512,783,0.653895
2025-01-01,Brooklyn,1,LCL/LTD,B46,Off-Peak,21977,29271,0.750811
2025-01-01,Brooklyn,1,LCL/LTD,B46,Peak,7109,10871,0.653942
2025-01-01,Brooklyn,2,LCL/LTD,B46,Off-Peak,5749,8048,0.714339
2025-01-01,Brooklyn,2,LCL/LTD,B46,Peak,2209,3186,0.693346
2025-01-01,Brooklyn,1,SBS,B46+,Off-Peak,2858,3559,0.803035
2025-01-01,Brooklyn,1,SBS,B46+,Peak,1595,2169,0.735362
2025-01-01,Brooklyn,2,SBS,B46+,Off-Peak,614,820,0.74878
2025-01-01,Brooklyn,2,SBS,B46+,Peak,281,367,0.765668
2025-01-01,Brooklyn,1,LCL/LTD,B47,Off-Peak,14195,18916,0.750423
2025-01-01,Brooklyn,1,LCL/LTD,B47,Peak,5431,8881,0.61153
2025-01-01,Brooklyn,2,LCL/LTD,B47,Off-Peak,3990,5307,0.751837
2025-01-01,Brooklyn,2,LCL/LTD,B47,Peak,1218,1787,0.681589
2025-01-01,Brooklyn,1,LCL/LTD,B48,Off-Peak,8334,10753,0.77504
2025-01-01,Brooklyn,1,LCL/LTD,B48,Peak,2884,4523,0.63763
2025-01-01,Brooklyn,2,LCL/LTD,B48,Off-Peak,2396,3106,0.77141
2025-01-01,Brooklyn,2,LCL/LTD,B48,Peak,680,985,0.690355
2025-01-01,Brooklyn,1,LCL/LTD,B49,Off-Peak,14524,18981,0.765186
2025-01-01,Brooklyn,1,LCL/LTD,B49,Peak,5766,8576,0.672341
2025-01-01,Brooklyn,2,LCL/LTD,B49,Off-Peak,2987,4029,0.741375
2025-01-01,Brooklyn,2,LCL/LTD,B49,Peak,1175,1576,0.745558
2025-01-01,Brooklyn,1,LCL/LTD,B52,Off-Peak,12557,16098,0.780035
2025-01-01,Brooklyn,1,LCL/LTD,B52,Peak,4970,7445,0.667562
2025-01-01,Brooklyn,2,LCL/LTD,B52,Off-Peak,3099,4124,0.751455
2025-01-01,Brooklyn,2,LCL/LTD,B52,Peak,1170,1589,0.736312
2025-01-01,Brooklyn,1,LCL/LTD,B54,Off-Peak,6025,7527,0.800452
2025-01-01,Brooklyn,1,LCL/LTD,B54,Peak,2461,3643,0.675542
2025-01-01,Brooklyn,2,LCL/LTD,B54,Off-Peak,1477,1971,0.749366
2025-01-01,Brooklyn,2,LCL/LTD,B54,Peak,534,693,0.770563
2025-01-01,Brooklyn,1,LCL/LTD,B57,Off-Peak,8126,11140,0.729443
2025-01-01,Brooklyn,1,LCL/LTD,B57,Peak,3310,5304,0.624057
2025-01-01,Brooklyn,2,LCL/LTD,B57,Off-Peak,2404,3158,0.761241
2025-01-01,Brooklyn,2,LCL/LTD,B57,Peak,848,1156,0.733564
2025-01-01,Brooklyn,1,LCL/LTD,B6,Off-Peak,33679,44650,0.754289
2025-01-01,Brooklyn,1,LCL/LTD,B6,Peak,12229,18597,0.657579
2025-01-01,Brooklyn,2,LCL/LTD,B6,Off-Peak,7092,9721,0.729555
2025-01-01,Brooklyn,2,LCL/LTD,B6,Peak,2732,3853,0.709058
2025-01-01,Brooklyn,1,LCL/LTD,B60,Off-Peak,10859,14895,0.729037
2025-01-01,Brooklyn,1,LCL/LTD,B60,Peak,4735,7520,0.629654
2025-01-01,Brooklyn,2,LCL/LTD,B60,Off-Peak,2357,3139,0.750876
2025-01-01,Brooklyn,2,LCL/LTD,B60,Peak,752,1075,0.699535
2025-01-01,Brooklyn,1,LCL/LTD,B61,Off-Peak,9916,12457,0.796018
2025-01-01,Brooklyn,1,LCL/LTD,B61,Peak,4330,5940,0.728956
2025-01-01,Brooklyn,2,LCL/LTD,B61,Off-Peak,3164,3751,0.843508
2025-01-01,Brooklyn,2,LCL/LTD,B61,Peak,1092,1363,0.801174
2025-01-01,Brooklyn,1,LCL/LTD,B62,Off-Peak,7665,10634,0.720801
2025-01-01,Brooklyn,1,LCL/LTD,B62,Peak,3005,4766,0.630508
2025-01-01,Brooklyn,2,LCL/LTD,B62,Off-Peak,2200,2973,0.739993
2025-01-01,Brooklyn,2,LCL/LTD,B62,Peak,740,1056,0.700758
2025-01-01,Brooklyn,1,LCL/LTD,B63,Off-Peak,11321,13908,0.813992
2025-01-01,Brooklyn,1,LCL/LTD,B63,Peak,4672,6597,0.708201
2025-01-01,Brooklyn,2,LCL/LTD,B63,Off-Peak,3301,4343,0.760074
2025-01-01,Brooklyn,2,LCL/LTD,B63,Peak,1182,1620,0.72963
2025-01-01,Brooklyn,1,LCL/LTD,B64,Off-Peak,6815,8377,0.813537
2025-01-01,Brooklyn,1,LCL/LTD,B64,Peak,2874,4308,0.667131
2025-01-01,Brooklyn,2,LCL/LTD,B64,Off-Peak,2203,2982,0.738766
2025-01-01,Brooklyn,2,LCL/LTD,B64,Peak,857,1181,0.725656
2025-01-01,Brooklyn,1,LCL/LTD,B65,Off-Peak,6409,9077,0.70607
2025-01-01,Brooklyn,1,LCL/LTD,B65,Peak,2518,4040,0.623267
2025-01-01,Brooklyn,2,LCL/LTD,B65,Off-Peak,2313,3570,0.647899
2025-01-01,Brooklyn,2,LCL/LTD,B65,Peak,921,1305,0.705747
2025-01-01,Brooklyn,1,LCL/LTD,B67,Off-Peak,8230,10194,0.807338
2025-01-01,Brooklyn,1,LCL/LTD,B67,Peak,4438,6391,0.694414
2025-01-01,Brooklyn,2,LCL/LTD,B67,Off-Peak,1617,1942,0.832647
2025-01-01,Brooklyn,2,LCL/LTD,B67,Peak,519,699,0.742489
2025-01-01,Brooklyn,1,LCL/LTD,B68,Off-Peak,11804,15637,0.754876
2025-01-01,Brooklyn,1,LCL/LTD,B68,Peak,4815,7163,0.672204
2025-01-01,Brooklyn,2,LCL/LTD,B68,Off-Peak,3990,4889,0.816118
2025-01-01,Brooklyn,2,LCL/LTD,B68,Peak,1453,1876,0.77452
2025-01-01,Brooklyn,1,LCL/LTD,B69,Off-Peak,5713,6913,0.826414
2025-01-01,Brooklyn,1,LCL/LTD,B69,Peak,3737,5116,0.730453
2025-01-01,Brooklyn,2,LCL/LTD,B69,Off-Peak,1156,1512,0.76455
2025-01-01,Brooklyn,2,LCL/LTD,B69,Peak,574,710,0.808451
2025-01-01,Brooklyn,1,LCL/LTD,B7,Off-Peak,7222,9541,0.756944
2025-01-01,Brooklyn,1,LCL/LTD,B7,Peak,4063,5792,0.701485
2025-01-01,Brooklyn,2,LCL/LTD,B7,Off-Peak,1403,1912,0.733787
2025-01-01,Brooklyn,2,LCL/LTD,B7,Peak,641,894,0.717002
2025-01-01,Brooklyn,1,LCL/LTD,B70,Off-Peak,6849,8778,0.780246
2025-01-01,Brooklyn,1,LCL/LTD,B70,Peak,3548,4962,0.715034
2025-01-01,Brooklyn,2,LCL/LTD,B70,Off-Peak,2100,2754,0.762527
2025-01-01,Brooklyn,2,LCL/LTD,B70,Peak,830,1121,0.74041
2025-01-01,Brooklyn,1,LCL/LTD,B74,Off-Peak,917,1146,0.800175
2025-01-01,Brooklyn,1,LCL/LTD,B74,Peak,477,672,0.709821
2025-01-01,Brooklyn,2,LCL/LTD,B74,Off-Peak,246,347,0.708934
2025-01-01,Brooklyn,2,LCL/LTD,B74,Peak,82,144,0.569444
2025-01-01,Brooklyn,1,LCL/LTD,B8,Off-Peak,11469,14793,0.775299
2025-01-01,Brooklyn,1,LCL/LTD,B8,Peak,5633,8221,0.685196
2025-01-01,Brooklyn,2,LCL/LTD,B8,Off-Peak,3356,4434,0.756879
2025-01-01,Brooklyn,2,LCL/LTD,B8,Peak,1302,1801,0.722932
2025-01-01,Brooklyn,1,LCL/LTD,B82,Off-Peak,14997,19625,0.764178
2025-01-01,Brooklyn,1,LCL/LTD,B82,Peak,4969,7525,0.660332
2025-01-01,Brooklyn,2,LCL/LTD,B82,Off-Peak,4527,6133,0.738138
2025-01-01,Brooklyn,2,LCL/LTD,B82,Peak,1819,2626,0.692688
2025-01-01,Brooklyn,1,SBS,B82+,Off-Peak,984,1241,0.792909
2025-01-01,Brooklyn,1,SBS,B82+,Peak,495,734,0.674387
2025-01-01,Brooklyn,1,LCL/LTD,B83,Off-Peak,9289,12397,0.749294
2025-01-01,Brooklyn,1,LCL/LTD,B83,Peak,3903,5729,0.681271
2025-01-01,Brooklyn,2,LCL/LTD,B83,Off-Peak,2014,2824,0.713173
2025-01-01,Brooklyn,2,LCL/LTD,B83,Peak,793,1183,0.67033
2025-01-01,Brooklyn,1,LCL/LTD,B84,Off-Peak,560,687,0.815138
2025-01-01,Brooklyn,1,LCL/LTD,B84,Peak,306,391,0.782609
2025-01-01,Brooklyn,2,LCL/LTD,B84,Off-Peak,114,131,0.870229
2025-01-01,Brooklyn,2,LCL/LTD,B84,Peak,41,50,0.82
2025-01-01,Brooklyn,1,LCL/LTD,B9,Off-Peak,14431,18397,0.784421
2025-01-01,Brooklyn,1,LCL/LTD,B9,Peak,6763,9430,0.717179
2025-01-01,Brooklyn,2,LCL/LTD,B9,Off-Peak,3947,5171,0.763295
2025-01-01,Brooklyn,2,LCL/LTD,B9,Peak,1384,1883,0.734997
2025-01-01,Brooklyn,1,EXP,BM1,Off-Peak,1065,1449,0.73499
2025-01-01,Brooklyn,1,EXP,BM1,Peak,947,1434,0.660391
2025-01-01,Brooklyn,2,EXP,BM1,Off-Peak,111,136,0.816176
2025-01-01,Brooklyn,2,EXP,BM1,Peak,24,48,0.5
2025-01-01,Brooklyn,1,EXP,BM2,Off-Peak,1331,1644,0.809611
2025-01-01,Brooklyn,1,EXP,BM2,Peak,765,1197,0.639098
2025-01-01,Brooklyn,2,EXP,BM2,Off-Peak,142,167,0.850299
2025-01-01,Brooklyn,2,EXP,BM2,Peak,50,52,0.961538
2025-01-01,Brooklyn,1,EXP,BM3,Off-Peak,1136,1527,0.743942
2025-01-01,Brooklyn,1,EXP,BM3,Peak,752,1252,0.600639
2025-01-01,Brooklyn,2,EXP,BM3,Off-Peak,123,172,0.715116
2025-01-01,Brooklyn,2,EXP,BM3,Peak,44,55,0.8
2025-01-01,Brooklyn,1,EXP,BM4,Off-Peak,674,942,0.715499
2025-01-01,Brooklyn,1,EXP,BM4,Peak,703,1171,0.600342
2025-01-01,Brooklyn,2,EXP,BM4,Off-Peak,123,145,0.848276
2025-01-01,Brooklyn,2,EXP,BM4,Peak,30,38,0.789474
2025-01-01,Brooklyn,1,EXP,BM5,Off-Peak,456,590,0.772881
2025-01-01,Brooklyn,1,EXP,BM5,Peak,380,589,0.645161
2025-01-01,Brooklyn,2,EXP,BM5,Off-Peak,48,54,0.888889
2025-01-01,Brooklyn,2,EXP,BM5,Peak,15,21,0.714286
2025-01-01,Brooklyn,1,EXP,X27,Off-Peak,2317,2617,0.885365
2025-01-01,Brooklyn,1,EXP,X27,Peak,1003,1333,0.752438
2025-01-01,Brooklyn,2,EXP,X27,Off-Peak,594,687,0.864629
2025-01-01,Brooklyn,2,EXP,X27,Peak,265,322,0.822981
2025-01-01,Brooklyn,1,EXP,X28,Off-Peak,2395,2759,0.868068
2025-01-01,Brooklyn,1,EXP,X28,Peak,1266,1749,0.723842
2025-01-01,Brooklyn,2,EXP,X28,Off-Peak,555,679,0.817378
2025-01-01,Brooklyn,2,EXP,X28,Peak,321,403,0.796526
2025-01-01,Brooklyn,1,EXP,X37,Off-Peak,119,149,0.798658
2025-01-01,Brooklyn,1,EXP,X37,Peak,927,1227,0.755501
2025-01-01,Brooklyn,1,EXP,X38,Off-Peak,199,230,0.865217
2025-01-01,Brooklyn,1,EXP,X38,Peak,994,1369,0.726077
2025-01-01,Manhattan,1,LCL/LTD,M1,Off-Peak,9013,11223,0.803083
2025-01-01,Manhattan,1,LCL/LTD,M1,Peak,4749,6550,0.725038
2025-01-01,Manhattan,2,LCL/LTD,M1,Off-Peak,2049,2912,0.70364
2025-01-01,Manhattan,2,LCL/LTD,M1,Peak,885,1249,0.708567
2025-01-01,Manhattan,1,LCL/LTD,M10,Off-Peak,7230,8004,0.903298
2025-01-01,Manhattan,1,LCL/LTD,M10,Peak,3386,4236,0.799339
2025-01-01,Manhattan,2,LCL/LTD,M10,Off-Peak,2147,2750,0.780727
2025-01-01,Manhattan,2,LCL/LTD,M10,Peak,903,1132,0.797703
2025-01-01,Manhattan,1,LCL/LTD,M100,Off-Peak,9534,11567,0.824241
2025-01-01,Manhattan,1,LCL/LTD,M100,Peak,4199,5495,0.764149
2025-01-01,Manhattan,2,LCL/LTD,M100,Off-Peak,2282,2794,0.81675
2025-01-01,Manhattan,2,LCL/LTD,M100,Peak,941,1110,0.847748
2025-01-01,Manhattan,1,LCL/LTD,M101,Off-Peak,25229,30147,0.836866
2025-01-01,Manhattan,1,LCL/LTD,M101,Peak,8431,11386,0.740471
2025-01-01,Manhattan,2,LCL/LTD,M101,Off-Peak,5395,6998,0.770935
2025-01-01,Manhattan,2,LCL/LTD,M101,Peak,1852,2432,0.761513
2025-01-01,Manhattan,1,LCL/LTD,M102,Off-Peak,12993,15896,0.817375
2025-01-01,Manhattan,1,LCL/LTD,M102,Peak,4537,6226,0.728718
2025-01-01,Manhattan,2,LCL/LTD,M102,Off-Peak,3060,3910,0.782609
2025-01-01,Manhattan,2,LCL/LTD,M102,Peak,1131,1459,0.775188
2025-01-01,Manhattan,1,LCL/LTD,M103,Off-Peak,12768,15609,0.81799
2025-01-01,Manhattan,1,LCL/LTD,M103,Peak,4354,5908,0.736967
2025-01-01,Manhattan,2,LCL/LTD,M103,Off-Peak,3271,4081,0.801519
2025-01-01,Manhattan,2,LCL/LTD,M103,Peak,1234,1600,0.77125
2025-01-01,Manhattan,1,LCL/LTD,M104,Off-Peak,8730,10369,0.841933
2025-01-01,Manhattan,1,LCL/LTD,M104,Peak,3217,4252,0.756585
2025-01-01,Manhattan,2,LCL/LTD,M104,Off-Peak,4231,5232,0.808677
2025-01-01,Manhattan,2,LCL/LTD,M104,Peak,1503,1883,0.798194
2025-01-01,Manhattan,1,LCL/LTD,M106,Off-Peak,3100,3696,0.838745
2025-01-01,Manhattan,1,LCL/LTD,M106,Peak,2392,3034,0.788398
2025-01-01,Manhattan,2,LCL/LTD,M106,Off-Peak,689,754,0.913793
2025-01-01,Manhattan,2,LCL/LTD,M106,Peak,273,304,0.898026
2025-01-01,Manhattan,1,LCL/LTD,M11,Off-Peak,18961,22810,0.831258
2025-01-01,Manhattan,1,LCL/LTD,M11,Peak,7461,10272,0.726343
2025-01-01,Manhattan,2,LCL/LTD,M11,Off-Peak,3947,5542,0.712198
2025-01-01,Manhattan,2,LCL/LTD,M11,Peak,1761,2461,0.715563
2025-01-01,Manhattan,1,LCL/LTD,M116,Off-Peak,14024,15677,0.894559
2025-01-01,Manhattan,1,LCL/LTD,M116,Peak,7099,8583,0.8271
2025-01-01,Manhattan,2,LCL/LTD,M116,Off-Peak,3041,3663,0.830194
2025-01-01,Manhattan,2,LCL/LTD,M116,Peak,1166,1433,0.813678
2025-01-01,Manhattan,1,LCL/LTD,M12,Off-Peak,2382,2593,0.918627
2025-01-01,Manhattan,1,LCL/LTD,M12,Peak,1029,1234,0.833874
2025-01-01,Manhattan,2,LCL/LTD,M12,Off-Peak,732,823,0.889429
2025-01-01,Manhattan,2,LCL/LTD,M12,Peak,336,395,0.850633
2025-01-01,Manhattan,1,LCL/LTD,M125,Off-Peak,14569,17649,0.825486
2025-01-01,Manhattan,1,LCL/LTD,M125,Peak,4836,6954,0.695427
2025-01-01,Manhattan,2,LCL/LTD,M125,Off-Peak,4381,5158,0.84936
2025-01-01,Manhattan,2,LCL/LTD,M125,Peak,1511,1799,0.839911
2025-01-01,Manhattan,1,SBS,M14A+,Off-Peak,4016,4446,0.903284
2025-01-01,Manhattan,1,SBS,M14A+,Peak,1505,1885,0.798408
2025-01-01,Manhattan,2,SBS,M14A+,Off-Peak,970,1074,0.903166
2025-01-01,Manhattan,2,SBS,M14A+,Peak,380,421,0.902613
2025-01-01,Manhattan,1,SBS,M14D+,Off-Peak,9562,10407,0.918805
2025-01-01,Manhattan,1,SBS,M14D+,Peak,4264,5054,0.843688
2025-01-01,Manhattan,2,SBS,M14D+,Off-Peak,2205,2436,0.905172
2025-01-01,Manhattan,2,SBS,M14D+,Peak,817,912,0.895833
2025-01-01,Manhattan,1,LCL/LTD,M15,Off-Peak,27302,32629,0.83674
2025-01-01,Manhattan,1,LCL/LTD,M15,Peak,8283,11320,0.731714
2025-01-01,Manhattan,2,LCL/LTD,M15,Off-Peak,7281,8808,0.826635
2025-01-01,Manhattan,2,LCL/LTD,M15,Peak,2447,3044,0.803876
2025-01-01,Manhattan,1,SBS,M15+,Off-Peak,8544,10730,0.796272
2025-01-01,Manhattan,1,SBS,M15+,Peak,4867,6358,0.765492
2025-01-01,Manhattan,2,SBS,M15+,Off-Peak,2264,2818,0.803407
2025-01-01,Manhattan,2,SBS,M15+,Peak,837,1074,0.77933
2025-01-01,Manhattan,1,LCL/LTD,M2,Off-Peak,9632,11677,0.824869
2025-01-01,Manhattan,1,LCL/LTD,M2,Peak,3923,5315,0.7381
2025-01-01,Manhattan,2,LCL/LTD,M2,Off-Peak,2401,3108,0.772523
2025-01-01,Manhattan,2,LCL/LTD,M2,Peak,912,1217,0.749384
2025-01-01,Manhattan,1,LCL/LTD,M20,Off-Peak,5201,6352,0.818797
2025-01-01,Manhattan,1,LCL/LTD,M20,Peak,2203,3023,0.728746
2025-01-01,Manhattan,2,LCL/LTD,M20,Off-Peak,2237,2722,0.821822
2025-01-01,Manhattan,2,LCL/LTD,M20,Peak,716,942,0.760085
2025-01-01,Manhattan,1,LCL/LTD,M21,Off-Peak,3934,4388,0.896536
2025-01-01,Manhattan,1,LCL/LTD,M21,Peak,2284,2835,0.805644
2025-01-01,Manhattan,2,LCL/LTD,M21,Off-Peak,1097,1184,0.92652
2025-01-01,Manhattan,2,LCL/LTD,M21,Peak,431,486,0.886831
2025-01-01,Manhattan,1,LCL/LTD,M22,Off-Peak,3721,4224,0.880919
2025-01-01,Manhattan,1,LCL/LTD,M22,Peak,1867,2369,0.788096
2025-01-01,Manhattan,2,LCL/LTD,M22,Off-Peak,864,1011,0.854599
2025-01-01,Manhattan,2,LCL/LTD,M22,Peak,399,462,0.863636
2025-01-01,Manhattan,1,SBS,M23+,Off-Peak,2951,3357,0.879059
2025-01-01,Manhattan,1,SBS,M23+,Peak,1238,1536,0.80599
2025-01-01,Manhattan,2,SBS,M23+,Off-Peak,716,797,0.898369
2025-01-01,Manhattan,2,SBS,M23+,Peak,274,295,0.928814
2025-01-01,Manhattan,1,LCL/LTD,M3,Off-Peak,12256,14524,0.843845
2025-01-01,Manhattan,1,LCL/LTD,M3,Peak,5072,6656,0.762019
2025-01-01,Manhattan,2,LCL/LTD,M3,Off-Peak,2866,4062,0.705564
2025-01-01,Manhattan,2,LCL/LTD,M3,Peak,1200,1734,0.692042
2025-01-01,Manhattan,1,LCL/LTD,M31,Off-Peak,7815,9492,0.823325
2025-01-01,Manhattan,1,LCL/LTD,M31,Peak,3605,5057,0.712873
2025-01-01,Manhattan,2,LCL/LTD,M31,Off-Peak,2529,2881,0.87782
2025-01-01,Manhattan,2,LCL/LTD,M31,Peak,957,1111,0.861386
2025-01-01,Manhattan,1,SBS,M34+,Off-Peak,3314,3684,0.899566
2025-01-01,Manhattan,1,SBS,M34+,Peak,1321,1717,0.769365
2025-01-01,Manhattan,2,SBS,M34+,Off-Peak,708,766,0.924282
2025-01-01,Manhattan,2,SBS,M34+,Peak,307,330,0.930303
2025-01-01,Manhattan,1,SBS,M34A+,Off-Peak,3315,3867,0.857254
2025-01-01,Manhattan,1,SBS,M34A+,Peak,1537,1953,0.786994
2025-01-01,Manhattan,2,SBS,M34A+,Off-Peak,787,883,0.89128
2025-01-01,Manhattan,2,SBS,M34A+,Peak,286,331,0.864048
2025-01-01,Manhattan,1,LCL/LTD,M4,Off-Peak,20187,24518,0.823354
2025-01-01,Manhattan,1,LCL/LTD,M4,Peak,8981,12142,0.739664
2025-01-01,Manhattan,2,LCL/LTD,M4,Off-Peak,4045,5404,0.74852
2025-01-01,Manhattan,2,LCL/LTD,M4,Peak,1831,2404,0.761647
2025-01-01,Manhattan,1,LCL/LTD,M42,Off-Peak,9879,10713,0.922151
2025-01-01,Manhattan,1,LCL/LTD,M42,Peak,4695,5781,0.812143
2025-01-01,Manhattan,2,LCL/LTD,M42,Off-Peak,1663,1954,0.851075
2025-01-01,Manhattan,2,LCL/LTD,M42,Peak,691,795,0.869182
2025-01-01,Manhattan,1,LCL/LTD,M5,Off-Peak,10807,13742,0.786421
2025-01-01,Manhattan,1,LCL/LTD,M5,Peak,4224,5930,0.71231
2025-01-01,Manhattan,2,LCL/LTD,M5,Off-Peak,2771,3695,0.749932
2025-01-01,Manhattan,2,LCL/LTD,M5,Peak,1183,1565,0.755911
2025-01-01,Manhattan,1,LCL/LTD,M50,Off-Peak,4734,5248,0.902058
2025-01-01,Manhattan,1,LCL/LTD,M50,Peak,2114,2711,0.779786
2025-01-01,Manhattan,2,LCL/LTD,M50,Off-Peak,699,912,0.766447
2025-01-01,Manhattan,2,LCL/LTD,M50,Peak,264,358,0.73743
2025-01-01,Manhattan,1,LCL/LTD,M55,Off-Peak,5561,6800,0.817794
2025-01-01,Manhattan,1,LCL/LTD,M55,Peak,2124,2864,0.74162
2025-01-01,Manhattan,2,LCL/LTD,M55,Off-Peak,2081,2496,0.833734
2025-01-01,Manhattan,2,LCL/LTD,M55,Peak,868,1080,0.803704
2025-01-01,Manhattan,1,LCL/LTD,M57,Off-Peak,6937,7671,0.904315
2025-01-01,Manhattan,1,LCL/LTD,M57,Peak,3634,4467,0.813521
2025-01-01,Manhattan,2,LCL/LTD,M57,Off-Peak,1847,2043,0.904063
2025-01-01,Manhattan,2,LCL/LTD,M57,Peak,781,898,0.86971
2025-01-01,Manhattan,1,SBS,M60+,Off-Peak,2917,3575,0.815944
2025-01-01,Manhattan,1,SBS,M60+,Peak,951,1356,0.701327
2025-01-01,Manhattan,2,SBS,M60+,Off-Peak,922,1168,0.789384
2025-01-01,Manhattan,2,SBS,M60+,Peak,302,381,0.792651
2025-01-01,Manhattan,1,LCL/LTD,M66,Off-Peak,6621,7456,0.88801
2025-01-01,Manhattan,1,LCL/LTD,M66,Peak,4282,5277,0.811446
2025-01-01,Manhattan,2,LCL/LTD,M66,Off-Peak,1241,1456,0.852335
2025-01-01,Manhattan,2,LCL/LTD,M66,Peak,490,588,0.833333
2025-01-01,Manhattan,1,LCL/LTD,M7,Off-Peak,11242,14307,0.785769
2025-01-01,Manhattan,1,LCL/LTD,M7,Peak,3704,5345,0.692984
2025-01-01,Manhattan,2,LCL/LTD,M7,Off-Peak,3224,4556,0.707638
2025-01-01,Manhattan,2,LCL/LTD,M7,Peak,1144,1680,0.680952
2025-01-01,Manhattan,1,LCL/LTD,M72,Off-Peak,7598,8412,0.903233
2025-01-01,Manhattan,1,LCL/LTD,M72,Peak,2929,3842,0.762363
2025-01-01,Manhattan,2,LCL/LTD,M72,Off-Peak,1573,1779,0.884205
2025-01-01,Manhattan,2,LCL/LTD,M72,Peak,661,755,0.875497
2025-01-01,Manhattan,1,SBS,M79+,Off-Peak,6579,7710,0.853307
2025-01-01,Manhattan,1,SBS,M79+,Peak,3310,4250,0.778824
2025-01-01,Manhattan,2,SBS,M79+,Off-Peak,1533,1837,0.834513
2025-01-01,Manhattan,2,SBS,M79+,Peak,563,702,0.801994
2025-01-01,Manhattan,1,LCL/LTD,M8,Off-Peak,3752,4294,0.873777
2025-01-01,Manhattan,1,LCL/LTD,M8,Peak,2353,2896,0.8125
2025-01-01,Manhattan,2,LCL/LTD,M8,Off-Peak,886,1002,0.884232
2025-01-01,Manhattan,2,LCL/LTD,M8,Peak,332,398,0.834171
2025-01-01,Manhattan,1,SBS,M86+,Off-Peak,4129,4762,0.867073
2025-01-01,Manhattan,1,SBS,M86+,Peak,2221,2746,0.808813
2025-01-01,Manhattan,2,SBS,M86+,Off-Peak,1131,1236,0.915049
2025-01-01,Manhattan,2,SBS,M86+,Peak,406,441,0.920635
2025-01-01,Manhattan,1,LCL/LTD,M9,Off-Peak,7337,8690,0.844304
2025-01-01,Manhattan,1,LCL/LTD,M9,Peak,3917,5166,0.758227
2025-01-01,Manhattan,2,LCL/LTD,M9,Off-Peak,1589,1981,0.80212
2025-01-01,Manhattan,2,LCL/LTD,M9,Peak,517,694,0.744957
2025-01-01,Manhattan,1,LCL/LTD,M96,Off-Peak,14674,16993,0.863532
2025-01-01,Manhattan,1,LCL/LTD,M96,Peak,7899,9707,0.813743
2025-01-01,Manhattan,2,LCL/LTD,M96,Off-Peak,3240,3616,0.896018
2025-01-01,Manhattan,2,LCL/LTD,M96,Peak,1212,1359,0.891832
2025-01-01,Manhattan,1,LCL/LTD,M98,Off-Peak,227,253,0.897233
2025-01-01,Manhattan,1,LCL/LTD,M98,Peak,479,633,0.756714
2025-01-01,Queens,1,LCL/LTD,Q1,Off-Peak,10328,11278,0.915765
2025-01-01,Queens,1,LCL/LTD,Q1,Peak,4262,5316,0.801731
2025-01-01,Queens,2,LCL/LTD,Q1,Off-Peak,2643,2950,0.895932
2025-01-01,Queens,2,LCL/LTD,Q1,Peak,994,1095,0.907763
2025-01-01,Queens,1,LCL/LTD,Q10,Off-Peak,15355,17985,0.853767
2025-01-01,Queens,1,LCL/LTD,Q10,Peak,5943,8208,0.72405
2025-01-01,Queens,2,LCL/LTD,Q10,Off-Peak,4342,5009,0.86684
2025-01-01,Queens,2,LCL/LTD,Q10,Peak,1651,1901,0.86849
2025-01-01,Queens,1,LCL/LTD,Q100,Off-Peak,3740,4237,0.8827
2025-01-01,Queens,1,LCL/LTD,Q100,Peak,1389,1832,0.758188
2025-01-01,Queens,2,LCL/LTD,Q100,Off-Peak,1029,1283,0.802027
2025-01-01,Queens,2,LCL/LTD,Q100,Peak,401,484,0.828512
2025-01-01,Queens,1,LCL/LTD,Q101,Off-Peak,4277,4867,0.878775
2025-01-01,Queens,1,LCL/LTD,Q101,Peak,1836,2522,0.727994
2025-01-01,Queens,2,LCL/LTD,Q101,Off-Peak,910,1069,0.851263
2025-01-01,Queens,2,LCL/LTD,Q101,Peak,275,330,0.833333
2025-01-01,Queens,1,LCL/LTD,Q102,Off-Peak,2428,2873,0.84511
2025-01-01,Queens,1,LCL/LTD,Q102,Peak,1024,1421,0.720619
2025-01-01,Queens,2,LCL/LTD,Q102,Off-Peak,676,832,0.8125
2025-01-01,Queens,2,LCL/LTD,Q102,Peak,263,319,0.824451
2025-01-01,Queens,1,LCL/LTD,Q103,Off-Peak,682,816,0.835784
2025-01-01,Queens,1,LCL/LTD,Q103,Peak,490,617,0.794165
2025-01-01,Queens,2,LCL/LTD,Q103,Off-Peak,144,172,0.837209
2025-01-01,Queens,2,LCL/LTD,Q103,Peak,59,80,0.7375
2025-01-01,Queens,1,LCL/LTD,Q104,Off-Peak,889,981,0.906218
2025-01-01,Queens,1,LCL/LTD,Q104,Peak,462,566,0.816254
2025-01-01,Queens,2,LCL/LTD,Q104,Off-Peak,199,206,0.966019
2025-01-01,Queens,2,LCL/LTD,Q104,Peak,86,100,0.86
2025-01-01,Queens,1,LCL/LTD,Q109,Off-Peak,698,979,0.712972
2025-01-01,Queens,1,LCL/LTD,Q109,Peak,202,324,0.623457
2025-01-01,Queens,2,LCL/LTD,Q109,Off-Peak,163,254,0.641732
2025-01-01,Queens,2,LCL/LTD,Q109,Peak,53,73,0.726027
2025-01-01,Queens,1,LCL/LTD,Q11,Off-Peak,5007,6180,0.810194
2025-01-01,Queens,1,LCL/LTD,Q11,Peak,2879,4082,0.705292
2025-01-01,Queens,2,LCL/LTD,Q11,Off-Peak,1056,1278,0.826291
2025-01-01,Queens,2,LCL/LTD,Q11,Peak,373,487,0.765914
2025-01-01,Queens,1,LCL/LTD,Q110,Off-Peak,11069,13105,0.844639
2025-01-01,Queens,1,LCL/LTD,Q110,Peak,4843,6880,0.703924
2025-01-01,Queens,2,LCL/LTD,Q110,Off-Peak,2548,2945,0.865195
2025-01-01,Queens,2,LCL/LTD,Q110,Peak,870,1041,0.835735
2025-01-01,Queens,1,LCL/LTD,Q111,Off-Peak,14331,16391,0.874321
2025-01-01,Queens,1,LCL/LTD,Q111,Peak,6413,8146,0.787258
2025-01-01,Queens,2,LCL/LTD,Q111,Off-Peak,4188,4659,0.898905
2025-01-01,Queens,2,LCL/LTD,Q111,Peak,1555,1833,0.848336
2025-01-01,Queens,1,LCL/LTD,Q112,Off-Peak,7075,8119,0.871413
2025-01-01,Queens,1,LCL/LTD,Q112,Peak,4287,5696,0.752633
2025-01-01,Queens,2,LCL/LTD,Q112,Off-Peak,1501,1825,0.822466
2025-01-01,Queens,2,LCL/LTD,Q112,Peak,655,815,0.803681
2025-01-01,Queens,1,LCL/LTD,Q113,Off-Peak,4941,5645,0.875288
2025-01-01,Queens,1,LCL/LTD,Q113,Peak,2913,3814,0.763765
2025-01-01,Queens,2,LCL/LTD,Q113,Off-Peak,1132,1250,0.9056
2025-01-01,Queens,2,LCL/LTD,Q113,Peak,435,528,0.823864
2025-01-01,Queens,1,LCL/LTD,Q114,Off-Peak,8836,10281,0.859449
2025-01-01,Queens,1,LCL/LTD,Q114,Peak,2912,3926,0.741722
2025-01-01,Queens,2,LCL/LTD,Q114,Off-Peak,2720,3129,0.869287
2025-01-01,Queens,2,LCL/LTD,Q114,Peak,748,871,0.858783
2025-01-01,Queens,1,LCL/LTD,Q12,Off-Peak,10869,12565,0.865022
2025-01-01,Queens,1,LCL/LTD,Q12,Peak,3836,4955,0.774168
2025-01-01,Queens,2,LCL/LTD,Q12,Off-Peak,3131,3924,0.79791
2025-01-01,Queens,2,LCL/LTD,Q12,Peak,1076,1420,0.757746
2025-01-01,Queens,1,LCL/LTD,Q13,Off-Peak,5670,7217,0.785645
2025-01-01,Queens,1,LCL/LTD,Q13,Peak,2533,3625,0.698759
2025-01-01,Queens,2,LCL/LTD,Q13,Off-Peak,1530,1896,0.806962
2025-01-01,Queens,2,LCL/LTD,Q13,Peak,610,750,0.813333
2025-01-01,Queens,1,LCL/LTD,Q15,Off-Peak,3273,3673,0.891097
2025-01-01,Queens,1,LCL/LTD,Q15,Peak,1698,2226,0.762803
2025-01-01,Queens,2,LCL/LTD,Q15,Off-Peak,615,745,0.825503
2025-01-01,Queens,2,LCL/LTD,Q15,Peak,274,352,0.778409
2025-01-01,Queens,1,LCL/LTD,Q15A,Off-Peak,4258,4733,0.899641
2025-01-01,Queens,1,LCL/LTD,Q15A,Peak,2212,2850,0.77614
2025-01-01,Queens,2,LCL/LTD,Q15A,Off-Peak,833,961,0.866805
2025-01-01,Queens,2,LCL/LTD,Q15A,Peak,344,421,0.817102
2025-01-01,Queens,1,LCL/LTD,Q16,Off-Peak,5636,6158,0.915232
2025-01-01,Queens,1,LCL/LTD,Q16,Peak,3124,3939,0.793095
2025-01-01,Queens,2,LCL/LTD,Q16,Off-Peak,1269,1498,0.84713
2025-01-01,Queens,2,LCL/LTD,Q16,Peak,456,590,0.772881
2025-01-01,Queens,1,LCL/LTD,Q17,Off-Peak,20482,24288,0.843297
2025-01-01,Queens,1,LCL/LTD,Q17,Peak,7647,10519,0.72697
2025-01-01,Queens,2,LCL/LTD,Q17,Off-Peak,6420,8095,0.793082
2025-01-01,Queens,2,LCL/LTD,Q17,Peak,2465,3269,0.754053
2025-01-01,Queens,1,LCL/LTD,Q18,Off-Peak,4856,6043,0.803574
2025-01-01,Queens,1,LCL/LTD,Q18,Peak,2721,4058,0.670527
2025-01-01,Queens,2,LCL/LTD,Q18,Off-Peak,1252,1558,0.803594
2025-01-01,Queens,2,LCL/LTD,Q18,Peak,505,621,0.813205
2025-01-01,Queens,1,LCL/LTD,Q19,Off-Peak,3952,4683,0.843903
2025-01-01,Queens,1,LCL/LTD,Q19,Peak,2019,2694,0.749443
2025-01-01,Queens,2,LCL/LTD,Q19,Off-Peak,719,928,0.774784
2025-01-01,Queens,2,LCL/LTD,Q19,Peak,316,427,0.740047
2025-01-01,Queens,1,LCL/LTD,Q2,Off-Peak,12561,14213,0.883768
2025-01-01,Queens,1,LCL/LTD,Q2,Peak,5002,6391,0.782663
2025-01-01,Queens,2,LCL/LTD,Q2,Off-Peak,3203,3586,0.893196
2025-01-01,Queens,2,LCL/LTD,Q2,Peak,1168,1352,0.863905
2025-01-01,Queens,1,LCL/LTD,Q20A,Off-Peak,8354,9585,0.87157
2025-01-01,Queens,1,LCL/LTD,Q20A,Peak,2849,3731,0.763602
2025-01-01,Queens,2,LCL/LTD,Q20A,Off-Peak,3591,4434,0.809878
2025-01-01,Queens,2,LCL/LTD,Q20A,Peak,1221,1524,0.801181
2025-01-01,Queens,1,LCL/LTD,Q20B,Off-Peak,6399,7309,0.875496
2025-01-01,Queens,1,LCL/LTD,Q20B,Peak,2932,3890,0.753728
2025-01-01,Queens,1,LCL/LTD,Q21,Off-Peak,4186,4963,0.843441
2025-01-01,Queens,1,LCL/LTD,Q21,Peak,1630,2251,0.724123
2025-01-01,Queens,2,LCL/LTD,Q21,Off-Peak,1213,1423,0.852424
2025-01-01,Queens,2,LCL/LTD,Q21,Peak,504,596,0.845638
2025-01-01,Queens,1,LCL/LTD,Q22,Off-Peak,3549,4748,0.747473
2025-01-01,Queens,1,LCL/LTD,Q22,Peak,1235,2001,0.617191
2025-01-01,Queens,2,LCL/LTD,Q22,Off-Peak,980,1342,0.730253
2025-01-01,Queens,2,LCL/LTD,Q22,Peak,369,522,0.706897
2025-01-01,Queens,1,LCL/LTD,Q23,Off-Peak,9906,12092,0.819219
2025-01-01,Queens,1,LCL/LTD,Q23,Peak,4365,6174,0.706997
2025-01-01,Queens,2,LCL/LTD,Q23,Off-Peak,2579,3068,0.840613
2025-01-01,Queens,2,LCL/LTD,Q23,Peak,1020,1271,0.802518
2025-01-01,Queens,1,LCL/LTD,Q24,Off-Peak,10351,14888,0.695258
2025-01-01,Queens,1,LCL/LTD,Q24,Peak,4701,8008,0.587038
2025-01-01,Queens,2,LCL/LTD,Q24,Off-Peak,2689,4030,0.667246
2025-01-01,Queens,2,LCL/LTD,Q24,Peak,995,1578,0.630545
2025-01-01,Queens,1,LCL/LTD,Q25,Off-Peak,11412,14407,0.792115
2025-01-01,Queens,1,LCL/LTD,Q25,Peak,7255,10500,0.690952
2025-01-01,Queens,2,LCL/LTD,Q25,Off-Peak,2689,3242,0.829426
2025-01-01,Queens,2,LCL/LTD,Q25,Peak,855,1108,0.771661
2025-01-01,Queens,1,LCL/LTD,Q26,Off-Peak,1162,1284,0.904984
2025-01-01,Queens,1,LCL/LTD,Q26,Peak,1984,2442,0.812449
2025-01-01,Queens,1,LCL/LTD,Q27,Off-Peak,32569,38546,0.844939
2025-01-01,Queens,1,LCL/LTD,Q27,Peak,14713,19978,0.73646
2025-01-01,Queens,2,LCL/LTD,Q27,Off-Peak,6665,7944,0.838998
2025-01-01,Queens,2,LCL/LTD,Q27,Peak,2624,3216,0.81592
2025-01-01,Queens,1,LCL/LTD,Q28,Off-Peak,8544,10058,0.849473
2025-01-01,Queens,1,LCL/LTD,Q28,Peak,4042,5382,0.751022
2025-01-01,Queens,2,LCL/LTD,Q28,Off-Peak,2062,2437,0.846122
2025-01-01,Queens,2,LCL/LTD,Q28,Peak,823,977,0.842375
2025-01-01,Queens,1,LCL/LTD,Q29,Off-Peak,3051,3345,0.912108
2025-01-01,Queens,1,LCL/LTD,Q29,Peak,1837,2210,0.831222
2025-01-01,Queens,2,LCL/LTD,Q29,Off-Peak,784,911,0.860593
2025-01-01,Queens,2,LCL/LTD,Q29,Peak,334,408,0.818627
2025-01-01,Queens,1,LCL/LTD,Q3,Off-Peak,19287,23135,0.833672
2025-01-01,Queens,1,LCL/LTD,Q3,Peak,6604,8809,0.749688
2025-01-01,Queens,2,LCL/LTD,Q3,Off-Peak,5254,6339,0.828837
2025-01-01,Queens,2,LCL/LTD,Q3,Peak,1655,2018,0.820119
2025-01-01,Queens,1,LCL/LTD,Q30,Off-Peak,19734,24758,0.797076
2025-01-01,Queens,1,LCL/LTD,Q30,Peak,7880,11189,0.704263
2025-01-01,Queens,2,LCL/LTD,Q30,Off-Peak,2112,2835,0.744974
2025-01-01,Queens,2,LCL/LTD,Q30,Peak,946,1218,0.776683
2025-01-01,Queens,1,LCL/LTD,Q31,Off-Peak,7554,9672,0.781017
2025-01-01,Queens,1,LCL/LTD,Q31,Peak,4183,6413,0.652269
2025-01-01,Queens,2,LCL/LTD,Q31,Off-Peak,830,1076,0.771375
2025-01-01,Queens,2,LCL/LTD,Q31,Peak,364,503,0.723658
2025-01-01,Queens,1,LCL/LTD,Q32,Off-Peak,9280,11465,0.80942
2025-01-01,Queens,1,LCL/LTD,Q32,Peak,3690,5241,0.704064
2025-01-01,Queens,2,LCL/LTD,Q32,Off-Peak,2385,3190,0.747649
2025-01-01,Queens,2,LCL/LTD,Q32,Peak,977,1364,0.716276
2025-01-01,Queens,1,LCL/LTD,Q33,Off-Peak,5598,6463,0.866161
2025-01-01,Queens,1,LCL/LTD,Q33,Peak,1912,2703,0.707362
2025-01-01,Queens,2,LCL/LTD,Q33,Off-Peak,1270,1450,0.875862
2025-01-01,Queens,2,LCL/LTD,Q33,Peak,353,445,0.793258
2025-01-01,Queens,1,LCL/LTD,Q34,Off-Peak,4152,5279,0.786513
2025-01-01,Queens,1,LCL/LTD,Q34,Peak,1275,1850,0.689189
2025-01-01,Queens,1,LCL/LTD,Q35,Off-Peak,5952,6671,0.89222
2025-01-01,Queens,1,LCL/LTD,Q35,Peak,2581,3392,0.760908
2025-01-01,Queens,2,LCL/LTD,Q35,Off-Peak,2113,2320,0.910776
2025-01-01,Queens,2,LCL/LTD,Q35,Peak,791,883,0.89581
2025-01-01,Queens,1,LCL/LTD,Q36,Off-Peak,17719,20256,0.874753
2025-01-01,Queens,1,LCL/LTD,Q36,Peak,8327,10704,0.777933
2025-01-01,Queens,2,LCL/LTD,Q36,Off-Peak,3001,3367,0.891298
2025-01-01,Queens,2,LCL/LTD,Q36,Peak,1012,1167,0.867181
2025-01-01,Queens,1,LCL/LTD,Q37,Off-Peak,5197,6288,0.826495
2025-01-01,Queens,1,LCL/LTD,Q37,Peak,2707,3977,0.680664
2025-01-01,Queens,2,LCL/LTD,Q37,Off-Peak,1168,1334,0.875562
2025-01-01,Queens,2,LCL/LTD,Q37,Peak,473,563,0.840142
2025-01-01,Queens,1,LCL/LTD,Q38,Off-Peak,6566,8201,0.800634
2025-01-01,Queens,1,LCL/LTD,Q38,Peak,3590,5202,0.690119
2025-01-01,Queens,2,LCL/LTD,Q38,Off-Peak,1445,1755,0.823362
2025-01-01,Queens,2,LCL/LTD,Q38,Peak,586,746,0.785523
2025-01-01,Queens,1,LCL/LTD,Q39,Off-Peak,5584,6864,0.81352
2025-01-01,Queens,1,LCL/LTD,Q39,Peak,3058,4583,0.667249
2025-01-01,Queens,2,LCL/LTD,Q39,Off-Peak,1020,1392,0.732759
2025-01-01,Queens,2,LCL/LTD,Q39,Peak,304,457,0.665208
2025-01-01,Queens,1,LCL/LTD,Q4,Off-Peak,16415,18782,0.873975
2025-01-01,Queens,1,LCL/LTD,Q4,Peak,8012,10577,0.757493
2025-01-01,Queens,2,LCL/LTD,Q4,Off-Peak,3261,3832,0.850992
2025-01-01,Queens,2,LCL/LTD,Q4,Peak,1142,1395,0.818638
2025-01-01,Queens,1,LCL/LTD,Q40,Off-Peak,3103,4267,0.727209
2025-01-01,Queens,1,LCL/LTD,Q40,Peak,1092,1969,0.554596
2025-01-01,Queens,2,LCL/LTD,Q40,Off-Peak,858,982,0.873727
2025-01-01,Queens,2,LCL/LTD,Q40,Peak,319,362,0.881215
2025-01-01,Queens,1,LCL/LTD,Q41,Off-Peak,6423,7937,0.809248
2025-01-01,Queens,1,LCL/LTD,Q41,Peak,3280,5247,0.625119
2025-01-01,Queens,2,LCL/LTD,Q41,Off-Peak,1106,1453,0.761184
2025-01-01,Queens,2,LCL/LTD,Q41,Peak,485,672,0.721726
2025-01-01,Queens,1,LCL/LTD,Q42,Off-Peak,1468,1629,0.901166
2025-01-01,Queens,1,LCL/LTD,Q42,Peak,949,1253,0.757382
2025-01-01,Queens,1,LCL/LTD,Q43,Off-Peak,8895,10771,0.825829
2025-01-01,Queens,1,LCL/LTD,Q43,Peak,3599,4685,0.768196
2025-01-01,Queens,2,LCL/LTD,Q43,Off-Peak,2050,2472,0.829288
2025-01-01,Queens,2,LCL/LTD,Q43,Peak,840,1016,0.826772
2025-01-01,Queens,1,SBS,Q44+,Off-Peak,7693,8797,0.874503
2025-01-01,Queens,1,SBS,Q44+,Peak,2660,3407,0.780746
2025-01-01,Queens,2,SBS,Q44+,Off-Peak,1807,2288,0.789773
2025-01-01,Queens,2,SBS,Q44+,Peak,648,843,0.768683
2025-01-01,Queens,1,LCL/LTD,Q46,Off-Peak,15711,16840,0.932957
2025-01-01,Queens,1,LCL/LTD,Q46,Peak,8538,9978,0.855683
2025-01-01,Queens,2,LCL/LTD,Q46,Off-Peak,3222,3507,0.918734
2025-01-01,Queens,2,LCL/LTD,Q46,Peak,1193,1361,0.876561
2025-01-01,Queens,1,LCL/LTD,Q47,Off-Peak,7664,9006,0.850988
2025-01-01,Queens,1,LCL/LTD,Q47,Peak,4464,6185,0.721746
2025-01-01,Queens,2,LCL/LTD,Q47,Off-Peak,1066,1258,0.847377
2025-01-01,Queens,2,LCL/LTD,Q47,Peak,403,530,0.760377
2025-01-01,Queens,1,LCL/LTD,Q48,Off-Peak,2540,3136,0.809949
2025-01-01,Queens,1,LCL/LTD,Q48,Peak,989,1409,0.701916
2025-01-01,Queens,2,LCL/LTD,Q48,Off-Peak,747,904,0.826327
2025-01-01,Queens,2,LCL/LTD,Q48,Peak,301,367,0.820163
2025-01-01,Queens,1,LCL/LTD,Q49,Off-Peak,2424,2773,0.874144
2025-01-01,Queens,1,LCL/LTD,Q49,Peak,1229,1653,0.743497
2025-01-01,Queens,2,LCL/LTD,Q49,Off-Peak,568,649,0.875193
2025-01-01,Queens,2,LCL/LTD,Q49,Peak,207,250,0.828
2025-01-01,Queens,1,LCL/LTD,Q5,Off-Peak,28782,34220,0.841087
2025-01-01,Queens,1,LCL/LTD,Q5,Peak,11754,15768,0.745434
2025-01-01,Queens,2,LCL/LTD,Q5,Off-Peak,5560,6644,0.836845
2025-01-01,Queens,2,LCL/LTD,Q5,Peak,2133,2664,0.800676
2025-01-01,Queens,1,LCL/LTD,Q50,Off-Peak,3472,3902,0.8898
2025-01-01,Queens,1,LCL/LTD,Q50,Peak,2239,2918,0.767306
2025-01-01,Queens,2,LCL/LTD,Q50,Off-Peak,597,644,0.927019
2025-01-01,Queens,2,LCL/LTD,Q50,Peak,258,283,0.911661
2025-01-01,Queens,1,SBS,Q52+,Off-Peak,1164,1500,0.776
2025-01-01,Queens,1,SBS,Q52+,Peak,517,740,0.698649
2025-01-01,Queens,2,SBS,Q52+,Off-Peak,338,391,0.86445
2025-01-01,Queens,2,SBS,Q52+,Peak,135,159,0.849057
2025-01-01,Queens,1,SBS,Q53+,Off-Peak,4644,5569,0.833902
2025-01-01,Queens,1,SBS,Q53+,Peak,1956,2592,0.75463
2025-01-01,Queens,2,SBS,Q53+,Off-Peak,1209,1472,0.821332
2025-01-01,Queens,2,SBS,Q53+,Peak,436,541,0.805915
2025-01-01,Queens,1,LCL/LTD,Q54,Off-Peak,17241,21980,0.784395
2025-01-01,Queens,1,LCL/LTD,Q54,Peak,6434,9661,0.665977
2025-01-01,Queens,2,LCL/LTD,Q54,Off-Peak,3594,5108,0.703602
2025-01-01,Queens,2,LCL/LTD,Q54,Peak,1286,1872,0.686966
2025-01-01,Queens,1,LCL/LTD,Q55,Off-Peak,8307,10294,0.806975
2025-01-01,Queens,1,LCL/LTD,Q55,Peak,3644,5114,0.712554
2025-01-01,Queens,2,LCL/LTD,Q55,Off-Peak,1989,2451,0.811506
2025-01-01,Queens,2,LCL/LTD,Q55,Peak,736,968,0.760331
2025-01-01,Queens,1,LCL/LTD,Q56,Off-Peak,9798,15391,0.636606
2025-01-01,Queens,1,LCL/LTD,Q56,Peak,4086,6963,0.586816
2025-01-01,Queens,2,LCL/LTD,Q56,Off-Peak,2409,3853,0.625227
2025-01-01,Queens,2,LCL/LTD,Q56,Peak,864,1381,0.625634
2025-01-01,Queens,1,LCL/LTD,Q58,Off-Peak,22243,29459,0.755049
2025-01-01,Queens,1,LCL/LTD,Q58,Peak,8662,13084,0.66203
2025-01-01,Queens,2,LCL/LTD,Q58,Off-Peak,5353,7312,0.732084
2025-01-01,Queens,2,LCL/LTD,Q58,Peak,2116,2945,0.718506
2025-01-01,Queens,1,LCL/LTD,Q59,Off-Peak,9049,11660,0.776072
2025-01-01,Queens,1,LCL/LTD,Q59,Peak,4324,6380,0.677743
2025-01-01,Queens,2,LCL/LTD,Q59,Off-Peak,2437,3405,0.715712
2025-01-01,Queens,2,LCL/LTD,Q59,Peak,1034,1451,0.712612
2025-01-01,Queens,1,LCL/LTD,Q6,Off-Peak,8849,11453,0.772636
2025-01-01,Queens,1,LCL/LTD,Q6,Peak,2802,5191,0.53978
2025-01-01,Queens,2,LCL/LTD,Q6,Off-Peak,2274,2788,0.815638
2025-01-01,Queens,2,LCL/LTD,Q6,Peak,866,1120,0.773214
2025-01-01,Queens,1,LCL/LTD,Q60,Off-Peak,16119,20955,0.76922
2025-01-01,Queens,1,LCL/LTD,Q60,Peak,5262,8209,0.641004
2025-01-01,Queens,2,LCL/LTD,Q60,Off-Peak,3885,5087,0.763711
2025-01-01,Queens,2,LCL/LTD,Q60,Peak,1353,1832,0.738537
2025-01-01,Queens,1,LCL/LTD,Q64,Off-Peak,8621,9038,0.953861
2025-01-01,Queens,1,LCL/LTD,Q64,Peak,4833,5548,0.871125
2025-01-01,Queens,2,LCL/LTD,Q64,Off-Peak,1310,1346,0.973254
2025-01-01,Queens,2,LCL/LTD,Q64,Peak,445,465,0.956989
2025-01-01,Queens,1,LCL/LTD,Q65,Off-Peak,11278,14486,0.778545
2025-01-01,Queens,1,LCL/LTD,Q65,Peak,6446,9262,0.695962
2025-01-01,Queens,2,LCL/LTD,Q65,Off-Peak,2609,3145,0.829571
2025-01-01,Queens,2,LCL/LTD,Q65,Peak,964,1276,0.755486
2025-01-01,Queens,1,LCL/LTD,Q66,Off-Peak,5311,6305,0.842347
2025-01-01,Queens,1,LCL/LTD,Q66,Peak,2547,3253,0.78297
2025-01-01,Queens,2,LCL/LTD,Q66,Off-Peak,1385,1654,0.837364
2025-01-01,Queens,2,LCL/LTD,Q66,Peak,505,639,0.790297
2025-01-01,Queens,1,LCL/LTD,Q67,Off-Peak,1987,2275,0.873407
2025-01-01,Queens,1,LCL/LTD,Q67,Peak,1191,1603,0.742982
2025-01-01,Queens,2,LCL/LTD,Q67,Off-Peak,224,240,0.933333
2025-01-01,Queens,2,LCL/LTD,Q67,Peak,85,90,0.944444
2025-01-01,Queens,1,LCL/LTD,Q69,Off-Peak,3331,3904,0.853227
2025-01-01,Queens,1,LCL/LTD,Q69,Peak,1712,2305,0.742733
2025-01-01,Queens,2,LCL/LTD,Q69,Off-Peak,926,1020,0.907843
2025-01-01,Queens,2,LCL/LTD,Q69,Peak,371,408,0.909314
2025-01-01,Queens,1,LCL/LTD,Q7,Off-Peak,5515,7428,0.742461
2025-01-01,Queens,1,LCL/LTD,Q7,Peak,2655,4399,0.603546
2025-01-01,Queens,2,LCL/LTD,Q7,Off-Peak,1252,1645,0.761094
2025-01-01,Queens,2,LCL/LTD,Q7,Peak,507,708,0.716102
2025-01-01,Queens,1,SBS,Q70+,Off-Peak,3904,4132,0.944821
2025-01-01,Queens,1,SBS,Q70+,Peak,1210,1432,0.844972
2025-01-01,Queens,2,SBS,Q70+,Off-Peak,1097,1185,0.925738
2025-01-01,Queens,2,SBS,Q70+,Peak,335,379,0.883905
2025-01-01,Queens,1,LCL/LTD,Q72,Off-Peak,5268,6336,0.831439
2025-01-01,Queens,1,LCL/LTD,Q72,Peak,2136,2929,0.729259
2025-01-01,Queens,2,LCL/LTD,Q72,Off-Peak,1028,1233,0.833739
2025-01-01,Queens,2,LCL/LTD,Q72,Peak,412,492,0.837398
2025-01-01,Queens,1,LCL/LTD,Q76,Off-Peak,9015,11158,0.80794
2025-01-01,Queens,1,LCL/LTD,Q76,Peak,5067,6936,0.730536
2025-01-01,Queens,2,LCL/LTD,Q76,Off-Peak,1731,2031,0.85229
2025-01-01,Queens,2,LCL/LTD,Q76,Peak,760,953,0.797482
2025-01-01,Queens,1,LCL/LTD,Q77,Off-Peak,7822,9925,0.788111
2025-01-01,Queens,1,LCL/LTD,Q77,Peak,4429,6095,0.726661
2025-01-01,Queens,2,LCL/LTD,Q77,Off-Peak,1120,1440,0.777778
2025-01-01,Queens,2,LCL/LTD,Q77,Peak,503,638,0.788401
2025-01-01,Queens,1,LCL/LTD,Q8,Off-Peak,7582,11394,0.665438
2025-01-01,Queens,1,LCL/LTD,Q8,Peak,3968,6590,0.602124
2025-01-01,Queens,2,LCL/LTD,Q8,Off-Peak,2169,2830,0.766431
2025-01-01,Queens,2,LCL/LTD,Q8,Peak,937,1341,0.698732
2025-01-01,Queens,1,LCL/LTD,Q83,Off-Peak,12463,14279,0.87282
2025-01-01,Queens,1,LCL/LTD,Q83,Peak,5521,7259,0.760573
2025-01-01,Queens,2,LCL/LTD,Q83,Off-Peak,2934,3296,0.89017
2025-01-01,Queens,2,LCL/LTD,Q83,Peak,1171,1349,0.86805
2025-01-01,Queens,1,LCL/LTD,Q84,Off-Peak,9791,11016,0.888798
2025-01-01,Queens,1,LCL/LTD,Q84,Peak,4306,5347,0.805311
2025-01-01,Queens,2,LCL/LTD,Q84,Off-Peak,1892,2115,0.894563
2025-01-01,Queens,2,LCL/LTD,Q84,Peak,815,947,0.860612
2025-01-01,Queens,1,LCL/LTD,Q85,Off-Peak,26695,31567,0.845662
2025-01-01,Queens,1,LCL/LTD,Q85,Peak,12451,16837,0.739502
2025-01-01,Queens,2,LCL/LTD,Q85,Off-Peak,5326,6190,0.86042
2025-01-01,Queens,2,LCL/LTD,Q85,Peak,2056,2428,0.846787
2025-01-01,Queens,1,LCL/LTD,Q88,Off-Peak,16019,19810,0.808632
2025-01-01,Queens,1,LCL/LTD,Q88,Peak,7629,10454,0.729769
2025-01-01,Queens,2,LCL/LTD,Q88,Off-Peak,3730,4198,0.888518
2025-01-01,Queens,2,LCL/LTD,Q88,Peak,1460,1705,0.856305
2025-01-01,Queens,1,LCL/LTD,Q9,Off-Peak,2859,3885,0.735907
2025-01-01,Queens,1,LCL/LTD,Q9,Peak,1316,2142,0.614379
2025-01-01,Queens,2,LCL/LTD,Q9,Off-Peak,734,852,0.861502
2025-01-01,Queens,2,LCL/LTD,Q9,Peak,310,384,0.807292
2025-01-01,Queens,1,EXP,QM1,Off-Peak,71,73,0.972603
2025-01-01,Queens,1,EXP,QM1,Peak,222,279,0.795699
2025-01-01,Queens,1,EXP,QM11,Off-Peak,88,110,0.8
2025-01-01,Queens,1,EXP,QM11,Peak,372,456,0.815789
2025-01-01,Queens,1,EXP,QM12,Off-Peak,88,91,0.967033
2025-01-01,Queens,1,EXP,QM12,Peak,355,451,0.78714
2025-01-01,Queens,1,EXP,QM15,Off-Peak,1905,2183,0.872652
2025-01-01,Queens,1,EXP,QM15,Peak,2015,2536,0.794558
2025-01-01,Queens,2,EXP,QM15,Off-Peak,116,135,0.859259
2025-01-01,Queens,2,EXP,QM15,Peak,56,64,0.875
2025-01-01,Queens,1,EXP,QM16,Off-Peak,557,599,0.929883
2025-01-01,Queens,1,EXP,QM16,Peak,608,826,0.736077
2025-01-01,Queens,1,EXP,QM17,Off-Peak,176,285,0.617544
2025-01-01,Queens,1,EXP,QM17,Peak,587,755,0.777483
2025-01-01,Queens,1,EXP,QM18,Off-Peak,2,2,1
2025-01-01,Queens,1,EXP,QM18,Peak,451,564,0.799645
2025-01-01,Queens,1,EXP,QM2,Off-Peak,1162,1288,0.902174
2025-01-01,Queens,1,EXP,QM2,Peak,599,806,0.743176
2025-01-01,Queens,2,EXP,QM2,Off-Peak,166,175,0.948571
2025-01-01,Queens,2,EXP,QM2,Peak,62,68,0.911765
2025-01-01,Queens,1,EXP,QM20,Off-Peak,1079,1198,0.900668
2025-01-01,Queens,1,EXP,QM20,Peak,908,1166,0.778731
2025-01-01,Queens,1,EXP,QM21,Off-Peak,81,89,0.910112
2025-01-01,Queens,1,EXP,QM21,Peak,141,176,0.801136
2025-01-01,Queens,1,EXP,QM24,Off-Peak,78,94,0.829787
2025-01-01,Queens,1,EXP,QM24,Peak,406,494,0.821862
2025-01-01,Queens,1,EXP,QM25,Off-Peak,102,105,0.971429
2025-01-01,Queens,1,EXP,QM25,Peak,340,404,0.841584
2025-01-01,Queens,1,EXP,QM31,Off-Peak,0,0,
2025-01-01,Queens,1,EXP,QM31,Peak,262,287,0.912892
2025-01-01,Queens,1,EXP,QM32,Off-Peak,35,36,0.972222
2025-01-01,Queens,1,EXP,QM32,Peak,454,562,0.807829
2025-01-01,Queens,1,EXP,QM34,Off-Peak,70,70,1
2025-01-01,Queens,1,EXP,QM34,Peak,516,587,0.879046
2025-01-01,Queens,1,EXP,QM35,Off-Peak,83,93,0.892473
2025-01-01,Queens,1,EXP,QM35,Peak,603,763,0.790301
2025-01-01,Queens,1,EXP,QM36,Off-Peak,16,17,0.941176
2025-01-01,Queens,1,EXP,QM36,Peak,204,234,0.871795
2025-01-01,Queens,1,EXP,QM42,Off-Peak,0,0,
2025-01-01,Queens,1,EXP,QM42,Peak,297,369,0.804878
2025-01-01,Queens,1,EXP,QM5,Off-Peak,1476,1677,0.880143
2025-01-01,Queens,1,EXP,QM5,Peak,827,1208,0.684603
2025-01-01,Queens,2,EXP,QM5,Off-Peak,237,283,0.837456
2025-01-01,Queens,2,EXP,QM5,Peak,100,126,0.793651
2025-01-01,Queens,1,EXP,QM6,Off-Peak,730,889,0.821147
2025-01-01,Queens,1,EXP,QM6,Peak,682,871,0.783008
2025-01-01,Queens,2,EXP,QM6,Off-Peak,200,220,0.909091
2025-01-01,Queens,2,EXP,QM6,Peak,69,88,0.784091
2025-01-01,Queens,1,EXP,QM7,Off-Peak,257,277,0.927798
2025-01-01,Queens,1,EXP,QM7,Peak,682,813,0.838868
2025-01-01,Queens,1,EXP,QM8,Off-Peak,80,88,0.909091
2025-01-01,Queens,1,EXP,QM8,Peak,326,430,0.75814
2025-01-01,Queens,1,EXP,X63,Off-Peak,184,202,0.910891
2025-01-01,Queens,1,EXP,X63,Peak,688,818,0.841076
2025-01-01,Queens,1,EXP,X64,Off-Peak,50,59,0.847458
2025-01-01,Queens,1,EXP,X64,Peak,331,397,0.833753
2025-01-01,Queens,1,EXP,X68,Off-Peak,129,135,0.955556
2025-01-01,Queens,1,EXP,X68,Peak,479,596,0.803691
2025-01-01,Staten Island,1,LCL/LTD,S40,Off-Peak,5823,7718,0.75447
2025-01-01,Staten Island,1,LCL/LTD,S40,Peak,1759,2693,0.653175
2025-01-01,Staten Island,2,LCL/LTD,S40,Off-Peak,1509,1919,0.786347
2025-01-01,Staten Island,2,LCL/LTD,S40,Peak,582,830,0.701205
2025-01-01,Staten Island,1,LCL/LTD,S42,Off-Peak,558,722,0.772853
2025-01-01,Staten Island,1,LCL/LTD,S42,Peak,608,876,0.694064
2025-01-01,Staten Island,1,LCL/LTD,S44,Off-Peak,9993,12970,0.77047
2025-01-01,Staten Island,1,LCL/LTD,S44,Peak,3743,5135,0.728919
2025-01-01,Staten Island,2,LCL/LTD,S44,Off-Peak,2613,3203,0.815798
2025-01-01,Staten Island,2,LCL/LTD,S44,Peak,1072,1393,0.769562
2025-01-01,Staten Island,1,LCL/LTD,S46,Off-Peak,11873,15188,0.781736
2025-01-01,Staten Island,1,LCL/LTD,S46,Peak,3930,6014,0.653475
2025-01-01,Staten Island,2,LCL/LTD,S46,Off-Peak,3276,3869,0.84673
2025-01-01,Staten Island,2,LCL/LTD,S46,Peak,1182,1458,0.8107
2025-01-01,Staten Island,1,LCL/LTD,S48,Off-Peak,8569,11253,0.761486
2025-01-01,Staten Island,1,LCL/LTD,S48,Peak,2652,4144,0.639961
2025-01-01,Staten Island,2,LCL/LTD,S48,Off-Peak,2219,2787,0.796197
2025-01-01,Staten Island,2,LCL/LTD,S48,Peak,729,1113,0.654987
2025-01-01,Staten Island,1,LCL/LTD,S51,Off-Peak,8445,10891,0.775411
2025-01-01,Staten Island,1,LCL/LTD,S51,Peak,2910,4380,0.664384
2025-01-01,Staten Island,2,LCL/LTD,S51,Off-Peak,1868,2288,0.816434
2025-01-01,Staten Island,2,LCL/LTD,S51,Peak,551,668,0.82485
2025-01-01,Staten Island,1,LCL/LTD,S52,Off-Peak,5447,7823,0.69628
2025-01-01,Staten Island,1,LCL/LTD,S52,Peak,2557,4451,0.574478
2025-01-01,Staten Island,2,LCL/LTD,S52,Off-Peak,1466,1904,0.769958
2025-01-01,Staten Island,2,LCL/LTD,S52,Peak,620,844,0.734597
2025-01-01,Staten Island,1,LCL/LTD,S53,Off-Peak,11577,14592,0.79338
2025-01-01,Staten Island,1,LCL/LTD,S53,Peak,3993,6028,0.662409
2025-01-01,Staten Island,2,LCL/LTD,S53,Off-Peak,3205,3931,0.815314
2025-01-01,Staten Island,2,LCL/LTD,S53,Peak,1154,1416,0.814972
2025-01-01,Staten Island,1,LCL/LTD,S54,Off-Peak,2998,4177,0.71774
2025-01-01,Staten Island,1,LCL/LTD,S54,Peak,1444,2459,0.587231
2025-01-01,Staten Island,1,LCL/LTD,S55,Off-Peak,1474,2023,0.728621
2025-01-01,Staten Island,1,LCL/LTD,S55,Peak,952,1305,0.729502
2025-01-01,Staten Island,1,LCL/LTD,S56,Off-Peak,1049,1358,0.772459
2025-01-01,Staten Island,1,LCL/LTD,S56,Peak,446,701,0.636234
2025-01-01,Staten Island,1,LCL/LTD,S57,Off-Peak,4876,6106,0.798559
2025-01-01,Staten Island,1,LCL/LTD,S57,Peak,2450,3625,0.675862
2025-01-01,Staten Island,2,LCL/LTD,S57,Off-Peak,1661,1906,0.871459
2025-01-01,Staten Island,2,LCL/LTD,S57,Peak,756,872,0.866972
2025-01-01,Staten Island,1,LCL/LTD,S59,Off-Peak,7510,9129,0.822653
2025-01-01,Staten Island,1,LCL/LTD,S59,Peak,4171,5826,0.715929
2025-01-01,Staten Island,2,LCL/LTD,S59,Off-Peak,1631,1889,0.86342
2025-01-01,Staten Island,2,LCL/LTD,S59,Peak,754,836,0.901914
2025-01-01,Staten Island,1,LCL/LTD,S61,Off-Peak,8108,9775,0.829463
2025-01-01,Staten Island,1,LCL/LTD,S61,Peak,2366,3180,0.744025
2025-01-01,Staten Island,2,LCL/LTD,S61,Off-Peak,1671,1873,0.892152
2025-01-01,Staten Island,2,LCL/LTD,S61,Peak,690,783,0.881226
2025-01-01,Staten Island,1,LCL/LTD,S62,Off-Peak,10034,11781,0.85171
2025-01-01,Staten Island,1,LCL/LTD,S62,Peak,2589,3515,0.736558
2025-01-01,Staten Island,2,LCL/LTD,S62,Off-Peak,2303,2654,0.867747
2025-01-01,Staten Island,2,LCL/LTD,S62,Peak,723,881,0.820658
2025-01-01,Staten Island,1,LCL/LTD,S66,Off-Peak,5822,7143,0.815064
2025-01-01,Staten Island,1,LCL/LTD,S66,Peak,2512,3587,0.700307
2025-01-01,Staten Island,1,LCL/LTD,S74,Off-Peak,8696,11599,0.74972
2025-01-01,Staten Island,1,LCL/LTD,S74,Peak,2481,3939,0.629855
2025-01-01,Staten Island,2,LCL/LTD,S74,Off-Peak,2185,2793,0.782313
2025-01-01,Staten Island,2,LCL/LTD,S74,Peak,731,995,0.734673
2025-01-01,Staten Island,1,LCL/LTD,S76,Off-Peak,6980,9660,0.722567
2025-01-01,Staten Island,1,LCL/LTD,S76,Peak,2975,4695,0.633653
2025-01-01,Staten Island,2,LCL/LTD,S76,Off-Peak,1080,1445,0.747405
2025-01-01,Staten Island,2,LCL/LTD,S76,Peak,530,669,0.792227
2025-01-01,Staten Island,1,LCL/LTD,S78,Off-Peak,10423,14376,0.725028
2025-01-01,Staten Island,1,LCL/LTD,S78,Peak,3718,6261,0.593835
2025-01-01,Staten Island,2,LCL/LTD,S78,Off-Peak,2049,3002,0.682545
2025-01-01,Staten Island,2,LCL/LTD,S78,Peak,644,944,0.682203
2025-01-01,Staten Island,1,SBS,S79+,Off-Peak,10172,12101,0.840592
2025-01-01,Staten Island,1,SBS,S79+,Peak,5366,7101,0.755668
2025-01-01,Staten Island,2,SBS,S79+,Off-Peak,2612,3144,0.830789
2025-01-01,Staten Island,2,SBS,S79+,Peak,1130,1413,0.799717
2025-01-01,Staten Island,1,LCL/LTD,S81,Off-Peak,0,0,
2025-01-01,Staten Island,1,LCL/LTD,S81,Peak,343,554,0.619134
2025-01-01,Staten Island,1,LCL/LTD,S84,Off-Peak,51,63,0.809524
2025-01-01,Staten Island,1,LCL/LTD,S84,Peak,243,327,0.743119
2025-01-01,Staten Island,1,LCL/LTD,S86,Peak,163,226,0.721239
2025-01-01,Staten Island,1,LCL/LTD,S89,Off-Peak,504,545,0.924771
2025-01-01,Staten Island,1,LCL/LTD,S89,Peak,1367,1755,0.778917
2025-01-01,Staten Island,1,LCL/LTD,S90,Off-Peak,743,975,0.762051
2025-01-01,Staten Island,1,LCL/LTD,S90,Peak,964,1398,0.689557
2025-01-01,Staten Island,1,LCL/LTD,S91,Off-Peak,488,573,0.851658
2025-01-01,Staten Island,1,LCL/LTD,S91,Peak,1402,1835,0.764033
2025-01-01,Staten Island,1,LCL/LTD,S92,Off-Peak,224,265,0.845283
2025-01-01,Staten Island,1,LCL/LTD,S92,Peak,1092,1605,0.680374
2025-01-01,Staten Island,1,LCL/LTD,S93,Off-Peak,5784,7078,0.81718
2025-01-01,Staten Island,1,LCL/LTD,S93,Peak,2570,3840,0.669271
2025-01-01,Staten Island,1,LCL/LTD,S94,Off-Peak,275,342,0.804094
2025-01-01,Staten Island,1,LCL/LTD,S94,Peak,812,1191,0.68178
2025-01-01,Staten Island,1,LCL/LTD,S96,Off-Peak,1099,1452,0.756887
2025-01-01,Staten Island,1,LCL/LTD,S96,Peak,1176,1971,0.596651
2025-01-01,Staten Island,1,LCL/LTD,S98,Off-Peak,1133,1385,0.818051
2025-01-01,Staten Island,1,LCL/LTD,S98,Peak,1187,2012,0.58996
2025-01-01,Staten Island,1,EXP,SIM1,Off-Peak,1471,1625,0.905231
2025-01-01,Staten Island,1,EXP,SIM1,Peak,2166,2695,0.803711
2025-01-01,Staten Island,1,EXP,SIM10,Off-Peak,2301,2585,0.890135
2025-01-01,Staten Island,1,EXP,SIM10,Peak,1829,2442,0.748976
2025-01-01,Staten Island,1,EXP,SIM11,Off-Peak,812,887,0.915445
2025-01-01,Staten Island,1,EXP,SIM11,Peak,989,1304,0.758436
2025-01-01,Staten Island,1,EXP,SIM15,Off-Peak,549,613,0.895595
2025-01-01,Staten Island,1,EXP,SIM15,Peak,1053,1400,0.752143
2025-01-01,Staten Island,1,EXP,SIM1C,Off-Peak,7203,8440,0.853436
2025-01-01,Staten Island,1,EXP,SIM1C,Peak,726,965,0.752332
2025-01-01,Staten Island,2,EXP,SIM1C,Off-Peak,2099,2626,0.799315
2025-01-01,Staten Island,2,EXP,SIM1C,Peak,828,1028,0.805447
2025-01-01,Staten Island,1,EXP,SIM2,Off-Peak,808,851,0.949471
2025-01-01,Staten Island,1,EXP,SIM2,Peak,949,1266,0.749605
2025-01-01,Staten Island,1,EXP,SIM22,Off-Peak,352,393,0.895674
2025-01-01,Staten Island,1,EXP,SIM22,Peak,531,745,0.712752
2025-01-01,Staten Island,1,EXP,SIM23,Off-Peak,110,121,0.909091
2025-01-01,Staten Island,1,EXP,SIM23,Peak,176,232,0.758621
2025-01-01,Staten Island,1,EXP,SIM24,Off-Peak,99,108,0.916667
2025-01-01,Staten Island,1,EXP,SIM24,Peak,160,216,0.740741
2025-01-01,Staten Island,1,EXP,SIM25,Off-Peak,631,689,0.91582
2025-01-01,Staten Island,1,EXP,SIM25,Peak,779,1013,0.769003
2025-01-01,Staten Island,1,EXP,SIM26,Off-Peak,1075,1160,0.926724
2025-01-01,Staten Island,1,EXP,SIM26,Peak,746,1028,0.725681
2025-01-01,Staten Island,1,EXP,SIM3,Off-Peak,635,748,0.84893
2025-01-01,Staten Island,1,EXP,SIM3,Peak,794,1086,0.731123
2025-01-01,Staten Island,1,EXP,SIM30,Off-Peak,512,609,0.840722
2025-01-01,Staten Island,1,EXP,SIM30,Peak,740,1027,0.720545
2025-01-01,Staten Island,1,EXP,SIM31,Off-Peak,534,581,0.919105
2025-01-01,Staten Island,1,EXP,SIM31,Peak,794,1147,0.692241
2025-01-01,Staten Island,1,EXP,SIM32,Off-Peak,117,164,0.713415
2025-01-01,Staten Island,1,EXP,SIM32,Peak,472,666,0.708709
2025-01-01,Staten Island,1,EXP,SIM33,Off-Peak,411,484,0.849174
2025-01-01,Staten Island,1,EXP,SIM33,Peak,583,816,0.714461
2025-01-01,Staten Island,2,EXP,SIM33,Off-Peak,0,0,
2025-01-01,Staten Island,2,EXP,SIM33,Peak,0,0,
2025-01-01,Staten Island,1,EXP,SIM34,Off-Peak,793,975,0.813333
2025-01-01,Staten Island,1,EXP,SIM34,Peak,1413,1890,0.747619
2025-01-01,Staten Island,1,EXP,SIM35,Off-Peak,306,353,0.866856
2025-01-01,Staten Island,1,EXP,SIM35,Peak,561,746,0.752011
2025-01-01,Staten Island,1,EXP,SIM3C,Off-Peak,2473,3094,0.799289
2025-01-01,Staten Island,1,EXP,SIM3C,Peak,292,518,0.563707
2025-01-01,Staten Island,2,EXP,SIM3C,Off-Peak,774,975,0.793846
2025-01-01,Staten Island,2,EXP,SIM3C,Peak,263,369,0.712737
2025-01-01,Staten Island,1,EXP,SIM4,Off-Peak,654,716,0.913408
2025-01-01,Staten Island,1,EXP,SIM4,Peak,1341,1695,0.79115
2025-01-01,Staten Island,1,EXP,SIM4C,Off-Peak,2778,3245,0.856086
2025-01-01,Staten Island,1,EXP,SIM4C,Peak,391,540,0.724074
2025-01-01,Staten Island,2,EXP,SIM4C,Off-Peak,810,946,0.856237
2025-01-01,Staten Island,2,EXP,SIM4C,Peak,402,488,0.82377
2025-01-01,Staten Island,1,EXP,SIM4X,Off-Peak,26,31,0.83871
2025-01-01,Staten Island,1,EXP,SIM4X,Peak,135,178,0.758427
2025-01-01,Staten Island,1,EXP,SIM5,Off-Peak,629,720,0.873611
2025-01-01,Staten Island,1,EXP,SIM5,Peak,1021,1286,0.793935
2025-01-01,Staten Island,1,EXP,SIM6,Off-Peak,1298,1467,0.884799
2025-01-01,Staten Island,1,EXP,SIM6,Peak,1320,1667,0.791842
2025-01-01,Staten Island,1,EXP,SIM7,Off-Peak,826,934,0.884368
2025-01-01,Staten Island,1,EXP,SIM7,Peak,920,1247,0.737771
2025-01-01,Staten Island,1,EXP,SIM8,Off-Peak,1961,2192,0.894617
2025-01-01,Staten Island,1,EXP,SIM8,Peak,1322,1813,0.729178
2025-01-01,Staten Island,1,EXP,SIM8X,Off-Peak,38,49,0.77551
2025-01-01,Staten Island,1,EXP,SIM8X,Peak,211,286,0.737762
2025-01-01,Staten Island,1,EXP,SIM9,Off-Peak,610,681,0.895742
2025-01-01,Staten Island,1,EXP,SIM9,Peak,744,1022,0.727984
2025-01-01,Systemwide,1,Systemwide,Systemwide,Systemwide,3208256,4122054,0.778315
2025-01-01,Systemwide,2,Systemwide,Systemwide,Systemwide,721431,907712,0.79478
2025-02-01,Bronx,1,LCL/LTD,BX1,Off-Peak,9286,11579,0.801969
2025-02-01,Bronx,1,LCL/LTD,BX1,Peak,4178,6007,0.695522
2025-02-01,Bronx,2,LCL/LTD,BX1,Off-Peak,2125,3050,0.696721
2025-02-01,Bronx,2,LCL/LTD,BX1,Peak,870,1292,0.673375
2025-02-01,Bronx,1,LCL/LTD,BX10,Off-Peak,11355,13636,0.832722
2025-02-01,Bronx,1,LCL/LTD,BX10,Peak,5308,7127,0.744773
2025-02-01,Bronx,2,LCL/LTD,BX10,Off-Peak,2628,3454,0.760857
2025-02-01,Bronx,2,LCL/LTD,BX10,Peak,1001,1387,0.721702
2025-02-01,Bronx,1,LCL/LTD,BX11,Off-Peak,12639,16652,0.759008
2025-02-01,Bronx,1,LCL/LTD,BX11,Peak,5424,8331,0.651062
2025-02-01,Bronx,2,LCL/LTD,BX11,Off-Peak,3009,4386,0.686047
2025-02-01,Bronx,2,LCL/LTD,BX11,Peak,1114,1718,0.648428
2025-02-01,Bronx,1,LCL/LTD,BX12,Off-Peak,11573,13857,0.835174
2025-02-01,Bronx,1,LCL/LTD,BX12,Peak,4092,5574,0.734123
2025-02-01,Bronx,2,LCL/LTD,BX12,Off-Peak,3804,4924,0.772543
2025-02-01,Bronx,2,LCL/LTD,BX12,Peak,1158,1454,0.796424
2025-02-01,Bronx,1,SBS,BX12+,Off-Peak,4884,5900,0.827797
2025-02-01,Bronx,1,SBS,BX12+,Peak,2353,3157,0.745328
2025-02-01,Bronx,2,SBS,BX12+,Off-Peak,1335,1839,0.725938
2025-02-01,Bronx,2,SBS,BX12+,Peak,595,827,0.719468
2025-02-01,Bronx,1,LCL/LTD,BX13,Off-Peak,9167,10698,0.856889
2025-02-01,Bronx,1,LCL/LTD,BX13,Peak,4149,5504,0.753815
2025-02-01,Bronx,2,LCL/LTD,BX13,Off-Peak,2346,3074,0.763175
2025-02-01,Bronx,2,LCL/LTD,BX13,Peak,1000,1372,0.728863
2025-02-01,Bronx,1,LCL/LTD,BX15,Off-Peak,8673,12135,0.71471
2025-02-01,Bronx,1,LCL/LTD,BX15,Peak,3420,5636,0.606813
2025-02-01,Bronx,2,LCL/LTD,BX15,Off-Peak,2388,3359,0.710926
2025-02-01,Bronx,2,LCL/LTD,BX15,Peak,919,1288,0.713509
2025-02-01,Bronx,1,LCL/LTD,BX16,Off-Peak,8942,11000,0.812909
2025-02-01,Bronx,1,LCL/LTD,BX16,Peak,4705,6637,0.708905
2025-02-01,Bronx,2,LCL/LTD,BX16,Off-Peak,1799,2665,0.675047
2025-02-01,Bronx,2,LCL/LTD,BX16,Peak,829,1298,0.638675
2025-02-01,Bronx,1,LCL/LTD,BX17,Off-Peak,7298,10424,0.700115
2025-02-01,Bronx,1,LCL/LTD,BX17,Peak,4185,6539,0.640006
2025-02-01,Bronx,2,LCL/LTD,BX17,Off-Peak,2190,3333,0.657066
2025-02-01,Bronx,2,LCL/LTD,BX17,Peak,995,1403,0.709195
2025-02-01,Bronx,1,LCL/LTD,BX18A,Off-Peak,1169,1428,0.818627
2025-02-01,Bronx,1,LCL/LTD,BX18A,Peak,595,858,0.693473
2025-02-01,Bronx,2,LCL/LTD,BX18A,Off-Peak,379,489,0.775051
2025-02-01,Bronx,2,LCL/LTD,BX18A,Peak,136,178,0.764045
2025-02-01,Bronx,1,LCL/LTD,BX18B,Off-Peak,1200,1422,0.843882
2025-02-01,Bronx,1,LCL/LTD,BX18B,Peak,624,855,0.729825
2025-02-01,Bronx,2,LCL/LTD,BX18B,Off-Peak,416,501,0.830339
2025-02-01,Bronx,2,LCL/LTD,BX18B,Peak,151,179,0.843575
2025-02-01,Bronx,1,LCL/LTD,BX19,Off-Peak,9579,12220,0.783879
2025-02-01,Bronx,1,LCL/LTD,BX19,Peak,4097,5993,0.683631
2025-02-01,Bronx,2,LCL/LTD,BX19,Off-Peak,3075,4295,0.715949
2025-02-01,Bronx,2,LCL/LTD,BX19,Peak,1180,1760,0.670455
2025-02-01,Bronx,1,LCL/LTD,BX2,Off-Peak,5475,6794,0.805858
2025-02-01,Bronx,1,LCL/LTD,BX2,Peak,2608,3561,0.732379
2025-02-01,Bronx,2,LCL/LTD,BX2,Off-Peak,1175,1675,0.701493
2025-02-01,Bronx,2,LCL/LTD,BX2,Peak,573,845,0.678107
2025-02-01,Bronx,1,LCL/LTD,BX20,Off-Peak,99,156,0.634615
2025-02-01,Bronx,1,LCL/LTD,BX20,Peak,507,739,0.686062
2025-02-01,Bronx,1,LCL/LTD,BX21,Off-Peak,13815,19088,0.723753
2025-02-01,Bronx,1,LCL/LTD,BX21,Peak,5974,9389,0.636276
2025-02-01,Bronx,2,LCL/LTD,BX21,Off-Peak,4011,5458,0.734885
2025-02-01,Bronx,2,LCL/LTD,BX21,Peak,1332,1883,0.707382
2025-02-01,Bronx,1,LCL/LTD,BX22,Off-Peak,16114,18717,0.860929
2025-02-01,Bronx,1,LCL/LTD,BX22,Peak,7966,10780,0.738961
2025-02-01,Bronx,2,LCL/LTD,BX22,Off-Peak,3158,4818,0.655459
2025-02-01,Bronx,2,LCL/LTD,BX22,Peak,1055,1604,0.657731
2025-02-01,Bronx,1,LCL/LTD,BX23,Off-Peak,3555,4137,0.859318
2025-02-01,Bronx,1,LCL/LTD,BX23,Peak,3192,4243,0.752298
2025-02-01,Bronx,2,LCL/LTD,BX23,Off-Peak,959,1080,0.887963
2025-02-01,Bronx,2,LCL/LTD,BX23,Peak,453,517,0.876209
2025-02-01,Bronx,1,LCL/LTD,BX24,Off-Peak,1736,2000,0.868
2025-02-01,Bronx,1,LCL/LTD,BX24,Peak,601,737,0.815468
2025-02-01,Bronx,2,LCL/LTD,BX24,Off-Peak,725,841,0.862069
2025-02-01,Bronx,2,LCL/LTD,BX24,Peak,267,319,0.836991
2025-02-01,Bronx,1,LCL/LTD,BX25,Off-Peak,4378,5341,0.819697
2025-02-01,Bronx,1,LCL/LTD,BX25,Peak,2137,3115,0.686035
2025-02-01,Bronx,2,LCL/LTD,BX25,Off-Peak,1289,1696,0.760024
2025-02-01,Bronx,2,LCL/LTD,BX25,Peak,544,712,0.764045
2025-02-01,Bronx,1,LCL/LTD,BX26,Off-Peak,5273,6411,0.822493
2025-02-01,Bronx,1,LCL/LTD,BX26,Peak,2548,3574,0.712927
2025-02-01,Bronx,2,LCL/LTD,BX26,Off-Peak,1497,1860,0.804839
2025-02-01,Bronx,2,LCL/LTD,BX26,Peak,625,818,0.764059
2025-02-01,Bronx,1,LCL/LTD,BX27,Off-Peak,7990,9574,0.834552
2025-02-01,Bronx,1,LCL/LTD,BX27,Peak,4268,6100,0.699672
2025-02-01,Bronx,2,LCL/LTD,BX27,Off-Peak,2676,3210,0.833645
2025-02-01,Bronx,2,LCL/LTD,BX27,Peak,1180,1403,0.841055
2025-02-01,Bronx,1,LCL/LTD,BX28,Off-Peak,8184,10452,0.783008
2025-02-01,Bronx,1,LCL/LTD,BX28,Peak,2964,4384,0.676095
2025-02-01,Bronx,2,LCL/LTD,BX28,Off-Peak,2233,3045,0.733333
2025-02-01,Bronx,2,LCL/LTD,BX28,Peak,760,1022,0.74364
2025-02-01,Bronx,1,LCL/LTD,BX29,Off-Peak,1234,1316,0.93769
2025-02-01,Bronx,1,LCL/LTD,BX29,Peak,561,676,0.829882
2025-02-01,Bronx,2,LCL/LTD,BX29,Off-Peak,453,508,0.891732
2025-02-01,Bronx,2,LCL/LTD,BX29,Peak,150,163,0.920245
2025-02-01,Bronx,1,LCL/LTD,BX3,Off-Peak,10845,13517,0.802323
2025-02-01,Bronx,1,LCL/LTD,BX3,Peak,4631,6499,0.712571
2025-02-01,Bronx,2,LCL/LTD,BX3,Off-Peak,3574,4853,0.736452
2025-02-01,Bronx,2,LCL/LTD,BX3,Peak,1491,2066,0.721684
2025-02-01,Bronx,1,LCL/LTD,BX30,Off-Peak,7798,9458,0.824487
2025-02-01,Bronx,1,LCL/LTD,BX30,Peak,4528,6092,0.74327
2025-02-01,Bronx,2,LCL/LTD,BX30,Off-Peak,1846,2579,0.715781
2025-02-01,Bronx,2,LCL/LTD,BX30,Peak,806,1182,0.681895
2025-02-01,Bronx,1,LCL/LTD,BX31,Off-Peak,5845,7586,0.770498
2025-02-01,Bronx,1,LCL/LTD,BX31,Peak,2731,4050,0.674321
2025-02-01,Bronx,2,LCL/LTD,BX31,Off-Peak,1398,1901,0.735402
2025-02-01,Bronx,2,LCL/LTD,BX31,Peak,530,760,0.697368
2025-02-01,Bronx,1,LCL/LTD,BX32,Off-Peak,3822,5745,0.665274
2025-02-01,Bronx,1,LCL/LTD,BX32,Peak,2069,3302,0.62659
2025-02-01,Bronx,2,LCL/LTD,BX32,Off-Peak,781,1354,0.576809
2025-02-01,Bronx,2,LCL/LTD,BX32,Peak,314,530,0.592453
2025-02-01,Bronx,1,LCL/LTD,BX33,Off-Peak,4021,4688,0.857722
2025-02-01,Bronx,1,LCL/LTD,BX33,Peak,1541,2170,0.710138
2025-02-01,Bronx,2,LCL/LTD,BX33,Off-Peak,761,1090,0.698165
2025-02-01,Bronx,2,LCL/LTD,BX33,Peak,294,441,0.666667
2025-02-01,Bronx,1,LCL/LTD,BX34,Off-Peak,5322,6306,0.843958
2025-02-01,Bronx,1,LCL/LTD,BX34,Peak,2273,3013,0.754398
2025-02-01,Bronx,2,LCL/LTD,BX34,Off-Peak,1175,1553,0.7566
2025-02-01,Bronx,2,LCL/LTD,BX34,Peak,601,744,0.807796
2025-02-01,Bronx,1,LCL/LTD,BX35,Off-Peak,13740,17043,0.806196
2025-02-01,Bronx,1,LCL/LTD,BX35,Peak,5595,7981,0.70104
2025-02-01,Bronx,2,LCL/LTD,BX35,Off-Peak,3011,4879,0.617135
2025-02-01,Bronx,2,LCL/LTD,BX35,Peak,1167,1952,0.597848
2025-02-01,Bronx,1,LCL/LTD,BX36,Off-Peak,8576,11523,0.744251
2025-02-01,Bronx,1,LCL/LTD,BX36,Peak,4200,6456,0.650558
2025-02-01,Bronx,2,LCL/LTD,BX36,Off-Peak,2190,3224,0.67928
2025-02-01,Bronx,2,LCL/LTD,BX36,Peak,776,1224,0.633987
2025-02-01,Bronx,1,LCL/LTD,BX38,Off-Peak,5430,6601,0.822603
2025-02-01,Bronx,1,LCL/LTD,BX38,Peak,2995,4060,0.737685
2025-02-01,Bronx,2,LCL/LTD,BX38,Off-Peak,1314,1889,0.695606
2025-02-01,Bronx,2,LCL/LTD,BX38,Peak,599,878,0.682232
2025-02-01,Bronx,1,LCL/LTD,BX39,Off-Peak,3448,4404,0.782925
2025-02-01,Bronx,1,LCL/LTD,BX39,Peak,1704,2350,0.725106
2025-02-01,Bronx,2,LCL/LTD,BX39,Off-Peak,872,1404,0.621083
2025-02-01,Bronx,2,LCL/LTD,BX39,Peak,347,580,0.598276
2025-02-01,Bronx,1,LCL/LTD,BX4,Off-Peak,6288,7708,0.815776
2025-02-01,Bronx,1,LCL/LTD,BX4,Peak,2501,3646,0.685957
2025-02-01,Bronx,2,LCL/LTD,BX4,Off-Peak,1484,1891,0.78477
2025-02-01,Bronx,2,LCL/LTD,BX4,Peak,630,848,0.742925
2025-02-01,Bronx,1,LCL/LTD,BX40,Off-Peak,9159,10959,0.835751
2025-02-01,Bronx,1,LCL/LTD,BX40,Peak,3085,4197,0.735049
2025-02-01,Bronx,2,LCL/LTD,BX40,Off-Peak,2693,3441,0.782621
2025-02-01,Bronx,2,LCL/LTD,BX40,Peak,899,1175,0.765106
2025-02-01,Bronx,1,LCL/LTD,BX41,Off-Peak,7952,10474,0.759213
2025-02-01,Bronx,1,LCL/LTD,BX41,Peak,2397,3725,0.64349
2025-02-01,Bronx,2,LCL/LTD,BX41,Off-Peak,2674,3989,0.670343
2025-02-01,Bronx,2,LCL/LTD,BX41,Peak,1061,1539,0.689409
2025-02-01,Bronx,1,SBS,BX41+,Off-Peak,1495,2181,0.685465
2025-02-01,Bronx,1,SBS,BX41+,Peak,632,1052,0.60076
2025-02-01,Bronx,2,SBS,BX41+,Off-Peak,480,686,0.699708
2025-02-01,Bronx,2,SBS,BX41+,Peak,239,344,0.694767
2025-02-01,Bronx,1,LCL/LTD,BX42,Off-Peak,8457,10280,0.822665
2025-02-01,Bronx,1,LCL/LTD,BX42,Peak,3315,4573,0.724907
2025-02-01,Bronx,2,LCL/LTD,BX42,Off-Peak,2021,2678,0.754668
2025-02-01,Bronx,2,LCL/LTD,BX42,Peak,767,1067,0.718838
2025-02-01,Bronx,1,LCL/LTD,BX46,Off-Peak,623,762,0.817585
2025-02-01,Bronx,1,LCL/LTD,BX46,Peak,242,310,0.780645
2025-02-01,Bronx,2,LCL/LTD,BX46,Off-Peak,237,278,0.852518
2025-02-01,Bronx,2,LCL/LTD,BX46,Peak,53,68,0.779412
2025-02-01,Bronx,1,LCL/LTD,BX4A,Off-Peak,3491,4385,0.796123
2025-02-01,Bronx,1,LCL/LTD,BX4A,Peak,1497,2166,0.691136
2025-02-01,Bronx,2,LCL/LTD,BX4A,Off-Peak,782,1064,0.734962
2025-02-01,Bronx,2,LCL/LTD,BX4A,Peak,346,443,0.781038
2025-02-01,Bronx,1,LCL/LTD,BX5,Off-Peak,9432,11563,0.815705
2025-02-01,Bronx,1,LCL/LTD,BX5,Peak,4438,6480,0.684877
2025-02-01,Bronx,2,LCL/LTD,BX5,Off-Peak,3424,4833,0.708463
2025-02-01,Bronx,2,LCL/LTD,BX5,Peak,1270,1933,0.65701
2025-02-01,Bronx,1,LCL/LTD,BX6,Off-Peak,10644,13012,0.818014
2025-02-01,Bronx,1,LCL/LTD,BX6,Peak,4085,5637,0.724676
2025-02-01,Bronx,2,LCL/LTD,BX6,Off-Peak,3089,4302,0.718038
2025-02-01,Bronx,2,LCL/LTD,BX6,Peak,1156,1549,0.746288
2025-02-01,Bronx,1,SBS,BX6+,Off-Peak,1647,1954,0.842886
2025-02-01,Bronx,1,SBS,BX6+,Peak,831,1096,0.758212
2025-02-01,Bronx,2,SBS,BX6+,Off-Peak,568,721,0.787795
2025-02-01,Bronx,2,SBS,BX6+,Peak,296,365,0.810959
2025-02-01,Bronx,1,LCL/LTD,BX7,Off-Peak,14911,17259,0.863955
2025-02-01,Bronx,1,LCL/LTD,BX7,Peak,6793,8860,0.766704
2025-02-01,Bronx,2,LCL/LTD,BX7,Off-Peak,4735,5672,0.834803
2025-02-01,Bronx,2,LCL/LTD,BX7,Peak,1914,2284,0.838004
2025-02-01,Bronx,1,LCL/LTD,BX8,Off-Peak,10516,13469,0.780756
2025-02-01,Bronx,1,LCL/LTD,BX8,Peak,5550,8099,0.68527
2025-02-01,Bronx,2,LCL/LTD,BX8,Off-Peak,1275,1786,0.713886
2025-02-01,Bronx,2,LCL/LTD,BX8,Peak,682,865,0.788439
2025-02-01,Bronx,1,LCL/LTD,BX9,Off-Peak,14852,17693,0.839428
2025-02-01,Bronx,1,LCL/LTD,BX9,Peak,7037,9287,0.757726
2025-02-01,Bronx,2,LCL/LTD,BX9,Off-Peak,4764,5785,0.823509
2025-02-01,Bronx,2,LCL/LTD,BX9,Peak,1951,2363,0.825645
2025-02-01,Bronx,1,EXP,BXM1,Off-Peak,2315,2620,0.883588
2025-02-01,Bronx,1,EXP,BXM1,Peak,1499,1878,0.79819
2025-02-01,Bronx,2,EXP,BXM1,Off-Peak,539,587,0.918228
2025-02-01,Bronx,2,EXP,BXM1,Peak,243,270,0.9
2025-02-01,Bronx,1,EXP,BXM10,Off-Peak,1976,2197,0.899408
2025-02-01,Bronx,1,EXP,BXM10,Peak,1431,1729,0.827646
2025-02-01,Bronx,2,EXP,BXM10,Off-Peak,478,537,0.89013
2025-02-01,Bronx,2,EXP,BXM10,Peak,191,208,0.918269
2025-02-01,Bronx,1,EXP,BXM11,Off-Peak,1465,1740,0.841954
2025-02-01,Bronx,1,EXP,BXM11,Peak,829,1139,0.727831
2025-02-01,Bronx,2,EXP,BXM11,Off-Peak,369,434,0.85023
2025-02-01,Bronx,2,EXP,BXM11,Peak,134,173,0.774566
2025-02-01,Bronx,1,EXP,BXM18,Off-Peak,118,140,0.842857
2025-02-01,Bronx,1,EXP,BXM18,Peak,426,516,0.825581
2025-02-01,Bronx,1,EXP,BXM2,Off-Peak,1918,2194,0.874202
2025-02-01,Bronx,1,EXP,BXM2,Peak,766,1015,0.75468
2025-02-01,Bronx,2,EXP,BXM2,Off-Peak,456,513,0.888889
2025-02-01,Bronx,2,EXP,BXM2,Peak,197,213,0.924883
2025-02-01,Bronx,1,EXP,BXM3,Off-Peak,1378,1610,0.855901
2025-02-01,Bronx,1,EXP,BXM3,Peak,697,878,0.79385
2025-02-01,Bronx,2,EXP,BXM3,Off-Peak,344,415,0.828916
2025-02-01,Bronx,2,EXP,BXM3,Peak,126,152,0.828947
2025-02-01,Bronx,1,EXP,BXM4,Off-Peak,872,1076,0.810409
2025-02-01,Bronx,1,EXP,BXM4,Peak,406,577,0.70364
2025-02-01,Bronx,2,EXP,BXM4,Off-Peak,299,356,0.839888
2025-02-01,Bronx,2,EXP,BXM4,Peak,114,138,0.826087
2025-02-01,Bronx,1,EXP,BXM6,Off-Peak,872,967,0.901758
2025-02-01,Bronx,1,EXP,BXM6,Peak,541,673,0.803863
2025-02-01,Bronx,2,EXP,BXM6,Off-Peak,305,328,0.929878
2025-02-01,Bronx,2,EXP,BXM6,Peak,97,103,0.941748
2025-02-01,Bronx,1,EXP,BXM7,Off-Peak,4750,5214,0.911009
2025-02-01,Bronx,1,EXP,BXM7,Peak,2620,3149,0.83201
2025-02-01,Bronx,2,EXP,BXM7,Off-Peak,1312,1422,0.922644
2025-02-01,Bronx,2,EXP,BXM7,Peak,609,634,0.960568
2025-02-01,Bronx,1,EXP,BXM8,Off-Peak,1836,2070,0.886957
2025-02-01,Bronx,1,EXP,BXM8,Peak,1597,2051,0.778645
2025-02-01,Bronx,2,EXP,BXM8,Off-Peak,455,503,0.904573
2025-02-01,Bronx,2,EXP,BXM8,Peak,187,197,0.949239
2025-02-01,Bronx,1,EXP,BXM9,Off-Peak,2133,2296,0.929007
2025-02-01,Bronx,1,EXP,BXM9,Peak,1618,1979,0.817585
2025-02-01,Bronx,2,EXP,BXM9,Off-Peak,448,490,0.914286
2025-02-01,Bronx,2,EXP,BXM9,Peak,194,212,0.915094
2025-02-01,Brooklyn,1,LCL/LTD,B1,Off-Peak,11644,14063,0.827988
2025-02-01,Brooklyn,1,LCL/LTD,B1,Peak,4800,6635,0.723436
2025-02-01,Brooklyn,2,LCL/LTD,B1,Off-Peak,3750,4763,0.787319
2025-02-01,Brooklyn,2,LCL/LTD,B1,Peak,1523,1916,0.794885
2025-02-01,Brooklyn,1,LCL/LTD,B100,Off-Peak,3372,4088,0.824853
2025-02-01,Brooklyn,1,LCL/LTD,B100,Peak,2343,3511,0.667331
2025-02-01,Brooklyn,2,LCL/LTD,B100,Off-Peak,705,806,0.87469
2025-02-01,Brooklyn,2,LCL/LTD,B100,Peak,318,367,0.866485
2025-02-01,Brooklyn,1,LCL/LTD,B103,Off-Peak,6223,9052,0.687472
2025-02-01,Brooklyn,1,LCL/LTD,B103,Peak,3150,5107,0.6168
2025-02-01,Brooklyn,2,LCL/LTD,B103,Off-Peak,2039,2591,0.786955
2025-02-01,Brooklyn,2,LCL/LTD,B103,Peak,767,995,0.770854
2025-02-01,Brooklyn,1,LCL/LTD,B11,Off-Peak,7241,9766,0.74145
2025-02-01,Brooklyn,1,LCL/LTD,B11,Peak,3281,4868,0.673993
2025-02-01,Brooklyn,2,LCL/LTD,B11,Off-Peak,2359,3069,0.768654
2025-02-01,Brooklyn,2,LCL/LTD,B11,Peak,826,1158,0.713299
2025-02-01,Brooklyn,1,LCL/LTD,B12,Off-Peak,9443,12620,0.748257
2025-02-01,Brooklyn,1,LCL/LTD,B12,Peak,3552,5521,0.643362
2025-02-01,Brooklyn,2,LCL/LTD,B12,Off-Peak,3197,4112,0.777481
2025-02-01,Brooklyn,2,LCL/LTD,B12,Peak,1233,1570,0.78535
2025-02-01,Brooklyn,1,LCL/LTD,B13,Off-Peak,8834,11111,0.795068
2025-02-01,Brooklyn,1,LCL/LTD,B13,Peak,4452,6310,0.705547
2025-02-01,Brooklyn,2,LCL/LTD,B13,Off-Peak,2482,3080,0.805844
2025-02-01,Brooklyn,2,LCL/LTD,B13,Peak,924,1176,0.785714
2025-02-01,Brooklyn,1,LCL/LTD,B14,Off-Peak,6622,9134,0.724984
2025-02-01,Brooklyn,1,LCL/LTD,B14,Peak,2773,4346,0.638058
2025-02-01,Brooklyn,2,LCL/LTD,B14,Off-Peak,1861,2612,0.712481
2025-02-01,Brooklyn,2,LCL/LTD,B14,Peak,765,1052,0.727186
2025-02-01,Brooklyn,1,LCL/LTD,B15,Off-Peak,14188,20344,0.697405
2025-02-01,Brooklyn,1,LCL/LTD,B15,Peak,4435,7024,0.631407
2025-02-01,Brooklyn,2,LCL/LTD,B15,Off-Peak,5331,7616,0.699974
2025-02-01,Brooklyn,2,LCL/LTD,B15,Peak,1795,2671,0.672033
2025-02-01,Brooklyn,1,LCL/LTD,B16,Off-Peak,6511,9159,0.710885
2025-02-01,Brooklyn,1,LCL/LTD,B16,Peak,3670,5837,0.628748
2025-02-01,Brooklyn,2,LCL/LTD,B16,Off-Peak,2485,3357,0.740244
2025-02-01,Brooklyn,2,LCL/LTD,B16,Peak,873,1265,0.690119
2025-02-01,Brooklyn,1,LCL/LTD,B17,Off-Peak,7754,10021,0.773775
2025-02-01,Brooklyn,1,LCL/LTD,B17,Peak,3307,4893,0.675863
2025-02-01,Brooklyn,2,LCL/LTD,B17,Off-Peak,2670,3519,0.758738
2025-02-01,Brooklyn,2,LCL/LTD,B17,Peak,985,1344,0.732887
2025-02-01,Brooklyn,1,LCL/LTD,B2,Off-Peak,2462,2760,0.892029
2025-02-01,Brooklyn,1,LCL/LTD,B2,Peak,1156,1516,0.762533
2025-02-01,Brooklyn,2,LCL/LTD,B2,Off-Peak,731,926,0.789417
2025-02-01,Brooklyn,2,LCL/LTD,B2,Peak,299,375,0.797333
2025-02-01,Brooklyn,1,LCL/LTD,B20,Off-Peak,11501,14716,0.78153
2025-02-01,Brooklyn,1,LCL/LTD,B20,Peak,5004,7578,0.660333
2025-02-01,Brooklyn,2,LCL/LTD,B20,Off-Peak,2959,4268,0.693299
2025-02-01,Brooklyn,2,LCL/LTD,B20,Peak,1292,1773,0.728708
2025-02-01,Brooklyn,1,LCL/LTD,B24,Off-Peak,2520,3463,0.727693
2025-02-01,Brooklyn,1,LCL/LTD,B24,Peak,1229,1879,0.654071
2025-02-01,Brooklyn,2,LCL/LTD,B24,Off-Peak,966,1285,0.751751
2025-02-01,Brooklyn,2,LCL/LTD,B24,Peak,372,507,0.733728
2025-02-01,Brooklyn,1,LCL/LTD,B25,Off-Peak,7522,11158,0.674135
2025-02-01,Brooklyn,1,LCL/LTD,B25,Peak,2925,4687,0.624067
2025-02-01,Brooklyn,2,LCL/LTD,B25,Off-Peak,2534,3566,0.7106
2025-02-01,Brooklyn,2,LCL/LTD,B25,Peak,978,1506,0.649402
2025-02-01,Brooklyn,1,LCL/LTD,B26,Off-Peak,9341,11836,0.789202
2025-02-01,Brooklyn,1,LCL/LTD,B26,Peak,4034,6010,0.671215
2025-02-01,Brooklyn,2,LCL/LTD,B26,Off-Peak,3234,4251,0.760762
2025-02-01,Brooklyn,2,LCL/LTD,B26,Peak,1312,1811,0.724462
2025-02-01,Brooklyn,1,LCL/LTD,B3,Off-Peak,14245,18521,0.769127
2025-02-01,Brooklyn,1,LCL/LTD,B3,Peak,5476,8349,0.655887
2025-02-01,Brooklyn,2,LCL/LTD,B3,Off-Peak,4431,6230,0.711236
2025-02-01,Brooklyn,2,LCL/LTD,B3,Peak,1913,2728,0.701246
2025-02-01,Brooklyn,1,LCL/LTD,B31,Off-Peak,2503,2788,0.897776
2025-02-01,Brooklyn,1,LCL/LTD,B31,Peak,1263,1674,0.75448
2025-02-01,Brooklyn,2,LCL/LTD,B31,Off-Peak,881,1013,0.869694
2025-02-01,Brooklyn,2,LCL/LTD,B31,Peak,255,321,0.794393
2025-02-01,Brooklyn,1,LCL/LTD,B32,Off-Peak,808,1111,0.727273
2025-02-01,Brooklyn,1,LCL/LTD,B32,Peak,412,575,0.716522
2025-02-01,Brooklyn,2,LCL/LTD,B32,Off-Peak,322,420,0.766667
2025-02-01,Brooklyn,2,LCL/LTD,B32,Peak,179,224,0.799107
2025-02-01,Brooklyn,1,LCL/LTD,B35,Off-Peak,13528,18515,0.730651
2025-02-01,Brooklyn,1,LCL/LTD,B35,Peak,4883,7478,0.652982
2025-02-01,Brooklyn,2,LCL/LTD,B35,Off-Peak,5085,7028,0.723534
2025-02-01,Brooklyn,2,LCL/LTD,B35,Peak,1801,2443,0.737208
2025-02-01,Brooklyn,1,LCL/LTD,B36,Off-Peak,6555,8148,0.804492
2025-02-01,Brooklyn,1,LCL/LTD,B36,Peak,3497,4791,0.72991
2025-02-01,Brooklyn,2,LCL/LTD,B36,Off-Peak,1599,2171,0.736527
2025-02-01,Brooklyn,2,LCL/LTD,B36,Peak,668,894,0.747204
2025-02-01,Brooklyn,1,LCL/LTD,B37,Off-Peak,3147,4362,0.721458
2025-02-01,Brooklyn,1,LCL/LTD,B37,Peak,1235,1995,0.619048
2025-02-01,Brooklyn,2,LCL/LTD,B37,Off-Peak,896,1339,0.669156
2025-02-01,Brooklyn,2,LCL/LTD,B37,Peak,361,520,0.694231
2025-02-01,Brooklyn,1,LCL/LTD,B38,Off-Peak,18637,24686,0.754962
2025-02-01,Brooklyn,1,LCL/LTD,B38,Peak,8162,12171,0.67061
2025-02-01,Brooklyn,2,LCL/LTD,B38,Off-Peak,4593,6141,0.747924
2025-02-01,Brooklyn,2,LCL/LTD,B38,Peak,1731,2321,0.745799
2025-02-01,Brooklyn,1,LCL/LTD,B4,Off-Peak,6196,7874,0.786894
2025-02-01,Brooklyn,1,LCL/LTD,B4,Peak,3238,4693,0.689964
2025-02-01,Brooklyn,2,LCL/LTD,B4,Off-Peak,2091,2956,0.707375
2025-02-01,Brooklyn,2,LCL/LTD,B4,Peak,822,1206,0.681592
2025-02-01,Brooklyn,1,LCL/LTD,B41,Off-Peak,19189,26435,0.725894
2025-02-01,Brooklyn,1,LCL/LTD,B41,Peak,8236,12593,0.654014
2025-02-01,Brooklyn,2,LCL/LTD,B41,Off-Peak,6037,8610,0.701161
2025-02-01,Brooklyn,2,LCL/LTD,B41,Peak,2212,3228,0.685254
2025-02-01,Brooklyn,1,LCL/LTD,B43,Off-Peak,10069,13557,0.742716
2025-02-01,Brooklyn,1,LCL/LTD,B43,Peak,4117,6411,0.642178
2025-02-01,Brooklyn,2,LCL/LTD,B43,Off-Peak,2950,4092,0.720919
2025-02-01,Brooklyn,2,LCL/LTD,B43,Peak,1073,1562,0.68694
2025-02-01,Brooklyn,1,LCL/LTD,B44,Off-Peak,13725,18506,0.741651
2025-02-01,Brooklyn,1,LCL/LTD,B44,Peak,4643,6878,0.675051
2025-02-01,Brooklyn,2,LCL/LTD,B44,Off-Peak,4551,6481,0.702206
2025-02-01,Brooklyn,2,LCL/LTD,B44,Peak,1605,2332,0.68825
2025-02-01,Brooklyn,1,SBS,B44+,Off-Peak,4489,5900,0.760847
2025-02-01,Brooklyn,1,SBS,B44+,Peak,2438,3460,0.704624
2025-02-01,Brooklyn,2,SBS,B44+,Off-Peak,1359,1893,0.717908
2025-02-01,Brooklyn,2,SBS,B44+,Peak,569,801,0.710362
2025-02-01,Brooklyn,1,LCL/LTD,B45,Off-Peak,5546,8019,0.691607
2025-02-01,Brooklyn,1,LCL/LTD,B45,Peak,2472,3991,0.619394
2025-02-01,Brooklyn,2,LCL/LTD,B45,Off-Peak,1507,2276,0.662127
2025-02-01,Brooklyn,2,LCL/LTD,B45,Peak,567,868,0.653226
2025-02-01,Brooklyn,1,LCL/LTD,B46,Off-Peak,19461,26137,0.744577
2025-02-01,Brooklyn,1,LCL/LTD,B46,Peak,6281,9660,0.650207
2025-02-01,Brooklyn,2,LCL/LTD,B46,Off-Peak,6308,9316,0.677115
2025-02-01,Brooklyn,2,LCL/LTD,B46,Peak,2588,3835,0.674837
2025-02-01,Brooklyn,1,SBS,B46+,Off-Peak,2742,3431,0.799184
2025-02-01,Brooklyn,1,SBS,B46+,Peak,1494,2059,0.725595
2025-02-01,Brooklyn,2,SBS,B46+,Off-Peak,713,974,0.732033
2025-02-01,Brooklyn,2,SBS,B46+,Peak,336,453,0.741722
2025-02-01,Brooklyn,1,LCL/LTD,B47,Off-Peak,12608,17262,0.73039
2025-02-01,Brooklyn,1,LCL/LTD,B47,Peak,5089,8135,0.625569
2025-02-01,Brooklyn,2,LCL/LTD,B47,Off-Peak,3996,5700,0.701053
2025-02-01,Brooklyn,2,LCL/LTD,B47,Peak,1252,1918,0.652763
2025-02-01,Brooklyn,1,LCL/LTD,B48,Off-Peak,7409,9579,0.773463
2025-02-01,Brooklyn,1,LCL/LTD,B48,Peak,2314,3973,0.582431
2025-02-01,Brooklyn,2,LCL/LTD,B48,Off-Peak,2516,3450,0.729275
2025-02-01,Brooklyn,2,LCL/LTD,B48,Peak,782,1188,0.658249
2025-02-01,Brooklyn,1,LCL/LTD,B49,Off-Peak,12799,17011,0.752396
2025-02-01,Brooklyn,1,LCL/LTD,B49,Peak,5223,7826,0.667391
2025-02-01,Brooklyn,2,LCL/LTD,B49,Off-Peak,2770,4129,0.670865
2025-02-01,Brooklyn,2,LCL/LTD,B49,Peak,1178,1793,0.656999
2025-02-01,Brooklyn,1,LCL/LTD,B52,Off-Peak,10809,13973,0.773563
2025-02-01,Brooklyn,1,LCL/LTD,B52,Peak,4526,6647,0.680909
2025-02-01,Brooklyn,2,LCL/LTD,B52,Off-Peak,3341,4671,0.715264
2025-02-01,Brooklyn,2,LCL/LTD,B52,Peak,1235,1739,0.710178
2025-02-01,Brooklyn,1,LCL/LTD,B54,Off-Peak,5268,6620,0.79577
2025-02-01,Brooklyn,1,LCL/LTD,B54,Peak,2163,3233,0.669038
2025-02-01,Brooklyn,2,LCL/LTD,B54,Off-Peak,1382,2046,0.675464
2025-02-01,Brooklyn,2,LCL/LTD,B54,Peak,487,719,0.67733
2025-02-01,Brooklyn,1,LCL/LTD,B57,Off-Peak,7260,10112,0.717959
2025-02-01,Brooklyn,1,LCL/LTD,B57,Peak,2839,4711,0.602632
2025-02-01,Brooklyn,2,LCL/LTD,B57,Off-Peak,2364,3425,0.690219
2025-02-01,Brooklyn,2,LCL/LTD,B57,Peak,942,1399,0.673338
2025-02-01,Brooklyn,1,LCL/LTD,B6,Off-Peak,28784,38830,0.741283
2025-02-01,Brooklyn,1,LCL/LTD,B6,Peak,10597,16198,0.654217
2025-02-01,Brooklyn,2,LCL/LTD,B6,Off-Peak,7402,10398,0.711868
2025-02-01,Brooklyn,2,LCL/LTD,B6,Peak,3090,4361,0.708553
2025-02-01,Brooklyn,1,LCL/LTD,B60,Off-Peak,9634,13251,0.727039
2025-02-01,Brooklyn,1,LCL/LTD,B60,Peak,4210,6785,0.620486
2025-02-01,Brooklyn,2,LCL/LTD,B60,Off-Peak,2631,3694,0.712236
2025-02-01,Brooklyn,2,LCL/LTD,B60,Peak,866,1291,0.670798
2025-02-01,Brooklyn,1,LCL/LTD,B61,Off-Peak,8454,10908,0.775028
2025-02-01,Brooklyn,1,LCL/LTD,B61,Peak,3662,5170,0.708317
2025-02-01,Brooklyn,2,LCL/LTD,B61,Off-Peak,3087,4050,0.762222
2025-02-01,Brooklyn,2,LCL/LTD,B61,Peak,1134,1495,0.758528
2025-02-01,Brooklyn,1,LCL/LTD,B62,Off-Peak,6694,9550,0.700942
2025-02-01,Brooklyn,1,LCL/LTD,B62,Peak,2709,4332,0.625346
2025-02-01,Brooklyn,2,LCL/LTD,B62,Off-Peak,2307,3316,0.695718
2025-02-01,Brooklyn,2,LCL/LTD,B62,Peak,724,1105,0.655204
2025-02-01,Brooklyn,1,LCL/LTD,B63,Off-Peak,10007,12513,0.799728
2025-02-01,Brooklyn,1,LCL/LTD,B63,Peak,4147,5954,0.696507
2025-02-01,Brooklyn,2,LCL/LTD,B63,Off-Peak,3705,5025,0.737313
2025-02-01,Brooklyn,2,LCL/LTD,B63,Peak,1315,1745,0.753582
2025-02-01,Brooklyn,1,LCL/LTD,B64,Off-Peak,6013,7503,0.801413
2025-02-01,Brooklyn,1,LCL/LTD,B64,Peak,2598,3849,0.674981
2025-02-01,Brooklyn,2,LCL/LTD,B64,Off-Peak,2463,3264,0.754596
2025-02-01,Brooklyn,2,LCL/LTD,B64,Peak,901,1240,0.726613
2025-02-01,Brooklyn,1,LCL/LTD,B65,Off-Peak,5970,8469,0.704924
2025-02-01,Brooklyn,1,LCL/LTD,B65,Peak,2093,3688,0.567516
2025-02-01,Brooklyn,2,LCL/LTD,B65,Off-Peak,2379,3645,0.652675
2025-02-01,Brooklyn,2,LCL/LTD,B65,Peak,994,1424,0.698034
2025-02-01,Brooklyn,1,LCL/LTD,B67,Off-Peak,7202,8942,0.805413
2025-02-01,Brooklyn,1,LCL/LTD,B67,Peak,3923,5609,0.699412
2025-02-01,Brooklyn,2,LCL/LTD,B67,Off-Peak,1675,2137,0.783809
2025-02-01,Brooklyn,2,LCL/LTD,B67,Peak,636,818,0.777506
2025-02-01,Brooklyn,1,LCL/LTD,B68,Off-Peak,10327,14023,0.736433
2025-02-01,Brooklyn,1,LCL/LTD,B68,Peak,4147,6395,0.648475
2025-02-01,Brooklyn,2,LCL/LTD,B68,Off-Peak,4038,5209,0.775197
2025-02-01,Brooklyn,2,LCL/LTD,B68,Peak,1489,2035,0.731695
2025-02-01,Brooklyn,1,LCL/LTD,B69,Off-Peak,5111,6255,0.817106
2025-02-01,Brooklyn,1,LCL/LTD,B69,Peak,3246,4497,0.721815
2025-02-01,Brooklyn,2,LCL/LTD,B69,Off-Peak,1129,1513,0.7462
2025-02-01,Brooklyn,2,LCL/LTD,B69,Peak,682,845,0.807101
2025-02-01,Brooklyn,1,LCL/LTD,B7,Off-Peak,6403,8619,0.742894
2025-02-01,Brooklyn,1,LCL/LTD,B7,Peak,3482,5164,0.674284
2025-02-01,Brooklyn,2,LCL/LTD,B7,Off-Peak,1790,2436,0.734811
2025-02-01,Brooklyn,2,LCL/LTD,B7,Peak,852,1160,0.734483
2025-02-01,Brooklyn,1,LCL/LTD,B70,Off-Peak,6425,8186,0.784877
2025-02-01,Brooklyn,1,LCL/LTD,B70,Peak,3456,4731,0.730501
2025-02-01,Brooklyn,2,LCL/LTD,B70,Off-Peak,2135,2819,0.757361
2025-02-01,Brooklyn,2,LCL/LTD,B70,Peak,878,1221,0.719083
2025-02-01,Brooklyn,1,LCL/LTD,B74,Off-Peak,685,864,0.792824
2025-02-01,Brooklyn,1,LCL/LTD,B74,Peak,398,541,0.735675
2025-02-01,Brooklyn,2,LCL/LTD,B74,Off-Peak,253,339,0.746313
2025-02-01,Brooklyn,2,LCL/LTD,B74,Peak,110,132,0.833333
2025-02-01,Brooklyn,1,LCL/LTD,B8,Off-Peak,10089,13246,0.761664
2025-02-01,Brooklyn,1,LCL/LTD,B8,Peak,4984,7300,0.68274
2025-02-01,Brooklyn,2,LCL/LTD,B8,Off-Peak,3095,4462,0.693635
2025-02-01,Brooklyn,2,LCL/LTD,B8,Peak,1180,1811,0.651574
2025-02-01,Brooklyn,1,LCL/LTD,B82,Off-Peak,13278,18058,0.735297
2025-02-01,Brooklyn,1,LCL/LTD,B82,Peak,4490,7183,0.625087
2025-02-01,Brooklyn,2,LCL/LTD,B82,Off-Peak,4730,6891,0.686403
2025-02-01,Brooklyn,2,LCL/LTD,B82,Peak,2022,2957,0.683801
2025-02-01,Brooklyn,1,SBS,B82+,Off-Peak,745,1060,0.70283
2025-02-01,Brooklyn,1,SBS,B82+,Peak,410,622,0.659164
2025-02-01,Brooklyn,1,LCL/LTD,B83,Off-Peak,8052,11300,0.712566
2025-02-01,Brooklyn,1,LCL/LTD,B83,Peak,3606,5415,0.665928
2025-02-01,Brooklyn,2,LCL/LTD,B83,Off-Peak,1990,3025,0.657851
2025-02-01,Brooklyn,2,LCL/LTD,B83,Peak,802,1253,0.640064
2025-02-01,Brooklyn,1,LCL/LTD,B84,Off-Peak,517,640,0.807813
2025-02-01,Brooklyn,1,LCL/LTD,B84,Peak,260,374,0.695187
2025-02-01,Brooklyn,2,LCL/LTD,B84,Off-Peak,98,120,0.816667
2025-02-01,Brooklyn,2,LCL/LTD,B84,Peak,52,61,0.852459
2025-02-01,Brooklyn,1,LCL/LTD,B9,Off-Peak,12443,16274,0.764594
2025-02-01,Brooklyn,1,LCL/LTD,B9,Peak,5863,8379,0.699726
2025-02-01,Brooklyn,2,LCL/LTD,B9,Off-Peak,4079,5640,0.723227
2025-02-01,Brooklyn,2,LCL/LTD,B9,Peak,1573,2138,0.735734
2025-02-01,Brooklyn,1,EXP,BM1,Off-Peak,862,1186,0.726813
2025-02-01,Brooklyn,1,EXP,BM1,Peak,808,1277,0.632733
2025-02-01,Brooklyn,2,EXP,BM1,Off-Peak,149,180,0.827778
2025-02-01,Brooklyn,2,EXP,BM1,Peak,47,71,0.661972
2025-02-01,Brooklyn,1,EXP,BM2,Off-Peak,1060,1356,0.781711
2025-02-01,Brooklyn,1,EXP,BM2,Peak,692,1051,0.658421
2025-02-01,Brooklyn,2,EXP,BM2,Off-Peak,191,227,0.84141
2025-02-01,Brooklyn,2,EXP,BM2,Peak,74,74,1
2025-02-01,Brooklyn,1,EXP,BM3,Off-Peak,968,1345,0.719703
2025-02-01,Brooklyn,1,EXP,BM3,Peak,618,1077,0.573816
2025-02-01,Brooklyn,2,EXP,BM3,Off-Peak,170,229,0.742358
2025-02-01,Brooklyn,2,EXP,BM3,Peak,58,76,0.763158
2025-02-01,Brooklyn,1,EXP,BM4,Off-Peak,632,882,0.716553
2025-02-01,Brooklyn,1,EXP,BM4,Peak,608,990,0.614141
2025-02-01,Brooklyn,2,EXP,BM4,Off-Peak,138,186,0.741935
2025-02-01,Brooklyn,2,EXP,BM4,Peak,44,50,0.88
2025-02-01,Brooklyn,1,EXP,BM5,Off-Peak,402,538,0.747212
2025-02-01,Brooklyn,1,EXP,BM5,Peak,332,534,0.621723
2025-02-01,Brooklyn,2,EXP,BM5,Off-Peak,77,92,0.836957
2025-02-01,Brooklyn,2,EXP,BM5,Peak,23,28,0.821429
2025-02-01,Brooklyn,1,EXP,X27,Off-Peak,2047,2352,0.870323
2025-02-01,Brooklyn,1,EXP,X27,Peak,902,1230,0.733333
2025-02-01,Brooklyn,2,EXP,X27,Off-Peak,708,826,0.857143
2025-02-01,Brooklyn,2,EXP,X27,Peak,318,364,0.873626
2025-02-01,Brooklyn,1,EXP,X28,Off-Peak,2120,2461,0.861438
2025-02-01,Brooklyn,1,EXP,X28,Peak,1184,1578,0.750317
2025-02-01,Brooklyn,2,EXP,X28,Off-Peak,720,839,0.858164
2025-02-01,Brooklyn,2,EXP,X28,Peak,397,460,0.863043
2025-02-01,Brooklyn,1,EXP,X37,Off-Peak,109,123,0.886179
2025-02-01,Brooklyn,1,EXP,X37,Peak,829,1071,0.774043
2025-02-01,Brooklyn,1,EXP,X38,Off-Peak,154,187,0.823529
2025-02-01,Brooklyn,1,EXP,X38,Peak,912,1187,0.768324
2025-02-01,Manhattan,1,LCL/LTD,M1,Off-Peak,7933,10197,0.777974
2025-02-01,Manhattan,1,LCL/LTD,M1,Peak,4281,6089,0.703071
2025-02-01,Manhattan,2,LCL/LTD,M1,Off-Peak,2036,3488,0.583716
2025-02-01,Manhattan,2,LCL/LTD,M1,Peak,837,1392,0.601293
2025-02-01,Manhattan,1,LCL/LTD,M10,Off-Peak,6659,7399,0.899986
2025-02-01,Manhattan,1,LCL/LTD,M10,Peak,3086,3898,0.791688
2025-02-01,Manhattan,2,LCL/LTD,M10,Off-Peak,2156,2907,0.741658
2025-02-01,Manhattan,2,LCL/LTD,M10,Peak,939,1235,0.760324
2025-02-01,Manhattan,1,LCL/LTD,M100,Off-Peak,8623,10616,0.812265
2025-02-01,Manhattan,1,LCL/LTD,M100,Peak,3711,5006,0.74131
2025-02-01,Manhattan,2,LCL/LTD,M100,Off-Peak,2073,2907,0.713106
2025-02-01,Manhattan,2,LCL/LTD,M100,Peak,835,1176,0.710034
2025-02-01,Manhattan,1,LCL/LTD,M101,Off-Peak,21845,26640,0.820008
2025-02-01,Manhattan,1,LCL/LTD,M101,Peak,7280,10190,0.714426
2025-02-01,Manhattan,2,LCL/LTD,M101,Off-Peak,4803,7782,0.617194
2025-02-01,Manhattan,2,LCL/LTD,M101,Peak,1845,2953,0.624788
2025-02-01,Manhattan,1,LCL/LTD,M102,Off-Peak,11023,13639,0.808197
2025-02-01,Manhattan,1,LCL/LTD,M102,Peak,3934,5390,0.72987
2025-02-01,Manhattan,2,LCL/LTD,M102,Off-Peak,3339,4870,0.685626
2025-02-01,Manhattan,2,LCL/LTD,M102,Peak,1149,1768,0.649887
2025-02-01,Manhattan,1,LCL/LTD,M103,Off-Peak,10365,12922,0.80212
2025-02-01,Manhattan,1,LCL/LTD,M103,Peak,3558,5001,0.711458
2025-02-01,Manhattan,2,LCL/LTD,M103,Off-Peak,3664,4768,0.768456
2025-02-01,Manhattan,2,LCL/LTD,M103,Peak,1470,1904,0.772059
2025-02-01,Manhattan,1,LCL/LTD,M104,Off-Peak,8193,9809,0.835253
2025-02-01,Manhattan,1,LCL/LTD,M104,Peak,3054,3987,0.765989
2025-02-01,Manhattan,2,LCL/LTD,M104,Off-Peak,4416,6072,0.727273
2025-02-01,Manhattan,2,LCL/LTD,M104,Peak,1623,2233,0.726825
2025-02-01,Manhattan,1,LCL/LTD,M106,Off-Peak,2734,3315,0.824736
2025-02-01,Manhattan,1,LCL/LTD,M106,Peak,2128,2680,0.79403
2025-02-01,Manhattan,2,LCL/LTD,M106,Off-Peak,678,785,0.863694
2025-02-01,Manhattan,2,LCL/LTD,M106,Peak,318,365,0.871233
2025-02-01,Manhattan,1,LCL/LTD,M11,Off-Peak,16419,19986,0.821525
2025-02-01,Manhattan,1,LCL/LTD,M11,Peak,6525,9142,0.713739
2025-02-01,Manhattan,2,LCL/LTD,M11,Off-Peak,3808,6032,0.6313
2025-02-01,Manhattan,2,LCL/LTD,M11,Peak,1726,2676,0.644993
2025-02-01,Manhattan,1,LCL/LTD,M116,Off-Peak,11967,13675,0.875101
2025-02-01,Manhattan,1,LCL/LTD,M116,Peak,6017,7443,0.808411
2025-02-01,Manhattan,2,LCL/LTD,M116,Off-Peak,3167,3935,0.804828
2025-02-01,Manhattan,2,LCL/LTD,M116,Peak,1352,1651,0.818898
2025-02-01,Manhattan,1,LCL/LTD,M12,Off-Peak,2099,2273,0.923449
2025-02-01,Manhattan,1,LCL/LTD,M12,Peak,920,1104,0.833333
2025-02-01,Manhattan,2,LCL/LTD,M12,Off-Peak,658,923,0.712893
2025-02-01,Manhattan,2,LCL/LTD,M12,Peak,333,432,0.770833
2025-02-01,Manhattan,1,LCL/LTD,M125,Off-Peak,12749,15801,0.806848
2025-02-01,Manhattan,1,LCL/LTD,M125,Peak,4250,6158,0.690159
2025-02-01,Manhattan,2,LCL/LTD,M125,Off-Peak,4123,5678,0.726136
2025-02-01,Manhattan,2,LCL/LTD,M125,Peak,1360,2086,0.651965
2025-02-01,Manhattan,1,SBS,M14A+,Off-Peak,3543,3941,0.89901
2025-02-01,Manhattan,1,SBS,M14A+,Peak,1381,1711,0.80713
2025-02-01,Manhattan,2,SBS,M14A+,Off-Peak,1015,1264,0.803006
2025-02-01,Manhattan,2,SBS,M14A+,Peak,420,491,0.855397
2025-02-01,Manhattan,1,SBS,M14D+,Off-Peak,8039,8881,0.905191
2025-02-01,Manhattan,1,SBS,M14D+,Peak,3677,4465,0.823516
2025-02-01,Manhattan,2,SBS,M14D+,Off-Peak,2035,2796,0.727825
2025-02-01,Manhattan,2,SBS,M14D+,Peak,773,1032,0.749031
2025-02-01,Manhattan,1,LCL/LTD,M15,Off-Peak,24183,29278,0.825979
2025-02-01,Manhattan,1,LCL/LTD,M15,Peak,7282,10063,0.723641
2025-02-01,Manhattan,2,LCL/LTD,M15,Off-Peak,6652,9979,0.6666
2025-02-01,Manhattan,2,LCL/LTD,M15,Peak,2072,3306,0.626739
2025-02-01,Manhattan,1,SBS,M15+,Off-Peak,7459,9394,0.794017
2025-02-01,Manhattan,1,SBS,M15+,Peak,4404,5729,0.768721
2025-02-01,Manhattan,2,SBS,M15+,Off-Peak,2083,3314,0.628546
2025-02-01,Manhattan,2,SBS,M15+,Peak,858,1292,0.664087
2025-02-01,Manhattan,1,LCL/LTD,M2,Off-Peak,8612,10503,0.819956
2025-02-01,Manhattan,1,LCL/LTD,M2,Peak,3583,4889,0.73287
2025-02-01,Manhattan,2,LCL/LTD,M2,Off-Peak,2354,3397,0.692964
2025-02-01,Manhattan,2,LCL/LTD,M2,Peak,913,1427,0.639804
2025-02-01,Manhattan,1,LCL/LTD,M20,Off-Peak,4551,5754,0.790928
2025-02-01,Manhattan,1,LCL/LTD,M20,Peak,1936,2748,0.704512
2025-02-01,Manhattan,2,LCL/LTD,M20,Off-Peak,1994,3036,0.656785
2025-02-01,Manhattan,2,LCL/LTD,M20,Peak,758,1108,0.684116
2025-02-01,Manhattan,1,LCL/LTD,M21,Off-Peak,3416,3882,0.879959
2025-02-01,Manhattan,1,LCL/LTD,M21,Peak,1987,2495,0.796393
2025-02-01,Manhattan,2,LCL/LTD,M21,Off-Peak,1094,1341,0.815809
2025-02-01,Manhattan,2,LCL/LTD,M21,Peak,381,472,0.807203
2025-02-01,Manhattan,1,LCL/LTD,M22,Off-Peak,3171,3590,0.883287
2025-02-01,Manhattan,1,LCL/LTD,M22,Peak,1618,2100,0.770476
2025-02-01,Manhattan,2,LCL/LTD,M22,Off-Peak,787,1080,0.728704
2025-02-01,Manhattan,2,LCL/LTD,M22,Peak,408,508,0.80315
2025-02-01,Manhattan,1,SBS,M23+,Off-Peak,2662,3047,0.873646
2025-02-01,Manhattan,1,SBS,M23+,Peak,1112,1372,0.810496
2025-02-01,Manhattan,2,SBS,M23+,Off-Peak,708,946,0.748414
2025-02-01,Manhattan,2,SBS,M23+,Peak,273,348,0.784483
2025-02-01,Manhattan,1,LCL/LTD,M3,Off-Peak,10979,13191,0.83231
2025-02-01,Manhattan,1,LCL/LTD,M3,Peak,4532,6116,0.741007
2025-02-01,Manhattan,2,LCL/LTD,M3,Off-Peak,3094,4641,0.666667
2025-02-01,Manhattan,2,LCL/LTD,M3,Peak,1310,2000,0.655
2025-02-01,Manhattan,1,LCL/LTD,M31,Off-Peak,6734,8460,0.795981
2025-02-01,Manhattan,1,LCL/LTD,M31,Peak,3275,4621,0.708721
2025-02-01,Manhattan,2,LCL/LTD,M31,Off-Peak,2263,3269,0.692261
2025-02-01,Manhattan,2,LCL/LTD,M31,Peak,887,1263,0.702296
2025-02-01,Manhattan,1,SBS,M34+,Off-Peak,2861,3255,0.878955
2025-02-01,Manhattan,1,SBS,M34+,Peak,1139,1484,0.76752
2025-02-01,Manhattan,2,SBS,M34+,Off-Peak,661,870,0.75977
2025-02-01,Manhattan,2,SBS,M34+,Peak,289,376,0.768617
2025-02-01,Manhattan,1,SBS,M34A+,Off-Peak,2822,3423,0.824423
2025-02-01,Manhattan,1,SBS,M34A+,Peak,1279,1743,0.733792
2025-02-01,Manhattan,2,SBS,M34A+,Off-Peak,835,1037,0.805207
2025-02-01,Manhattan,2,SBS,M34A+,Peak,332,422,0.78673
2025-02-01,Manhattan,1,LCL/LTD,M4,Off-Peak,18125,22099,0.820173
2025-02-01,Manhattan,1,LCL/LTD,M4,Peak,8040,11032,0.728789
2025-02-01,Manhattan,2,LCL/LTD,M4,Off-Peak,4058,6130,0.66199
2025-02-01,Manhattan,2,LCL/LTD,M4,Peak,1773,2730,0.649451
2025-02-01,Manhattan,1,LCL/LTD,M42,Off-Peak,8473,9353,0.905913
2025-02-01,Manhattan,1,LCL/LTD,M42,Peak,4036,5106,0.790443
2025-02-01,Manhattan,2,LCL/LTD,M42,Off-Peak,1950,2421,0.805452
2025-02-01,Manhattan,2,LCL/LTD,M42,Peak,715,943,0.758218
2025-02-01,Manhattan,1,LCL/LTD,M5,Off-Peak,9454,12052,0.784434
2025-02-01,Manhattan,1,LCL/LTD,M5,Peak,3739,5356,0.698096
2025-02-01,Manhattan,2,LCL/LTD,M5,Off-Peak,2928,4394,0.666363
2025-02-01,Manhattan,2,LCL/LTD,M5,Peak,1292,1905,0.678215
2025-02-01,Manhattan,1,LCL/LTD,M50,Off-Peak,4401,4839,0.909485
2025-02-01,Manhattan,1,LCL/LTD,M50,Peak,2048,2576,0.795031
2025-02-01,Manhattan,2,LCL/LTD,M50,Off-Peak,812,1137,0.71416
2025-02-01,Manhattan,2,LCL/LTD,M50,Peak,284,436,0.651376
2025-02-01,Manhattan,1,LCL/LTD,M55,Off-Peak,4964,6176,0.803756
2025-02-01,Manhattan,1,LCL/LTD,M55,Peak,1882,2599,0.724125
2025-02-01,Manhattan,2,LCL/LTD,M55,Off-Peak,1932,2712,0.712389
2025-02-01,Manhattan,2,LCL/LTD,M55,Peak,859,1198,0.717028
2025-02-01,Manhattan,1,LCL/LTD,M57,Off-Peak,6186,6956,0.889304
2025-02-01,Manhattan,1,LCL/LTD,M57,Peak,3213,4057,0.791965
2025-02-01,Manhattan,2,LCL/LTD,M57,Off-Peak,1863,2402,0.775604
2025-02-01,Manhattan,2,LCL/LTD,M57,Peak,808,1038,0.77842
2025-02-01,Manhattan,1,SBS,M60+,Off-Peak,2433,3124,0.778809
2025-02-01,Manhattan,1,SBS,M60+,Peak,845,1216,0.694901
2025-02-01,Manhattan,2,SBS,M60+,Off-Peak,837,1252,0.66853
2025-02-01,Manhattan,2,SBS,M60+,Peak,265,404,0.655941
2025-02-01,Manhattan,1,LCL/LTD,M66,Off-Peak,5827,6657,0.875319
2025-02-01,Manhattan,1,LCL/LTD,M66,Peak,3707,4591,0.807449
2025-02-01,Manhattan,2,LCL/LTD,M66,Off-Peak,1150,1659,0.693189
2025-02-01,Manhattan,2,LCL/LTD,M66,Peak,534,728,0.733516
2025-02-01,Manhattan,1,LCL/LTD,M7,Off-Peak,9492,12447,0.762593
2025-02-01,Manhattan,1,LCL/LTD,M7,Peak,3195,4722,0.67662
2025-02-01,Manhattan,2,LCL/LTD,M7,Off-Peak,3114,5160,0.603488
2025-02-01,Manhattan,2,LCL/LTD,M7,Peak,1063,1903,0.558592
2025-02-01,Manhattan,1,LCL/LTD,M72,Off-Peak,6865,7688,0.89295
2025-02-01,Manhattan,1,LCL/LTD,M72,Peak,2681,3562,0.752667
2025-02-01,Manhattan,2,LCL/LTD,M72,Off-Peak,1860,2307,0.806242
2025-02-01,Manhattan,2,LCL/LTD,M72,Peak,755,919,0.821545
2025-02-01,Manhattan,1,SBS,M79+,Off-Peak,5643,6592,0.856038
2025-02-01,Manhattan,1,SBS,M79+,Peak,2872,3697,0.776846
2025-02-01,Manhattan,2,SBS,M79+,Off-Peak,1706,2311,0.738209
2025-02-01,Manhattan,2,SBS,M79+,Peak,626,877,0.713797
2025-02-01,Manhattan,1,LCL/LTD,M8,Off-Peak,3266,3778,0.864479
2025-02-01,Manhattan,1,LCL/LTD,M8,Peak,2154,2650,0.81283
2025-02-01,Manhattan,2,LCL/LTD,M8,Off-Peak,991,1179,0.840543
2025-02-01,Manhattan,2,LCL/LTD,M8,Peak,333,446,0.746637
2025-02-01,Manhattan,1,SBS,M86+,Off-Peak,3624,4148,0.873674
2025-02-01,Manhattan,1,SBS,M86+,Peak,1880,2367,0.794254
2025-02-01,Manhattan,2,SBS,M86+,Off-Peak,1157,1496,0.773396
2025-02-01,Manhattan,2,SBS,M86+,Peak,400,532,0.75188
2025-02-01,Manhattan,1,LCL/LTD,M9,Off-Peak,6431,7696,0.835629
2025-02-01,Manhattan,1,LCL/LTD,M9,Peak,3333,4446,0.749663
2025-02-01,Manhattan,2,LCL/LTD,M9,Off-Peak,1524,2341,0.651004
2025-02-01,Manhattan,2,LCL/LTD,M9,Peak,519,776,0.668814
2025-02-01,Manhattan,1,LCL/LTD,M96,Off-Peak,12899,15014,0.859131
2025-02-01,Manhattan,1,LCL/LTD,M96,Peak,6833,8601,0.794443
2025-02-01,Manhattan,2,LCL/LTD,M96,Off-Peak,3003,3836,0.782847
2025-02-01,Manhattan,2,LCL/LTD,M96,Peak,1178,1518,0.776021
2025-02-01,Manhattan,1,LCL/LTD,M98,Off-Peak,184,212,0.867925
2025-02-01,Manhattan,1,LCL/LTD,M98,Peak,413,549,0.752277
2025-02-01,Queens,1,LCL/LTD,Q1,Off-Peak,9061,10280,0.88142
2025-02-01,Queens,1,LCL/LTD,Q1,Peak,3847,4844,0.794178
2025-02-01,Queens,2,LCL/LTD,Q1,Off-Peak,2998,3451,0.868734
2025-02-01,Queens,2,LCL/LTD,Q1,Peak,1137,1315,0.864639
2025-02-01,Queens,1,LCL/LTD,Q10,Off-Peak,13991,16538,0.845991
2025-02-01,Queens,1,LCL/LTD,Q10,Peak,5160,7416,0.695793
2025-02-01,Queens,2,LCL/LTD,Q10,Off-Peak,4725,5452,0.866654
2025-02-01,Queens,2,LCL/LTD,Q10,Peak,1858,2102,0.88392
2025-02-01,Queens,1,LCL/LTD,Q100,Off-Peak,3468,3947,0.878642
2025-02-01,Queens,1,LCL/LTD,Q100,Peak,1296,1678,0.772348
2025-02-01,Queens,2,LCL/LTD,Q100,Off-Peak,1439,1753,0.820878
2025-02-01,Queens,2,LCL/LTD,Q100,Peak,547,637,0.858713
2025-02-01,Queens,1,LCL/LTD,Q101,Off-Peak,3824,4386,0.871865
2025-02-01,Queens,1,LCL/LTD,Q101,Peak,1683,2336,0.720462
2025-02-01,Queens,2,LCL/LTD,Q101,Off-Peak,1276,1495,0.853512
2025-02-01,Queens,2,LCL/LTD,Q101,Peak,460,536,0.858209
2025-02-01,Queens,1,LCL/LTD,Q102,Off-Peak,2109,2596,0.812404
2025-02-01,Queens,1,LCL/LTD,Q102,Peak,979,1371,0.714077
2025-02-01,Queens,2,LCL/LTD,Q102,Off-Peak,770,988,0.779352
2025-02-01,Queens,2,LCL/LTD,Q102,Peak,275,368,0.747283
2025-02-01,Queens,1,LCL/LTD,Q103,Off-Peak,638,770,0.828571
2025-02-01,Queens,1,LCL/LTD,Q103,Peak,457,578,0.790657
2025-02-01,Queens,2,LCL/LTD,Q103,Off-Peak,173,218,0.793578
2025-02-01,Queens,2,LCL/LTD,Q103,Peak,95,113,0.840708
2025-02-01,Queens,1,LCL/LTD,Q104,Off-Peak,779,899,0.866518
2025-02-01,Queens,1,LCL/LTD,Q104,Peak,449,552,0.813406
2025-02-01,Queens,2,LCL/LTD,Q104,Off-Peak,245,262,0.935115
2025-02-01,Queens,2,LCL/LTD,Q104,Peak,95,112,0.848214
2025-02-01,Queens,1,LCL/LTD,Q109,Off-Peak,1604,2274,0.705365
2025-02-01,Queens,1,LCL/LTD,Q109,Peak,518,801,0.646692
2025-02-01,Queens,2,LCL/LTD,Q109,Off-Peak,616,930,0.662366
2025-02-01,Queens,2,LCL/LTD,Q109,Peak,201,308,0.652597
2025-02-01,Queens,1,LCL/LTD,Q11,Off-Peak,4625,5646,0.819164
2025-02-01,Queens,1,LCL/LTD,Q11,Peak,2683,3711,0.722986
2025-02-01,Queens,2,LCL/LTD,Q11,Off-Peak,1296,1599,0.810507
2025-02-01,Queens,2,LCL/LTD,Q11,Peak,496,620,0.8
2025-02-01,Queens,1,LCL/LTD,Q110,Off-Peak,9553,11512,0.82983
2025-02-01,Queens,1,LCL/LTD,Q110,Peak,4216,5995,0.703253
2025-02-01,Queens,2,LCL/LTD,Q110,Off-Peak,2890,3498,0.826186
2025-02-01,Queens,2,LCL/LTD,Q110,Peak,998,1228,0.812704
2025-02-01,Queens,1,LCL/LTD,Q111,Off-Peak,12677,14886,0.851606
2025-02-01,Queens,1,LCL/LTD,Q111,Peak,5900,7551,0.781353
2025-02-01,Queens,2,LCL/LTD,Q111,Off-Peak,4435,5190,0.854528
2025-02-01,Queens,2,LCL/LTD,Q111,Peak,1648,1971,0.836124
2025-02-01,Queens,1,LCL/LTD,Q112,Off-Peak,6082,7135,0.852418
2025-02-01,Queens,1,LCL/LTD,Q112,Peak,3705,5065,0.731491
2025-02-01,Queens,2,LCL/LTD,Q112,Off-Peak,1727,2152,0.802509
2025-02-01,Queens,2,LCL/LTD,Q112,Peak,806,974,0.827515
2025-02-01,Queens,1,LCL/LTD,Q113,Off-Peak,4323,5133,0.842198
2025-02-01,Queens,1,LCL/LTD,Q113,Peak,2461,3461,0.711066
2025-02-01,Queens,2,LCL/LTD,Q113,Off-Peak,1204,1463,0.822967
2025-02-01,Queens,2,LCL/LTD,Q113,Peak,542,616,0.87987
2025-02-01,Queens,1,LCL/LTD,Q114,Off-Peak,7980,9502,0.839823
2025-02-01,Queens,1,LCL/LTD,Q114,Peak,2443,3548,0.688557
2025-02-01,Queens,2,LCL/LTD,Q114,Off-Peak,2688,3565,0.753997
2025-02-01,Queens,2,LCL/LTD,Q114,Peak,798,1082,0.737523
2025-02-01,Queens,1,LCL/LTD,Q12,Off-Peak,9695,11057,0.87682
2025-02-01,Queens,1,LCL/LTD,Q12,Peak,3424,4412,0.776065
2025-02-01,Queens,2,LCL/LTD,Q12,Off-Peak,3047,4088,0.745352
2025-02-01,Queens,2,LCL/LTD,Q12,Peak,1100,1554,0.707851
2025-02-01,Queens,1,LCL/LTD,Q13,Off-Peak,5020,6407,0.783518
2025-02-01,Queens,1,LCL/LTD,Q13,Peak,2348,3283,0.7152
2025-02-01,Queens,2,LCL/LTD,Q13,Off-Peak,1792,2210,0.81086
2025-02-01,Queens,2,LCL/LTD,Q13,Peak,671,852,0.787559
2025-02-01,Queens,1,LCL/LTD,Q15,Off-Peak,3135,3549,0.883347
2025-02-01,Queens,1,LCL/LTD,Q15,Peak,1629,2068,0.787718
2025-02-01,Queens,2,LCL/LTD,Q15,Off-Peak,711,896,0.793527
2025-02-01,Queens,2,LCL/LTD,Q15,Peak,315,401,0.785536
2025-02-01,Queens,1,LCL/LTD,Q15A,Off-Peak,3889,4326,0.898983
2025-02-01,Queens,1,LCL/LTD,Q15A,Peak,2136,2697,0.791991
2025-02-01,Queens,2,LCL/LTD,Q15A,Off-Peak,914,1111,0.822682
2025-02-01,Queens,2,LCL/LTD,Q15A,Peak,363,468,0.775641
2025-02-01,Queens,1,LCL/LTD,Q16,Off-Peak,5181,5607,0.924024
2025-02-01,Queens,1,LCL/LTD,Q16,Peak,2863,3523,0.81266
2025-02-01,Queens,2,LCL/LTD,Q16,Off-Peak,1502,1801,0.833981
2025-02-01,Queens,2,LCL/LTD,Q16,Peak,528,708,0.745763
2025-02-01,Queens,1,LCL/LTD,Q17,Off-Peak,18435,22043,0.83632
2025-02-01,Queens,1,LCL/LTD,Q17,Peak,6503,9378,0.693431
2025-02-01,Queens,2,LCL/LTD,Q17,Off-Peak,7244,9443,0.767129
2025-02-01,Queens,2,LCL/LTD,Q17,Peak,3015,3898,0.773474
2025-02-01,Queens,1,LCL/LTD,Q18,Off-Peak,4582,5710,0.802452
2025-02-01,Queens,1,LCL/LTD,Q18,Peak,2610,3922,0.665477
2025-02-01,Queens,2,LCL/LTD,Q18,Off-Peak,1447,1747,0.828277
2025-02-01,Queens,2,LCL/LTD,Q18,Peak,592,735,0.805442
2025-02-01,Queens,1,LCL/LTD,Q19,Off-Peak,3580,4275,0.837427
2025-02-01,Queens,1,LCL/LTD,Q19,Peak,1731,2444,0.708265
2025-02-01,Queens,2,LCL/LTD,Q19,Off-Peak,894,1090,0.820183
2025-02-01,Queens,2,LCL/LTD,Q19,Peak,387,514,0.752918
2025-02-01,Queens,1,LCL/LTD,Q2,Off-Peak,11679,13187,0.885645
2025-02-01,Queens,1,LCL/LTD,Q2,Peak,4683,5912,0.792118
2025-02-01,Queens,2,LCL/LTD,Q2,Off-Peak,3579,4044,0.885015
2025-02-01,Queens,2,LCL/LTD,Q2,Peak,1247,1486,0.839166
2025-02-01,Queens,1,LCL/LTD,Q20A,Off-Peak,7563,8821,0.857386
2025-02-01,Queens,1,LCL/LTD,Q20A,Peak,2716,3578,0.759083
2025-02-01,Queens,2,LCL/LTD,Q20A,Off-Peak,3685,4886,0.754196
2025-02-01,Queens,2,LCL/LTD,Q20A,Peak,1316,1755,0.749858
2025-02-01,Queens,1,LCL/LTD,Q20B,Off-Peak,5468,6272,0.871811
2025-02-01,Queens,1,LCL/LTD,Q20B,Peak,2399,3260,0.73589
2025-02-01,Queens,1,LCL/LTD,Q21,Off-Peak,3901,4651,0.838744
2025-02-01,Queens,1,LCL/LTD,Q21,Peak,1532,2157,0.710246
2025-02-01,Queens,2,LCL/LTD,Q21,Off-Peak,1612,1857,0.868067
2025-02-01,Queens,2,LCL/LTD,Q21,Peak,709,844,0.840047
2025-02-01,Queens,1,LCL/LTD,Q22,Off-Peak,3161,4329,0.730192
2025-02-01,Queens,1,LCL/LTD,Q22,Peak,1128,1786,0.631579
2025-02-01,Queens,2,LCL/LTD,Q22,Off-Peak,1015,1453,0.698555
2025-02-01,Queens,2,LCL/LTD,Q22,Peak,447,593,0.753794
2025-02-01,Queens,1,LCL/LTD,Q23,Off-Peak,8898,10805,0.823508
2025-02-01,Queens,1,LCL/LTD,Q23,Peak,3931,5622,0.699217
2025-02-01,Queens,2,LCL/LTD,Q23,Off-Peak,2909,3464,0.839781
2025-02-01,Queens,2,LCL/LTD,Q23,Peak,1220,1418,0.860367
2025-02-01,Queens,1,LCL/LTD,Q24,Off-Peak,8921,13517,0.659984
2025-02-01,Queens,1,LCL/LTD,Q24,Peak,4228,7296,0.579496
2025-02-01,Queens,2,LCL/LTD,Q24,Off-Peak,2727,4296,0.634777
2025-02-01,Queens,2,LCL/LTD,Q24,Peak,972,1646,0.590522
2025-02-01,Queens,1,LCL/LTD,Q25,Off-Peak,10009,12842,0.779396
2025-02-01,Queens,1,LCL/LTD,Q25,Peak,6411,9350,0.685668
2025-02-01,Queens,2,LCL/LTD,Q25,Off-Peak,2921,3564,0.819585
2025-02-01,Queens,2,LCL/LTD,Q25,Peak,1006,1258,0.799682
2025-02-01,Queens,1,LCL/LTD,Q26,Off-Peak,979,1081,0.905643
2025-02-01,Queens,1,LCL/LTD,Q26,Peak,1702,2006,0.848455
2025-02-01,Queens,1,LCL/LTD,Q27,Off-Peak,27887,34547,0.807219
2025-02-01,Queens,1,LCL/LTD,Q27,Peak,12378,17642,0.701621
2025-02-01,Queens,2,LCL/LTD,Q27,Off-Peak,7060,8743,0.807503
2025-02-01,Queens,2,LCL/LTD,Q27,Peak,3019,3753,0.804423
2025-02-01,Queens,1,LCL/LTD,Q28,Off-Peak,7424,8943,0.830146
2025-02-01,Queens,1,LCL/LTD,Q28,Peak,3628,4800,0.755833
2025-02-01,Queens,2,LCL/LTD,Q28,Off-Peak,2308,2747,0.840189
2025-02-01,Queens,2,LCL/LTD,Q28,Peak,908,1099,0.826206
2025-02-01,Queens,1,LCL/LTD,Q29,Off-Peak,2806,3113,0.901381
2025-02-01,Queens,1,LCL/LTD,Q29,Peak,1610,2008,0.801793
2025-02-01,Queens,2,LCL/LTD,Q29,Off-Peak,906,1103,0.821396
2025-02-01,Queens,2,LCL/LTD,Q29,Peak,385,462,0.833333
2025-02-01,Queens,1,LCL/LTD,Q3,Off-Peak,17268,20874,0.827249
2025-02-01,Queens,1,LCL/LTD,Q3,Peak,5760,7867,0.732172
2025-02-01,Queens,2,LCL/LTD,Q3,Off-Peak,5413,6999,0.773396
2025-02-01,Queens,2,LCL/LTD,Q3,Peak,1683,2211,0.761194
2025-02-01,Queens,1,LCL/LTD,Q30,Off-Peak,17142,21555,0.795268
2025-02-01,Queens,1,LCL/LTD,Q30,Peak,6867,9736,0.70532
2025-02-01,Queens,2,LCL/LTD,Q30,Off-Peak,2496,3387,0.736935
2025-02-01,Queens,2,LCL/LTD,Q30,Peak,1123,1439,0.780403
2025-02-01,Queens,1,LCL/LTD,Q31,Off-Peak,6640,8521,0.779251
2025-02-01,Queens,1,LCL/LTD,Q31,Peak,3573,5633,0.634298
2025-02-01,Queens,2,LCL/LTD,Q31,Off-Peak,835,1113,0.750225
2025-02-01,Queens,2,LCL/LTD,Q31,Peak,382,576,0.663194
2025-02-01,Queens,1,LCL/LTD,Q32,Off-Peak,8357,10344,0.807908
2025-02-01,Queens,1,LCL/LTD,Q32,Peak,3270,4798,0.681534
2025-02-01,Queens,2,LCL/LTD,Q32,Off-Peak,2698,3620,0.745304
2025-02-01,Queens,2,LCL/LTD,Q32,Peak,1176,1622,0.725031
2025-02-01,Queens,1,LCL/LTD,Q33,Off-Peak,5045,5866,0.860041
2025-02-01,Queens,1,LCL/LTD,Q33,Peak,1751,2428,0.72117
2025-02-01,Queens,2,LCL/LTD,Q33,Off-Peak,1521,1722,0.883275
2025-02-01,Queens,2,LCL/LTD,Q33,Peak,500,561,0.891266
2025-02-01,Queens,1,LCL/LTD,Q34,Off-Peak,3684,4645,0.793111
2025-02-01,Queens,1,LCL/LTD,Q34,Peak,1135,1665,0.681682
2025-02-01,Queens,1,LCL/LTD,Q35,Off-Peak,5430,6227,0.872009
2025-02-01,Queens,1,LCL/LTD,Q35,Peak,2295,3075,0.746341
2025-02-01,Queens,2,LCL/LTD,Q35,Off-Peak,2385,2765,0.862568
2025-02-01,Queens,2,LCL/LTD,Q35,Peak,853,997,0.855567
2025-02-01,Queens,1,LCL/LTD,Q36,Off-Peak,15834,18506,0.855614
2025-02-01,Queens,1,LCL/LTD,Q36,Peak,7292,9625,0.75761
2025-02-01,Queens,2,LCL/LTD,Q36,Off-Peak,3302,4020,0.821393
2025-02-01,Queens,2,LCL/LTD,Q36,Peak,1071,1375,0.778909
2025-02-01,Queens,1,LCL/LTD,Q37,Off-Peak,4598,5628,0.816986
2025-02-01,Queens,1,LCL/LTD,Q37,Peak,2435,3486,0.698508
2025-02-01,Queens,2,LCL/LTD,Q37,Off-Peak,1179,1496,0.788102
2025-02-01,Queens,2,LCL/LTD,Q37,Peak,461,611,0.754501
2025-02-01,Queens,1,LCL/LTD,Q38,Off-Peak,5885,7350,0.80068
2025-02-01,Queens,1,LCL/LTD,Q38,Peak,3041,4488,0.677585
2025-02-01,Queens,2,LCL/LTD,Q38,Off-Peak,1639,2020,0.811386
2025-02-01,Queens,2,LCL/LTD,Q38,Peak,678,835,0.811976
2025-02-01,Queens,1,LCL/LTD,Q39,Off-Peak,5124,6287,0.815015
2025-02-01,Queens,1,LCL/LTD,Q39,Peak,2770,4178,0.662997
2025-02-01,Queens,2,LCL/LTD,Q39,Off-Peak,1271,1703,0.74633
2025-02-01,Queens,2,LCL/LTD,Q39,Peak,330,529,0.623819
2025-02-01,Queens,1,LCL/LTD,Q4,Off-Peak,14392,16861,0.853567
2025-02-01,Queens,1,LCL/LTD,Q4,Peak,6947,9424,0.73716
2025-02-01,Queens,2,LCL/LTD,Q4,Off-Peak,3546,4405,0.804994
2025-02-01,Queens,2,LCL/LTD,Q4,Peak,1274,1653,0.77072
2025-02-01,Queens,1,LCL/LTD,Q40,Off-Peak,2973,3995,0.74418
2025-02-01,Queens,1,LCL/LTD,Q40,Peak,1168,1922,0.6077
2025-02-01,Queens,2,LCL/LTD,Q40,Off-Peak,964,1170,0.823932
2025-02-01,Queens,2,LCL/LTD,Q40,Peak,380,444,0.855856
2025-02-01,Queens,1,LCL/LTD,Q41,Off-Peak,5716,7140,0.80056
2025-02-01,Queens,1,LCL/LTD,Q41,Peak,3027,4812,0.629052
2025-02-01,Queens,2,LCL/LTD,Q41,Off-Peak,1368,1882,0.726886
2025-02-01,Queens,2,LCL/LTD,Q41,Peak,619,909,0.680968
2025-02-01,Queens,1,LCL/LTD,Q42,Off-Peak,1234,1372,0.899417
2025-02-01,Queens,1,LCL/LTD,Q42,Peak,821,1031,0.796314
2025-02-01,Queens,1,LCL/LTD,Q43,Off-Peak,7792,9781,0.796647
2025-02-01,Queens,1,LCL/LTD,Q43,Peak,3155,4234,0.745158
2025-02-01,Queens,2,LCL/LTD,Q43,Off-Peak,2186,2803,0.779879
2025-02-01,Queens,2,LCL/LTD,Q43,Peak,899,1155,0.778355
2025-02-01,Queens,1,SBS,Q44+,Off-Peak,6409,7441,0.861309
2025-02-01,Queens,1,SBS,Q44+,Peak,2244,2924,0.767442
2025-02-01,Queens,2,SBS,Q44+,Off-Peak,1711,2410,0.709959
2025-02-01,Queens,2,SBS,Q44+,Peak,625,838,0.745823
2025-02-01,Queens,1,LCL/LTD,Q46,Off-Peak,13779,15407,0.894334
2025-02-01,Queens,1,LCL/LTD,Q46,Peak,7245,9023,0.802948
2025-02-01,Queens,2,LCL/LTD,Q46,Off-Peak,3434,3960,0.867172
2025-02-01,Queens,2,LCL/LTD,Q46,Peak,1364,1574,0.866582
2025-02-01,Queens,1,LCL/LTD,Q47,Off-Peak,6853,8162,0.839623
2025-02-01,Queens,1,LCL/LTD,Q47,Peak,3935,5554,0.708498
2025-02-01,Queens,2,LCL/LTD,Q47,Off-Peak,1286,1562,0.823303
2025-02-01,Queens,2,LCL/LTD,Q47,Peak,522,661,0.789713
2025-02-01,Queens,1,LCL/LTD,Q48,Off-Peak,2330,2910,0.800687
2025-02-01,Queens,1,LCL/LTD,Q48,Peak,853,1270,0.671654
2025-02-01,Queens,2,LCL/LTD,Q48,Off-Peak,893,1056,0.845644
2025-02-01,Queens,2,LCL/LTD,Q48,Peak,372,454,0.819383
2025-02-01,Queens,1,LCL/LTD,Q49,Off-Peak,2210,2547,0.867687
2025-02-01,Queens,1,LCL/LTD,Q49,Peak,1113,1523,0.730794
2025-02-01,Queens,2,LCL/LTD,Q49,Off-Peak,649,746,0.869973
2025-02-01,Queens,2,LCL/LTD,Q49,Peak,242,304,0.796053
2025-02-01,Queens,1,LCL/LTD,Q5,Off-Peak,25553,30740,0.831262
2025-02-01,Queens,1,LCL/LTD,Q5,Peak,10393,14177,0.733089
2025-02-01,Queens,2,LCL/LTD,Q5,Off-Peak,5657,7069,0.800255
2025-02-01,Queens,2,LCL/LTD,Q5,Peak,2342,2877,0.814042
2025-02-01,Queens,1,LCL/LTD,Q50,Off-Peak,2978,3475,0.856978
2025-02-01,Queens,1,LCL/LTD,Q50,Peak,1975,2636,0.749241
2025-02-01,Queens,2,LCL/LTD,Q50,Off-Peak,630,725,0.868966
2025-02-01,Queens,2,LCL/LTD,Q50,Peak,290,321,0.903427
2025-02-01,Queens,1,SBS,Q52+,Off-Peak,1054,1346,0.783061
2025-02-01,Queens,1,SBS,Q52+,Peak,463,668,0.693114
2025-02-01,Queens,2,SBS,Q52+,Off-Peak,374,442,0.846154
2025-02-01,Queens,2,SBS,Q52+,Peak,155,186,0.833333
2025-02-01,Queens,1,SBS,Q53+,Off-Peak,4308,5225,0.824498
2025-02-01,Queens,1,SBS,Q53+,Peak,1863,2423,0.768882
2025-02-01,Queens,2,SBS,Q53+,Off-Peak,1413,1739,0.812536
2025-02-01,Queens,2,SBS,Q53+,Peak,512,628,0.815287
2025-02-01,Queens,1,LCL/LTD,Q54,Off-Peak,14473,18968,0.763022
2025-02-01,Queens,1,LCL/LTD,Q54,Peak,5541,8345,0.66399
2025-02-01,Queens,2,LCL/LTD,Q54,Off-Peak,3750,5490,0.68306
2025-02-01,Queens,2,LCL/LTD,Q54,Peak,1417,2165,0.654503
2025-02-01,Queens,1,LCL/LTD,Q55,Off-Peak,7566,9475,0.798522
2025-02-01,Queens,1,LCL/LTD,Q55,Peak,3247,4602,0.705563
2025-02-01,Queens,2,LCL/LTD,Q55,Off-Peak,2080,2726,0.763023
2025-02-01,Queens,2,LCL/LTD,Q55,Peak,834,1144,0.729021
2025-02-01,Queens,1,LCL/LTD,Q56,Off-Peak,8751,13698,0.638852
2025-02-01,Queens,1,LCL/LTD,Q56,Peak,3423,5995,0.570976
2025-02-01,Queens,2,LCL/LTD,Q56,Off-Peak,2650,4149,0.638708
2025-02-01,Queens,2,LCL/LTD,Q56,Peak,1023,1664,0.614784
2025-02-01,Queens,1,LCL/LTD,Q58,Off-Peak,19887,26666,0.745781
2025-02-01,Queens,1,LCL/LTD,Q58,Peak,7695,11749,0.654949
2025-02-01,Queens,2,LCL/LTD,Q58,Off-Peak,5851,8257,0.708611
2025-02-01,Queens,2,LCL/LTD,Q58,Peak,2494,3483,0.716049
2025-02-01,Queens,1,LCL/LTD,Q59,Off-Peak,8276,10826,0.764456
2025-02-01,Queens,1,LCL/LTD,Q59,Peak,4000,6077,0.65822
2025-02-01,Queens,2,LCL/LTD,Q59,Off-Peak,2483,3748,0.662487
2025-02-01,Queens,2,LCL/LTD,Q59,Peak,1200,1723,0.69646
2025-02-01,Queens,1,LCL/LTD,Q6,Off-Peak,8213,10455,0.785557
2025-02-01,Queens,1,LCL/LTD,Q6,Peak,2711,4704,0.576318
2025-02-01,Queens,2,LCL/LTD,Q6,Off-Peak,2507,3146,0.796885
2025-02-01,Queens,2,LCL/LTD,Q6,Peak,897,1242,0.722222
2025-02-01,Queens,1,LCL/LTD,Q60,Off-Peak,14782,19093,0.77421
2025-02-01,Queens,1,LCL/LTD,Q60,Peak,4843,7477,0.64772
2025-02-01,Queens,2,LCL/LTD,Q60,Off-Peak,4326,5939,0.728405
2025-02-01,Queens,2,LCL/LTD,Q60,Peak,1550,2127,0.728726
2025-02-01,Queens,1,LCL/LTD,Q64,Off-Peak,7539,7950,0.948302
2025-02-01,Queens,1,LCL/LTD,Q64,Peak,4035,4795,0.841502
2025-02-01,Queens,2,LCL/LTD,Q64,Off-Peak,1494,1527,0.978389
2025-02-01,Queens,2,LCL/LTD,Q64,Peak,503,521,0.965451
2025-02-01,Queens,1,LCL/LTD,Q65,Off-Peak,9943,12917,0.769761
2025-02-01,Queens,1,LCL/LTD,Q65,Peak,5579,8149,0.684624
2025-02-01,Queens,2,LCL/LTD,Q65,Off-Peak,2698,3383,0.797517
2025-02-01,Queens,2,LCL/LTD,Q65,Peak,1075,1425,0.754386
2025-02-01,Queens,1,LCL/LTD,Q66,Off-Peak,4852,5720,0.848252
2025-02-01,Queens,1,LCL/LTD,Q66,Peak,2317,2953,0.784626
2025-02-01,Queens,2,LCL/LTD,Q66,Off-Peak,1550,1915,0.809399
2025-02-01,Queens,2,LCL/LTD,Q66,Peak,604,745,0.810738
2025-02-01,Queens,1,LCL/LTD,Q67,Off-Peak,1807,2077,0.870005
2025-02-01,Queens,1,LCL/LTD,Q67,Peak,1130,1544,0.731865
2025-02-01,Queens,2,LCL/LTD,Q67,Off-Peak,282,311,0.906752
2025-02-01,Queens,2,LCL/LTD,Q67,Peak,111,116,0.956897
2025-02-01,Queens,1,LCL/LTD,Q69,Off-Peak,3115,3669,0.849005
2025-02-01,Queens,1,LCL/LTD,Q69,Peak,1561,2127,0.733898
2025-02-01,Queens,2,LCL/LTD,Q69,Off-Peak,1147,1269,0.903861
2025-02-01,Queens,2,LCL/LTD,Q69,Peak,465,527,0.882353
2025-02-01,Queens,1,LCL/LTD,Q7,Off-Peak,5017,6779,0.74008
2025-02-01,Queens,1,LCL/LTD,Q7,Peak,2491,4025,0.618882
2025-02-01,Queens,2,LCL/LTD,Q7,Off-Peak,1452,1943,0.747298
2025-02-01,Queens,2,LCL/LTD,Q7,Peak,544,807,0.674102
2025-02-01,Queens,1,SBS,Q70+,Off-Peak,3645,3824,0.95319
2025-02-01,Queens,1,SBS,Q70+,Peak,1105,1312,0.842226
2025-02-01,Queens,2,SBS,Q70+,Off-Peak,1230,1336,0.920659
2025-02-01,Queens,2,SBS,Q70+,Peak,383,427,0.896956
2025-02-01,Queens,1,LCL/LTD,Q72,Off-Peak,5014,5969,0.840007
2025-02-01,Queens,1,LCL/LTD,Q72,Peak,2065,2706,0.763119
2025-02-01,Queens,2,LCL/LTD,Q72,Off-Peak,1337,1601,0.835103
2025-02-01,Queens,2,LCL/LTD,Q72,Peak,541,630,0.85873
2025-02-01,Queens,1,LCL/LTD,Q76,Off-Peak,7913,9865,0.802129
2025-02-01,Queens,1,LCL/LTD,Q76,Peak,4219,6052,0.697125
2025-02-01,Queens,2,LCL/LTD,Q76,Off-Peak,1725,2262,0.762599
2025-02-01,Queens,2,LCL/LTD,Q76,Peak,923,1174,0.786201
2025-02-01,Queens,1,LCL/LTD,Q77,Off-Peak,6771,8711,0.777293
2025-02-01,Queens,1,LCL/LTD,Q77,Peak,3913,5580,0.701254
2025-02-01,Queens,2,LCL/LTD,Q77,Off-Peak,1291,1707,0.756298
2025-02-01,Queens,2,LCL/LTD,Q77,Peak,666,843,0.790036
2025-02-01,Queens,1,LCL/LTD,Q8,Off-Peak,7208,10471,0.688377
2025-02-01,Queens,1,LCL/LTD,Q8,Peak,3543,5902,0.600305
2025-02-01,Queens,2,LCL/LTD,Q8,Off-Peak,2350,3305,0.711044
2025-02-01,Queens,2,LCL/LTD,Q8,Peak,1021,1479,0.690331
2025-02-01,Queens,1,LCL/LTD,Q83,Off-Peak,10931,12705,0.86037
2025-02-01,Queens,1,LCL/LTD,Q83,Peak,4653,6408,0.726124
2025-02-01,Queens,2,LCL/LTD,Q83,Off-Peak,3306,3836,0.861835
2025-02-01,Queens,2,LCL/LTD,Q83,Peak,1300,1489,0.873069
2025-02-01,Queens,1,LCL/LTD,Q84,Off-Peak,8523,9444,0.902478
2025-02-01,Queens,1,LCL/LTD,Q84,Peak,3641,4623,0.787584
2025-02-01,Queens,2,LCL/LTD,Q84,Off-Peak,2123,2473,0.858471
2025-02-01,Queens,2,LCL/LTD,Q84,Peak,882,1082,0.815157
2025-02-01,Queens,1,LCL/LTD,Q85,Off-Peak,23715,28201,0.840928
2025-02-01,Queens,1,LCL/LTD,Q85,Peak,10853,15117,0.717933
2025-02-01,Queens,2,LCL/LTD,Q85,Off-Peak,5613,6757,0.830694
2025-02-01,Queens,2,LCL/LTD,Q85,Peak,2306,2778,0.830094
2025-02-01,Queens,1,LCL/LTD,Q88,Off-Peak,13924,17780,0.783127
2025-02-01,Queens,1,LCL/LTD,Q88,Peak,6400,9443,0.677751
2025-02-01,Queens,2,LCL/LTD,Q88,Off-Peak,4003,4873,0.821465
2025-02-01,Queens,2,LCL/LTD,Q88,Peak,1640,2054,0.798442
2025-02-01,Queens,1,LCL/LTD,Q9,Off-Peak,2598,3441,0.755013
2025-02-01,Queens,1,LCL/LTD,Q9,Peak,1170,1891,0.61872
2025-02-01,Queens,2,LCL/LTD,Q9,Off-Peak,856,1029,0.831876
2025-02-01,Queens,2,LCL/LTD,Q9,Peak,325,445,0.730337
2025-02-01,Queens,1,EXP,QM1,Off-Peak,58,61,0.95082
2025-02-01,Queens,1,EXP,QM1,Peak,217,266,0.815789
2025-02-01,Queens,1,EXP,QM11,Off-Peak,86,100,0.86
2025-02-01,Queens,1,EXP,QM11,Peak,310,396,0.782828
2025-02-01,Queens,1,EXP,QM12,Off-Peak,66,68,0.970588
2025-02-01,Queens,1,EXP,QM12,Peak,290,392,0.739796
2025-02-01,Queens,1,EXP,QM15,Off-Peak,1728,1948,0.887064
2025-02-01,Queens,1,EXP,QM15,Peak,1770,2241,0.789826
2025-02-01,Queens,2,EXP,QM15,Off-Peak,158,195,0.810256
2025-02-01,Queens,2,EXP,QM15,Peak,86,97,0.886598
2025-02-01,Queens,1,EXP,QM16,Off-Peak,493,524,0.94084
2025-02-01,Queens,1,EXP,QM16,Peak,578,724,0.798343
2025-02-01,Queens,1,EXP,QM17,Off-Peak,164,252,0.650794
2025-02-01,Queens,1,EXP,QM17,Peak,475,653,0.727412
2025-02-01,Queens,1,EXP,QM18,Off-Peak,10,10,1
2025-02-01,Queens,1,EXP,QM18,Peak,406,512,0.792969
2025-02-01,Queens,1,EXP,QM2,Off-Peak,987,1125,0.877333
2025-02-01,Queens,1,EXP,QM2,Peak,548,738,0.742547
2025-02-01,Queens,2,EXP,QM2,Off-Peak,197,221,0.891403
2025-02-01,Queens,2,EXP,QM2,Peak,81,92,0.880435
2025-02-01,Queens,1,EXP,QM20,Off-Peak,945,1066,0.886492
2025-02-01,Queens,1,EXP,QM20,Peak,834,1046,0.797323
2025-02-01,Queens,1,EXP,QM21,Off-Peak,64,78,0.820513
2025-02-01,Queens,1,EXP,QM21,Peak,110,140,0.785714
2025-02-01,Queens,1,EXP,QM24,Off-Peak,73,79,0.924051
2025-02-01,Queens,1,EXP,QM24,Peak,367,445,0.824719
2025-02-01,Queens,1,EXP,QM25,Off-Peak,83,83,1
2025-02-01,Queens,1,EXP,QM25,Peak,274,336,0.815476
2025-02-01,Queens,1,EXP,QM31,Off-Peak,0,0,
2025-02-01,Queens,1,EXP,QM31,Peak,216,241,0.896266
2025-02-01,Queens,1,EXP,QM32,Off-Peak,37,37,1
2025-02-01,Queens,1,EXP,QM32,Peak,428,507,0.844181
2025-02-01,Queens,1,EXP,QM34,Off-Peak,57,61,0.934426
2025-02-01,Queens,1,EXP,QM34,Peak,462,525,0.88
2025-02-01,Queens,1,EXP,QM35,Off-Peak,81,87,0.931034
2025-02-01,Queens,1,EXP,QM35,Peak,527,679,0.776141
2025-02-01,Queens,1,EXP,QM36,Off-Peak,15,16,0.9375
2025-02-01,Queens,1,EXP,QM36,Peak,184,210,0.87619
2025-02-01,Queens,1,EXP,QM42,Off-Peak,0,0,
2025-02-01,Queens,1,EXP,QM42,Peak,267,334,0.799401
2025-02-01,Queens,1,EXP,QM5,Off-Peak,1297,1455,0.891409
2025-02-01,Queens,1,EXP,QM5,Peak,733,1069,0.685688
2025-02-01,Queens,2,EXP,QM5,Off-Peak,286,332,0.861446
2025-02-01,Queens,2,EXP,QM5,Peak,132,153,0.862745
2025-02-01,Queens,1,EXP,QM6,Off-Peak,702,844,0.831754
2025-02-01,Queens,1,EXP,QM6,Peak,637,839,0.759237
2025-02-01,Queens,2,EXP,QM6,Off-Peak,270,297,0.909091
2025-02-01,Queens,2,EXP,QM6,Peak,94,104,0.903846
2025-02-01,Queens,1,EXP,QM7,Off-Peak,252,265,0.950943
2025-02-01,Queens,1,EXP,QM7,Peak,586,718,0.816156
2025-02-01,Queens,1,EXP,QM8,Off-Peak,59,63,0.936508
2025-02-01,Queens,1,EXP,QM8,Peak,274,354,0.774011
2025-02-01,Queens,1,EXP,X63,Off-Peak,174,195,0.892308
2025-02-01,Queens,1,EXP,X63,Peak,632,773,0.817594
2025-02-01,Queens,1,EXP,X64,Off-Peak,50,56,0.892857
2025-02-01,Queens,1,EXP,X64,Peak,288,353,0.815864
2025-02-01,Queens,1,EXP,X68,Off-Peak,105,109,0.963303
2025-02-01,Queens,1,EXP,X68,Peak,442,532,0.830827
2025-02-01,Staten Island,1,LCL/LTD,S40,Off-Peak,5383,7186,0.749095
2025-02-01,Staten Island,1,LCL/LTD,S40,Peak,1548,2483,0.623439
2025-02-01,Staten Island,2,LCL/LTD,S40,Off-Peak,1645,2103,0.782216
2025-02-01,Staten Island,2,LCL/LTD,S40,Peak,892,1076,0.828996
2025-02-01,Staten Island,1,LCL/LTD,S42,Off-Peak,523,698,0.749284
2025-02-01,Staten Island,1,LCL/LTD,S42,Peak,511,750,0.681333
2025-02-01,Staten Island,1,LCL/LTD,S44,Off-Peak,8626,11102,0.776977
2025-02-01,Staten Island,1,LCL/LTD,S44,Peak,3059,4406,0.694281
2025-02-01,Staten Island,2,LCL/LTD,S44,Off-Peak,3146,3784,0.831395
2025-02-01,Staten Island,2,LCL/LTD,S44,Peak,1238,1553,0.797167
2025-02-01,Staten Island,1,LCL/LTD,S46,Off-Peak,11436,14161,0.80757
2025-02-01,Staten Island,1,LCL/LTD,S46,Peak,3697,5485,0.67402
2025-02-01,Staten Island,2,LCL/LTD,S46,Off-Peak,3620,4556,0.794557
2025-02-01,Staten Island,2,LCL/LTD,S46,Peak,1263,1640,0.770122
2025-02-01,Staten Island,1,LCL/LTD,S48,Off-Peak,7916,10441,0.758165
2025-02-01,Staten Island,1,LCL/LTD,S48,Peak,2342,3614,0.648035
2025-02-01,Staten Island,2,LCL/LTD,S48,Off-Peak,2638,3408,0.774061
2025-02-01,Staten Island,2,LCL/LTD,S48,Peak,934,1252,0.746006
2025-02-01,Staten Island,1,LCL/LTD,S51,Off-Peak,7679,9959,0.771061
2025-02-01,Staten Island,1,LCL/LTD,S51,Peak,2553,4045,0.63115
2025-02-01,Staten Island,2,LCL/LTD,S51,Off-Peak,2178,2758,0.789703
2025-02-01,Staten Island,2,LCL/LTD,S51,Peak,674,838,0.804296
2025-02-01,Staten Island,1,LCL/LTD,S52,Off-Peak,5227,7288,0.717206
2025-02-01,Staten Island,1,LCL/LTD,S52,Peak,2566,4117,0.623269
2025-02-01,Staten Island,2,LCL/LTD,S52,Off-Peak,1488,1941,0.766615
2025-02-01,Staten Island,2,LCL/LTD,S52,Peak,694,946,0.733615
2025-02-01,Staten Island,1,LCL/LTD,S53,Off-Peak,10292,12874,0.799441
2025-02-01,Staten Island,1,LCL/LTD,S53,Peak,3586,5420,0.661624
2025-02-01,Staten Island,2,LCL/LTD,S53,Off-Peak,4089,5002,0.817473
2025-02-01,Staten Island,2,LCL/LTD,S53,Peak,1554,1956,0.794479
2025-02-01,Staten Island,1,LCL/LTD,S54,Off-Peak,2770,3744,0.73985
2025-02-01,Staten Island,1,LCL/LTD,S54,Peak,1285,2297,0.559425
2025-02-01,Staten Island,1,LCL/LTD,S55,Off-Peak,1262,1752,0.72032
2025-02-01,Staten Island,1,LCL/LTD,S55,Peak,858,1171,0.732707
2025-02-01,Staten Island,1,LCL/LTD,S56,Off-Peak,897,1188,0.755051
2025-02-01,Staten Island,1,LCL/LTD,S56,Peak,436,645,0.675969
2025-02-01,Staten Island,1,LCL/LTD,S57,Off-Peak,4443,5504,0.807231
2025-02-01,Staten Island,1,LCL/LTD,S57,Peak,2211,3233,0.683885
2025-02-01,Staten Island,2,LCL/LTD,S57,Off-Peak,1660,1908,0.870021
2025-02-01,Staten Island,2,LCL/LTD,S57,Peak,771,860,0.896512
2025-02-01,Staten Island,1,LCL/LTD,S59,Off-Peak,6143,7598,0.808502
2025-02-01,Staten Island,1,LCL/LTD,S59,Peak,3393,4887,0.694291
2025-02-01,Staten Island,2,LCL/LTD,S59,Off-Peak,1798,2081,0.864008
2025-02-01,Staten Island,2,LCL/LTD,S59,Peak,776,926,0.838013
2025-02-01,Staten Island,1,LCL/LTD,S61,Off-Peak,7372,8722,0.845219
2025-02-01,Staten Island,1,LCL/LTD,S61,Peak,2071,2841,0.728969
2025-02-01,Staten Island,2,LCL/LTD,S61,Off-Peak,2036,2352,0.865646
2025-02-01,Staten Island,2,LCL/LTD,S61,Peak,834,978,0.852761
2025-02-01,Staten Island,1,LCL/LTD,S62,Off-Peak,8559,10101,0.847342
2025-02-01,Staten Island,1,LCL/LTD,S62,Peak,2156,3133,0.688158
2025-02-01,Staten Island,2,LCL/LTD,S62,Off-Peak,2406,2871,0.838036
2025-02-01,Staten Island,2,LCL/LTD,S62,Peak,766,960,0.797917
2025-02-01,Staten Island,1,LCL/LTD,S66,Off-Peak,5196,6481,0.801728
2025-02-01,Staten Island,1,LCL/LTD,S66,Peak,2152,3302,0.651726
2025-02-01,Staten Island,1,LCL/LTD,S74,Off-Peak,7530,10396,0.724317
2025-02-01,Staten Island,1,LCL/LTD,S74,Peak,2290,3721,0.615426
2025-02-01,Staten Island,2,LCL/LTD,S74,Off-Peak,2099,2990,0.702007
2025-02-01,Staten Island,2,LCL/LTD,S74,Peak,743,1113,0.667565
2025-02-01,Staten Island,1,LCL/LTD,S76,Off-Peak,6467,8981,0.720076
2025-02-01,Staten Island,1,LCL/LTD,S76,Peak,2702,4238,0.637565
2025-02-01,Staten Island,2,LCL/LTD,S76,Off-Peak,1297,1728,0.750579
2025-02-01,Staten Island,2,LCL/LTD,S76,Peak,595,808,0.736386
2025-02-01,Staten Island,1,LCL/LTD,S78,Off-Peak,9651,13169,0.732857
2025-02-01,Staten Island,1,LCL/LTD,S78,Peak,3301,5583,0.591259
2025-02-01,Staten Island,2,LCL/LTD,S78,Off-Peak,2192,3197,0.685643
2025-02-01,Staten Island,2,LCL/LTD,S78,Peak,772,1133,0.681377
2025-02-01,Staten Island,1,SBS,S79+,Off-Peak,8240,9954,0.827808
2025-02-01,Staten Island,1,SBS,S79+,Peak,4441,6025,0.737095
2025-02-01,Staten Island,2,SBS,S79+,Off-Peak,2808,3402,0.825397
2025-02-01,Staten Island,2,SBS,S79+,Peak,1185,1506,0.786853
2025-02-01,Staten Island,1,LCL/LTD,S81,Off-Peak,0,0,
2025-02-01,Staten Island,1,LCL/LTD,S81,Peak,328,545,0.601835
2025-02-01,Staten Island,1,LCL/LTD,S84,Off-Peak,37,58,0.637931
2025-02-01,Staten Island,1,LCL/LTD,S84,Peak,192,267,0.719101
2025-02-01,Staten Island,1,LCL/LTD,S86,Peak,238,298,0.798658
2025-02-01,Staten Island,1,LCL/LTD,S89,Off-Peak,442,499,0.885772
2025-02-01,Staten Island,1,LCL/LTD,S89,Peak,1199,1565,0.766134
2025-02-01,Staten Island,1,LCL/LTD,S90,Off-Peak,708,871,0.812859
2025-02-01,Staten Island,1,LCL/LTD,S90,Peak,831,1232,0.674513
2025-02-01,Staten Island,1,LCL/LTD,S91,Off-Peak,462,520,0.888462
2025-02-01,Staten Island,1,LCL/LTD,S91,Peak,1292,1749,0.738708
2025-02-01,Staten Island,1,LCL/LTD,S92,Off-Peak,172,246,0.699187
2025-02-01,Staten Island,1,LCL/LTD,S92,Peak,966,1421,0.679803
2025-02-01,Staten Island,1,LCL/LTD,S93,Off-Peak,5364,6558,0.817932
2025-02-01,Staten Island,1,LCL/LTD,S93,Peak,2374,3567,0.665545
2025-02-01,Staten Island,1,LCL/LTD,S94,Off-Peak,198,252,0.785714
2025-02-01,Staten Island,1,LCL/LTD,S94,Peak,678,968,0.700413
2025-02-01,Staten Island,1,LCL/LTD,S96,Off-Peak,1096,1401,0.782298
2025-02-01,Staten Island,1,LCL/LTD,S96,Peak,1078,1712,0.629673
2025-02-01,Staten Island,1,LCL/LTD,S98,Off-Peak,1043,1239,0.841808
2025-02-01,Staten Island,1,LCL/LTD,S98,Peak,978,1804,0.542129
2025-02-01,Staten Island,1,EXP,SIM1,Off-Peak,1264,1480,0.854054
2025-02-01,Staten Island,1,EXP,SIM1,Peak,1858,2403,0.7732
2025-02-01,Staten Island,1,EXP,SIM10,Off-Peak,1943,2299,0.84515
2025-02-01,Staten Island,1,EXP,SIM10,Peak,1626,2203,0.738084
2025-02-01,Staten Island,1,EXP,SIM11,Off-Peak,713,812,0.878079
2025-02-01,Staten Island,1,EXP,SIM11,Peak,900,1203,0.74813
2025-02-01,Staten Island,1,EXP,SIM15,Off-Peak,494,603,0.819237
2025-02-01,Staten Island,1,EXP,SIM15,Peak,857,1220,0.702459
2025-02-01,Staten Island,1,EXP,SIM1C,Off-Peak,6487,7701,0.842358
2025-02-01,Staten Island,1,EXP,SIM1C,Peak,657,873,0.752577
2025-02-01,Staten Island,2,EXP,SIM1C,Off-Peak,2395,2936,0.815736
2025-02-01,Staten Island,2,EXP,SIM1C,Peak,901,1160,0.776724
2025-02-01,Staten Island,1,EXP,SIM2,Off-Peak,721,787,0.916137
2025-02-01,Staten Island,1,EXP,SIM2,Peak,879,1191,0.738035
2025-02-01,Staten Island,1,EXP,SIM22,Off-Peak,316,365,0.865753
2025-02-01,Staten Island,1,EXP,SIM22,Peak,496,673,0.736999
2025-02-01,Staten Island,1,EXP,SIM23,Off-Peak,98,104,0.942308
2025-02-01,Staten Island,1,EXP,SIM23,Peak,159,211,0.753555
2025-02-01,Staten Island,1,EXP,SIM24,Off-Peak,93,101,0.920792
2025-02-01,Staten Island,1,EXP,SIM24,Peak,169,211,0.800948
2025-02-01,Staten Island,1,EXP,SIM25,Off-Peak,576,632,0.911392
2025-02-01,Staten Island,1,EXP,SIM25,Peak,616,854,0.721311
2025-02-01,Staten Island,1,EXP,SIM26,Off-Peak,904,1008,0.896825
2025-02-01,Staten Island,1,EXP,SIM26,Peak,676,941,0.718385
2025-02-01,Staten Island,1,EXP,SIM3,Off-Peak,544,638,0.852665
2025-02-01,Staten Island,1,EXP,SIM3,Peak,678,954,0.710692
2025-02-01,Staten Island,1,EXP,SIM30,Off-Peak,445,575,0.773913
2025-02-01,Staten Island,1,EXP,SIM30,Peak,609,900,0.676667
2025-02-01,Staten Island,1,EXP,SIM31,Off-Peak,490,535,0.915888
2025-02-01,Staten Island,1,EXP,SIM31,Peak,780,1115,0.699552
2025-02-01,Staten Island,1,EXP,SIM32,Off-Peak,134,151,0.887417
2025-02-01,Staten Island,1,EXP,SIM32,Peak,414,612,0.676471
2025-02-01,Staten Island,1,EXP,SIM33,Off-Peak,371,428,0.866822
2025-02-01,Staten Island,1,EXP,SIM33,Peak,538,736,0.730978
2025-02-01,Staten Island,2,EXP,SIM33,Off-Peak,0,0,
2025-02-01,Staten Island,2,EXP,SIM33,Peak,0,0,
2025-02-01,Staten Island,1,EXP,SIM34,Off-Peak,795,915,0.868852
2025-02-01,Staten Island,1,EXP,SIM34,Peak,1320,1800,0.733333
2025-02-01,Staten Island,1,EXP,SIM35,Off-Peak,221,305,0.72459
2025-02-01,Staten Island,1,EXP,SIM35,Peak,473,702,0.673789
2025-02-01,Staten Island,1,EXP,SIM3C,Off-Peak,2087,2706,0.771249
2025-02-01,Staten Island,1,EXP,SIM3C,Peak,263,457,0.575492
2025-02-01,Staten Island,2,EXP,SIM3C,Off-Peak,890,1209,0.736146
2025-02-01,Staten Island,2,EXP,SIM3C,Peak,382,493,0.774848
2025-02-01,Staten Island,1,EXP,SIM4,Off-Peak,557,614,0.907166
2025-02-01,Staten Island,1,EXP,SIM4,Peak,1177,1506,0.781541
2025-02-01,Staten Island,1,EXP,SIM4C,Off-Peak,2475,2869,0.86267
2025-02-01,Staten Island,1,EXP,SIM4C,Peak,347,476,0.728992
2025-02-01,Staten Island,2,EXP,SIM4C,Off-Peak,920,1124,0.818505
2025-02-01,Staten Island,2,EXP,SIM4C,Peak,506,591,0.856176
2025-02-01,Staten Island,1,EXP,SIM4X,Off-Peak,27,33,0.818182
2025-02-01,Staten Island,1,EXP,SIM4X,Peak,110,162,0.679012
2025-02-01,Staten Island,1,EXP,SIM5,Off-Peak,580,702,0.826211
2025-02-01,Staten Island,1,EXP,SIM5,Peak,895,1160,0.771552
2025-02-01,Staten Island,1,EXP,SIM6,Off-Peak,1133,1314,0.862253
2025-02-01,Staten Island,1,EXP,SIM6,Peak,1209,1536,0.787109
2025-02-01,Staten Island,1,EXP,SIM7,Off-Peak,761,885,0.859887
2025-02-01,Staten Island,1,EXP,SIM7,Peak,749,1121,0.668153
2025-02-01,Staten Island,1,EXP,SIM8,Off-Peak,1737,1963,0.88487
2025-02-01,Staten Island,1,EXP,SIM8,Peak,1164,1684,0.691211
2025-02-01,Staten Island,1,EXP,SIM8X,Off-Peak,34,47,0.723404
2025-02-01,Staten Island,1,EXP,SIM8X,Peak,174,247,0.704453
2025-02-01,Staten Island,1,EXP,SIM9,Off-Peak,492,575,0.855652
2025-02-01,Staten Island,1,EXP,SIM9,Peak,629,914,0.688184
2025-02-01,Systemwide,1,Systemwide,Systemwide,Systemwide,2822177,3684256,0.76601
2025-02-01,Systemwide,2,Systemwide,Systemwide,Systemwide,760961,1022260,0.744391
2025-03-01,Bronx,1,LCL/LTD,BX1,Off-Peak,9351,12000,0.77925
2025-03-01,Bronx,1,LCL/LTD,BX1,Peak,4123,6218,0.663075
2025-03-01,Bronx,2,LCL/LTD,BX1,Off-Peak,2824,3768,0.749469
2025-03-01,Bronx,2,LCL/LTD,BX1,Peak,1152,1499,0.768512
2025-03-01,Bronx,1,LCL/LTD,BX10,Off-Peak,12359,14862,0.831584
2025-03-01,Bronx,1,LCL/LTD,BX10,Peak,5701,7611,0.749047
2025-03-01,Bronx,2,LCL/LTD,BX10,Off-Peak,3666,4310,0.85058
2025-03-01,Bronx,2,LCL/LTD,BX10,Peak,1487,1719,0.865038
2025-03-01,Bronx,1,LCL/LTD,BX11,Off-Peak,12928,17529,0.737521
2025-03-01,Bronx,1,LCL/LTD,BX11,Peak,5730,8873,0.645779
2025-03-01,Bronx,2,LCL/LTD,BX11,Off-Peak,4208,5927,0.709971
2025-03-01,Bronx,2,LCL/LTD,BX11,Peak,1693,2320,0.729741
2025-03-01,Bronx,1,LCL/LTD,BX12,Off-Peak,11874,14190,0.836786
2025-03-01,Bronx,1,LCL/LTD,BX12,Peak,4077,5695,0.715891
2025-03-01,Bronx,2,LCL/LTD,BX12,Off-Peak,5472,6533,0.837594
2025-03-01,Bronx,2,LCL/LTD,BX12,Peak,1743,2093,0.832776
2025-03-01,Bronx,1,SBS,BX12+,Off-Peak,4935,6244,0.790359
2025-03-01,Bronx,1,SBS,BX12+,Peak,2444,3351,0.729335
2025-03-01,Bronx,2,SBS,BX12+,Off-Peak,1828,2239,0.816436
2025-03-01,Bronx,2,SBS,BX12+,Peak,861,1013,0.849951
2025-03-01,Bronx,1,LCL/LTD,BX13,Off-Peak,9180,10984,0.835761
2025-03-01,Bronx,1,LCL/LTD,BX13,Peak,4012,5423,0.739812
2025-03-01,Bronx,2,LCL/LTD,BX13,Off-Peak,3452,3926,0.879266
2025-03-01,Bronx,2,LCL/LTD,BX13,Peak,1420,1685,0.84273
2025-03-01,Bronx,1,LCL/LTD,BX15,Off-Peak,8302,12000,0.691833
2025-03-01,Bronx,1,LCL/LTD,BX15,Peak,2991,5360,0.558022
2025-03-01,Bronx,2,LCL/LTD,BX15,Off-Peak,3652,4759,0.767388
2025-03-01,Bronx,2,LCL/LTD,BX15,Peak,1489,1821,0.817683
2025-03-01,Bronx,1,LCL/LTD,BX16,Off-Peak,9769,11904,0.820649
2025-03-01,Bronx,1,LCL/LTD,BX16,Peak,5413,7451,0.72648
2025-03-01,Bronx,2,LCL/LTD,BX16,Off-Peak,2876,3666,0.784506
2025-03-01,Bronx,2,LCL/LTD,BX16,Peak,1311,1647,0.795993
2025-03-01,Bronx,1,LCL/LTD,BX17,Off-Peak,7121,10609,0.671223
2025-03-01,Bronx,1,LCL/LTD,BX17,Peak,4246,6838,0.620942
2025-03-01,Bronx,2,LCL/LTD,BX17,Off-Peak,2859,4063,0.703667
2025-03-01,Bronx,2,LCL/LTD,BX17,Peak,1205,1683,0.715983
2025-03-01,Bronx,1,LCL/LTD,BX18A,Off-Peak,1298,1641,0.790981
2025-03-01,Bronx,1,LCL/LTD,BX18A,Peak,679,986,0.688641
2025-03-01,Bronx,2,LCL/LTD,BX18A,Off-Peak,543,629,0.863275
2025-03-01,Bronx,2,LCL/LTD,BX18A,Peak,209,260,0.803846
2025-03-01,Bronx,1,LCL/LTD,BX18B,Off-Peak,1323,1588,0.833123
2025-03-01,Bronx,1,LCL/LTD,BX18B,Peak,705,996,0.707831
2025-03-01,Bronx,2,LCL/LTD,BX18B,Off-Peak,560,645,0.868217
2025-03-01,Bronx,2,LCL/LTD,BX18B,Peak,211,254,0.830709
2025-03-01,Bronx,1,LCL/LTD,BX19,Off-Peak,9848,12845,0.76668
2025-03-01,Bronx,1,LCL/LTD,BX19,Peak,4204,6224,0.67545
2025-03-01,Bronx,2,LCL/LTD,BX19,Off-Peak,3978,5173,0.768993
2025-03-01,Bronx,2,LCL/LTD,BX19,Peak,1663,2167,0.76742
2025-03-01,Bronx,1,LCL/LTD,BX2,Off-Peak,5786,7381,0.783905
2025-03-01,Bronx,1,LCL/LTD,BX2,Peak,2584,3754,0.688332
2025-03-01,Bronx,2,LCL/LTD,BX2,Off-Peak,1638,2157,0.759388
2025-03-01,Bronx,2,LCL/LTD,BX2,Peak,756,1012,0.747036
2025-03-01,Bronx,1,LCL/LTD,BX20,Off-Peak,96,167,0.57485
2025-03-01,Bronx,1,LCL/LTD,BX20,Peak,540,823,0.656136
2025-03-01,Bronx,1,LCL/LTD,BX21,Off-Peak,14534,20117,0.722474
2025-03-01,Bronx,1,LCL/LTD,BX21,Peak,6607,10062,0.656629
2025-03-01,Bronx,2,LCL/LTD,BX21,Off-Peak,5316,7010,0.758345
2025-03-01,Bronx,2,LCL/LTD,BX21,Peak,1961,2574,0.761849
2025-03-01,Bronx,1,LCL/LTD,BX22,Off-Peak,16421,19238,0.853571
2025-03-01,Bronx,1,LCL/LTD,BX22,Peak,8457,11297,0.748606
2025-03-01,Bronx,2,LCL/LTD,BX22,Off-Peak,5285,6551,0.806747
2025-03-01,Bronx,2,LCL/LTD,BX22,Peak,1839,2346,0.783887
2025-03-01,Bronx,1,LCL/LTD,BX23,Off-Peak,3719,4394,0.846381
2025-03-01,Bronx,1,LCL/LTD,BX23,Peak,3614,4897,0.738003
2025-03-01,Bronx,2,LCL/LTD,BX23,Off-Peak,1363,1558,0.87484
2025-03-01,Bronx,2,LCL/LTD,BX23,Peak,544,643,0.846034
2025-03-01,Bronx,1,LCL/LTD,BX24,Off-Peak,1707,1978,0.862993
2025-03-01,Bronx,1,LCL/LTD,BX24,Peak,626,753,0.831341
2025-03-01,Bronx,2,LCL/LTD,BX24,Off-Peak,938,1011,0.927794
2025-03-01,Bronx,2,LCL/LTD,BX24,Peak,346,384,0.901042
2025-03-01,Bronx,1,LCL/LTD,BX25,Off-Peak,4876,5847,0.833932
2025-03-01,Bronx,1,LCL/LTD,BX25,Peak,2357,3448,0.683585
2025-03-01,Bronx,2,LCL/LTD,BX25,Off-Peak,1989,2416,0.823262
2025-03-01,Bronx,2,LCL/LTD,BX25,Peak,881,1047,0.841452
2025-03-01,Bronx,1,LCL/LTD,BX26,Off-Peak,5348,6346,0.842736
2025-03-01,Bronx,1,LCL/LTD,BX26,Peak,2581,3669,0.703461
2025-03-01,Bronx,2,LCL/LTD,BX26,Off-Peak,1796,2146,0.836906
2025-03-01,Bronx,2,LCL/LTD,BX26,Peak,775,913,0.84885
2025-03-01,Bronx,1,LCL/LTD,BX27,Off-Peak,9319,11380,0.818893
2025-03-01,Bronx,1,LCL/LTD,BX27,Peak,4832,6928,0.69746
2025-03-01,Bronx,2,LCL/LTD,BX27,Off-Peak,3059,3788,0.80755
2025-03-01,Bronx,2,LCL/LTD,BX27,Peak,1278,1610,0.793789
2025-03-01,Bronx,1,LCL/LTD,BX28,Off-Peak,9192,11703,0.78544
2025-03-01,Bronx,1,LCL/LTD,BX28,Peak,3439,4950,0.694747
2025-03-01,Bronx,2,LCL/LTD,BX28,Off-Peak,3039,3843,0.790788
2025-03-01,Bronx,2,LCL/LTD,BX28,Peak,1095,1306,0.838438
2025-03-01,Bronx,1,LCL/LTD,BX29,Off-Peak,1289,1373,0.93882
2025-03-01,Bronx,1,LCL/LTD,BX29,Peak,614,740,0.82973
2025-03-01,Bronx,2,LCL/LTD,BX29,Off-Peak,598,654,0.914373
2025-03-01,Bronx,2,LCL/LTD,BX29,Peak,191,211,0.905213
2025-03-01,Bronx,1,LCL/LTD,BX3,Off-Peak,11176,14473,0.772197
2025-03-01,Bronx,1,LCL/LTD,BX3,Peak,4899,7070,0.692928
2025-03-01,Bronx,2,LCL/LTD,BX3,Off-Peak,4930,5846,0.843312
2025-03-01,Bronx,2,LCL/LTD,BX3,Peak,2046,2392,0.855351
2025-03-01,Bronx,1,LCL/LTD,BX30,Off-Peak,9044,10775,0.83935
2025-03-01,Bronx,1,LCL/LTD,BX30,Peak,5403,7104,0.760557
2025-03-01,Bronx,2,LCL/LTD,BX30,Off-Peak,2815,3311,0.850196
2025-03-01,Bronx,2,LCL/LTD,BX30,Peak,1193,1412,0.844901
2025-03-01,Bronx,1,LCL/LTD,BX31,Off-Peak,6320,8282,0.763101
2025-03-01,Bronx,1,LCL/LTD,BX31,Peak,2957,4306,0.686716
2025-03-01,Bronx,2,LCL/LTD,BX31,Off-Peak,1872,2416,0.774834
2025-03-01,Bronx,2,LCL/LTD,BX31,Peak,730,1001,0.729271
2025-03-01,Bronx,1,LCL/LTD,BX32,Off-Peak,4329,6328,0.684102
2025-03-01,Bronx,1,LCL/LTD,BX32,Peak,2329,3892,0.598407
2025-03-01,Bronx,2,LCL/LTD,BX32,Off-Peak,1012,1599,0.632896
2025-03-01,Bronx,2,LCL/LTD,BX32,Peak,399,621,0.642512
2025-03-01,Bronx,1,LCL/LTD,BX33,Off-Peak,4133,5054,0.817768
2025-03-01,Bronx,1,LCL/LTD,BX33,Peak,1646,2317,0.710401
2025-03-01,Bronx,2,LCL/LTD,BX33,Off-Peak,1012,1320,0.766667
2025-03-01,Bronx,2,LCL/LTD,BX33,Peak,472,610,0.77377
2025-03-01,Bronx,1,LCL/LTD,BX34,Off-Peak,5299,6514,0.813479
2025-03-01,Bronx,1,LCL/LTD,BX34,Peak,2193,3138,0.698853
2025-03-01,Bronx,2,LCL/LTD,BX34,Off-Peak,1641,2070,0.792754
2025-03-01,Bronx,2,LCL/LTD,BX34,Peak,738,885,0.833898
2025-03-01,Bronx,1,LCL/LTD,BX35,Off-Peak,15093,18819,0.802009
2025-03-01,Bronx,1,LCL/LTD,BX35,Peak,5914,8558,0.691049
2025-03-01,Bronx,2,LCL/LTD,BX35,Off-Peak,4748,6639,0.715168
2025-03-01,Bronx,2,LCL/LTD,BX35,Peak,2102,2722,0.772226
2025-03-01,Bronx,1,LCL/LTD,BX36,Off-Peak,9168,12454,0.736149
2025-03-01,Bronx,1,LCL/LTD,BX36,Peak,4401,6743,0.652677
2025-03-01,Bronx,2,LCL/LTD,BX36,Off-Peak,3192,4233,0.754075
2025-03-01,Bronx,2,LCL/LTD,BX36,Peak,1225,1583,0.773847
2025-03-01,Bronx,1,LCL/LTD,BX38,Off-Peak,6075,7412,0.819617
2025-03-01,Bronx,1,LCL/LTD,BX38,Peak,3462,4684,0.739112
2025-03-01,Bronx,2,LCL/LTD,BX38,Off-Peak,1999,2549,0.784229
2025-03-01,Bronx,2,LCL/LTD,BX38,Peak,951,1175,0.809362
2025-03-01,Bronx,1,LCL/LTD,BX39,Off-Peak,3658,4667,0.783801
2025-03-01,Bronx,1,LCL/LTD,BX39,Peak,1855,2522,0.735527
2025-03-01,Bronx,2,LCL/LTD,BX39,Off-Peak,1478,2046,0.722385
2025-03-01,Bronx,2,LCL/LTD,BX39,Peak,590,802,0.735661
2025-03-01,Bronx,1,LCL/LTD,BX4,Off-Peak,6431,8033,0.800573
2025-03-01,Bronx,1,LCL/LTD,BX4,Peak,2633,3934,0.669293
2025-03-01,Bronx,2,LCL/LTD,BX4,Off-Peak,2432,2950,0.824407
2025-03-01,Bronx,2,LCL/LTD,BX4,Peak,1026,1226,0.836868
2025-03-01,Bronx,1,LCL/LTD,BX40,Off-Peak,9370,11428,0.819916
2025-03-01,Bronx,1,LCL/LTD,BX40,Peak,3378,4542,0.743725
2025-03-01,Bronx,2,LCL/LTD,BX40,Off-Peak,3109,3788,0.82075
2025-03-01,Bronx,2,LCL/LTD,BX40,Peak,1030,1244,0.827974
2025-03-01,Bronx,1,LCL/LTD,BX41,Off-Peak,8455,11265,0.750555
2025-03-01,Bronx,1,LCL/LTD,BX41,Peak,2423,3944,0.614351
2025-03-01,Bronx,2,LCL/LTD,BX41,Off-Peak,4166,5395,0.772196
2025-03-01,Bronx,2,LCL/LTD,BX41,Peak,1535,1965,0.78117
2025-03-01,Bronx,1,SBS,BX41+,Off-Peak,1514,2286,0.662292
2025-03-01,Bronx,1,SBS,BX41+,Peak,613,1091,0.56187
2025-03-01,Bronx,2,SBS,BX41+,Off-Peak,691,839,0.8236
2025-03-01,Bronx,2,SBS,BX41+,Peak,356,440,0.809091
2025-03-01,Bronx,1,LCL/LTD,BX42,Off-Peak,8419,10366,0.812174
2025-03-01,Bronx,1,LCL/LTD,BX42,Peak,3292,4563,0.721455
2025-03-01,Bronx,2,LCL/LTD,BX42,Off-Peak,2814,3535,0.79604
2025-03-01,Bronx,2,LCL/LTD,BX42,Peak,1170,1411,0.829199
2025-03-01,Bronx,1,LCL/LTD,BX46,Off-Peak,760,891,0.852974
2025-03-01,Bronx,1,LCL/LTD,BX46,Peak,269,338,0.795858
2025-03-01,Bronx,2,LCL/LTD,BX46,Off-Peak,298,356,0.837079
2025-03-01,Bronx,2,LCL/LTD,BX46,Peak,92,106,0.867925
2025-03-01,Bronx,1,LCL/LTD,BX4A,Off-Peak,3732,4688,0.796075
2025-03-01,Bronx,1,LCL/LTD,BX4A,Peak,1495,2261,0.661212
2025-03-01,Bronx,2,LCL/LTD,BX4A,Off-Peak,1351,1588,0.850756
2025-03-01,Bronx,2,LCL/LTD,BX4A,Peak,569,676,0.841716
2025-03-01,Bronx,1,LCL/LTD,BX5,Off-Peak,8891,11271,0.788839
2025-03-01,Bronx,1,LCL/LTD,BX5,Peak,4304,6473,0.664916
2025-03-01,Bronx,2,LCL/LTD,BX5,Off-Peak,4991,6362,0.784502
2025-03-01,Bronx,2,LCL/LTD,BX5,Peak,1951,2483,0.785743
2025-03-01,Bronx,1,LCL/LTD,BX6,Off-Peak,10752,13731,0.783046
2025-03-01,Bronx,1,LCL/LTD,BX6,Peak,4079,5780,0.705709
2025-03-01,Bronx,2,LCL/LTD,BX6,Off-Peak,4006,5285,0.757994
2025-03-01,Bronx,2,LCL/LTD,BX6,Peak,1523,1959,0.777437
2025-03-01,Bronx,1,SBS,BX6+,Off-Peak,1629,2046,0.796188
2025-03-01,Bronx,1,SBS,BX6+,Peak,831,1158,0.717617
2025-03-01,Bronx,2,SBS,BX6+,Off-Peak,693,850,0.815294
2025-03-01,Bronx,2,SBS,BX6+,Peak,354,425,0.832941
2025-03-01,Bronx,1,LCL/LTD,BX7,Off-Peak,14690,17509,0.838997
2025-03-01,Bronx,1,LCL/LTD,BX7,Peak,6732,8819,0.763352
2025-03-01,Bronx,2,LCL/LTD,BX7,Off-Peak,5827,7181,0.811447
2025-03-01,Bronx,2,LCL/LTD,BX7,Peak,2397,2876,0.833449
2025-03-01,Bronx,1,LCL/LTD,BX8,Off-Peak,11377,14344,0.793154
2025-03-01,Bronx,1,LCL/LTD,BX8,Peak,6228,8964,0.694779
2025-03-01,Bronx,2,LCL/LTD,BX8,Off-Peak,2079,3138,0.662524
2025-03-01,Bronx,2,LCL/LTD,BX8,Peak,977,1377,0.709513
2025-03-01,Bronx,1,LCL/LTD,BX9,Off-Peak,15355,18486,0.830629
2025-03-01,Bronx,1,LCL/LTD,BX9,Peak,7343,9894,0.742167
2025-03-01,Bronx,2,LCL/LTD,BX9,Off-Peak,5689,6940,0.819741
2025-03-01,Bronx,2,LCL/LTD,BX9,Peak,2454,2841,0.86378
2025-03-01,Bronx,1,EXP,BXM1,Off-Peak,2328,2674,0.870606
2025-03-01,Bronx,1,EXP,BXM1,Peak,1526,1973,0.773441
2025-03-01,Bronx,2,EXP,BXM1,Off-Peak,648,743,0.87214
2025-03-01,Bronx,2,EXP,BXM1,Peak,297,313,0.948882
2025-03-01,Bronx,1,EXP,BXM10,Off-Peak,2027,2270,0.892952
2025-03-01,Bronx,1,EXP,BXM10,Peak,1525,1847,0.825663
2025-03-01,Bronx,2,EXP,BXM10,Off-Peak,570,633,0.900474
2025-03-01,Bronx,2,EXP,BXM10,Peak,244,258,0.945736
2025-03-01,Bronx,1,EXP,BXM11,Off-Peak,1462,1780,0.821348
2025-03-01,Bronx,1,EXP,BXM11,Peak,837,1166,0.717839
2025-03-01,Bronx,2,EXP,BXM11,Off-Peak,459,524,0.875954
2025-03-01,Bronx,2,EXP,BXM11,Peak,161,215,0.748837
2025-03-01,Bronx,1,EXP,BXM18,Off-Peak,158,170,0.929412
2025-03-01,Bronx,1,EXP,BXM18,Peak,450,565,0.79646
2025-03-01,Bronx,1,EXP,BXM2,Off-Peak,1934,2301,0.840504
2025-03-01,Bronx,1,EXP,BXM2,Peak,798,1099,0.726115
2025-03-01,Bronx,2,EXP,BXM2,Off-Peak,550,628,0.875796
2025-03-01,Bronx,2,EXP,BXM2,Peak,236,266,0.887218
2025-03-01,Bronx,1,EXP,BXM3,Off-Peak,1451,1708,0.849532
2025-03-01,Bronx,1,EXP,BXM3,Peak,686,909,0.754675
2025-03-01,Bronx,2,EXP,BXM3,Off-Peak,489,540,0.905556
2025-03-01,Bronx,2,EXP,BXM3,Peak,182,199,0.914573
2025-03-01,Bronx,1,EXP,BXM4,Off-Peak,898,1125,0.798222
2025-03-01,Bronx,1,EXP,BXM4,Peak,453,639,0.70892
2025-03-01,Bronx,2,EXP,BXM4,Off-Peak,363,434,0.836406
2025-03-01,Bronx,2,EXP,BXM4,Peak,132,162,0.814815
2025-03-01,Bronx,1,EXP,BXM6,Off-Peak,891,994,0.896378
2025-03-01,Bronx,1,EXP,BXM6,Peak,621,739,0.840325
2025-03-01,Bronx,2,EXP,BXM6,Off-Peak,366,398,0.919598
2025-03-01,Bronx,2,EXP,BXM6,Peak,113,130,0.869231
2025-03-01,Bronx,1,EXP,BXM7,Off-Peak,4970,5399,0.920541
2025-03-01,Bronx,1,EXP,BXM7,Peak,2714,3296,0.823422
2025-03-01,Bronx,2,EXP,BXM7,Off-Peak,1585,1752,0.90468
2025-03-01,Bronx,2,EXP,BXM7,Peak,715,805,0.888199
2025-03-01,Bronx,1,EXP,BXM8,Off-Peak,1963,2201,0.891867
2025-03-01,Bronx,1,EXP,BXM8,Peak,1722,2178,0.790634
2025-03-01,Bronx,2,EXP,BXM8,Off-Peak,530,584,0.907534
2025-03-01,Bronx,2,EXP,BXM8,Peak,202,229,0.882096
2025-03-01,Bronx,1,EXP,BXM9,Off-Peak,2244,2441,0.919295
2025-03-01,Bronx,1,EXP,BXM9,Peak,1701,2108,0.806926
2025-03-01,Bronx,2,EXP,BXM9,Off-Peak,536,583,0.919383
2025-03-01,Bronx,2,EXP,BXM9,Peak,236,264,0.893939
2025-03-01,Brooklyn,1,LCL/LTD,B1,Off-Peak,12177,14701,0.828311
2025-03-01,Brooklyn,1,LCL/LTD,B1,Peak,5116,6898,0.741664
2025-03-01,Brooklyn,2,LCL/LTD,B1,Off-Peak,4747,5979,0.793945
2025-03-01,Brooklyn,2,LCL/LTD,B1,Peak,1881,2387,0.788018
2025-03-01,Brooklyn,1,LCL/LTD,B100,Off-Peak,3788,4503,0.841217
2025-03-01,Brooklyn,1,LCL/LTD,B100,Peak,2833,3900,0.72641
2025-03-01,Brooklyn,2,LCL/LTD,B100,Off-Peak,866,989,0.875632
2025-03-01,Brooklyn,2,LCL/LTD,B100,Peak,393,457,0.859956
2025-03-01,Brooklyn,1,LCL/LTD,B103,Off-Peak,7160,9765,0.733231
2025-03-01,Brooklyn,1,LCL/LTD,B103,Peak,3754,5565,0.674573
2025-03-01,Brooklyn,2,LCL/LTD,B103,Off-Peak,2462,3146,0.782581
2025-03-01,Brooklyn,2,LCL/LTD,B103,Peak,984,1234,0.797407
2025-03-01,Brooklyn,1,LCL/LTD,B11,Off-Peak,7701,10474,0.735249
2025-03-01,Brooklyn,1,LCL/LTD,B11,Peak,3611,5266,0.68572
2025-03-01,Brooklyn,2,LCL/LTD,B11,Off-Peak,3184,4133,0.770385
2025-03-01,Brooklyn,2,LCL/LTD,B11,Peak,1234,1616,0.763614
2025-03-01,Brooklyn,1,LCL/LTD,B12,Off-Peak,9843,13173,0.74721
2025-03-01,Brooklyn,1,LCL/LTD,B12,Peak,3860,5935,0.650379
2025-03-01,Brooklyn,2,LCL/LTD,B12,Off-Peak,3871,5086,0.761109
2025-03-01,Brooklyn,2,LCL/LTD,B12,Peak,1568,2000,0.784
2025-03-01,Brooklyn,1,LCL/LTD,B13,Off-Peak,9649,12083,0.79856
2025-03-01,Brooklyn,1,LCL/LTD,B13,Peak,4936,6917,0.713604
2025-03-01,Brooklyn,2,LCL/LTD,B13,Off-Peak,3316,4085,0.81175
2025-03-01,Brooklyn,2,LCL/LTD,B13,Peak,1214,1548,0.784238
2025-03-01,Brooklyn,1,LCL/LTD,B14,Off-Peak,6016,8532,0.70511
2025-03-01,Brooklyn,1,LCL/LTD,B14,Peak,2382,4038,0.589896
2025-03-01,Brooklyn,2,LCL/LTD,B14,Off-Peak,2323,3362,0.690958
2025-03-01,Brooklyn,2,LCL/LTD,B14,Peak,1040,1398,0.74392
2025-03-01,Brooklyn,1,LCL/LTD,B15,Off-Peak,13631,20168,0.675873
2025-03-01,Brooklyn,1,LCL/LTD,B15,Peak,4270,6897,0.61911
2025-03-01,Brooklyn,2,LCL/LTD,B15,Off-Peak,6726,9652,0.69685
2025-03-01,Brooklyn,2,LCL/LTD,B15,Peak,2395,3599,0.665463
2025-03-01,Brooklyn,1,LCL/LTD,B16,Off-Peak,7245,10039,0.721685
2025-03-01,Brooklyn,1,LCL/LTD,B16,Peak,4283,6451,0.663928
2025-03-01,Brooklyn,2,LCL/LTD,B16,Off-Peak,2975,4059,0.732939
2025-03-01,Brooklyn,2,LCL/LTD,B16,Peak,1147,1732,0.66224
2025-03-01,Brooklyn,1,LCL/LTD,B17,Off-Peak,8208,10639,0.771501
2025-03-01,Brooklyn,1,LCL/LTD,B17,Peak,3501,5219,0.670818
2025-03-01,Brooklyn,2,LCL/LTD,B17,Off-Peak,3567,4609,0.773921
2025-03-01,Brooklyn,2,LCL/LTD,B17,Peak,1253,1715,0.730612
2025-03-01,Brooklyn,1,LCL/LTD,B2,Off-Peak,2597,2933,0.885442
2025-03-01,Brooklyn,1,LCL/LTD,B2,Peak,1263,1596,0.791353
2025-03-01,Brooklyn,2,LCL/LTD,B2,Off-Peak,952,1167,0.815767
2025-03-01,Brooklyn,2,LCL/LTD,B2,Peak,373,478,0.780335
2025-03-01,Brooklyn,1,LCL/LTD,B20,Off-Peak,12390,16073,0.770858
2025-03-01,Brooklyn,1,LCL/LTD,B20,Peak,5753,8588,0.669888
2025-03-01,Brooklyn,2,LCL/LTD,B20,Off-Peak,3720,5306,0.701093
2025-03-01,Brooklyn,2,LCL/LTD,B20,Peak,1515,2272,0.666813
2025-03-01,Brooklyn,1,LCL/LTD,B24,Off-Peak,2894,3922,0.737889
2025-03-01,Brooklyn,1,LCL/LTD,B24,Peak,1369,2104,0.650665
2025-03-01,Brooklyn,2,LCL/LTD,B24,Off-Peak,1440,1813,0.794264
2025-03-01,Brooklyn,2,LCL/LTD,B24,Peak,554,713,0.776999
2025-03-01,Brooklyn,1,LCL/LTD,B25,Off-Peak,7554,11399,0.66269
2025-03-01,Brooklyn,1,LCL/LTD,B25,Peak,2667,4651,0.573425
2025-03-01,Brooklyn,2,LCL/LTD,B25,Off-Peak,2865,4239,0.675867
2025-03-01,Brooklyn,2,LCL/LTD,B25,Peak,1086,1674,0.648746
2025-03-01,Brooklyn,1,LCL/LTD,B26,Off-Peak,10384,13145,0.789958
2025-03-01,Brooklyn,1,LCL/LTD,B26,Peak,4545,6490,0.700308
2025-03-01,Brooklyn,2,LCL/LTD,B26,Off-Peak,4376,5702,0.76745
2025-03-01,Brooklyn,2,LCL/LTD,B26,Peak,1678,2265,0.740839
2025-03-01,Brooklyn,1,LCL/LTD,B3,Off-Peak,15564,19947,0.780268
2025-03-01,Brooklyn,1,LCL/LTD,B3,Peak,6210,9205,0.674633
2025-03-01,Brooklyn,2,LCL/LTD,B3,Off-Peak,5298,7503,0.706118
2025-03-01,Brooklyn,2,LCL/LTD,B3,Peak,2333,3255,0.716743
2025-03-01,Brooklyn,1,LCL/LTD,B31,Off-Peak,2656,2933,0.905557
2025-03-01,Brooklyn,1,LCL/LTD,B31,Peak,1326,1746,0.75945
2025-03-01,Brooklyn,2,LCL/LTD,B31,Off-Peak,1027,1184,0.867399
2025-03-01,Brooklyn,2,LCL/LTD,B31,Peak,260,326,0.797546
2025-03-01,Brooklyn,1,LCL/LTD,B32,Off-Peak,881,1284,0.686137
2025-03-01,Brooklyn,1,LCL/LTD,B32,Peak,408,601,0.678869
2025-03-01,Brooklyn,2,LCL/LTD,B32,Off-Peak,482,647,0.744977
2025-03-01,Brooklyn,2,LCL/LTD,B32,Peak,259,308,0.840909
2025-03-01,Brooklyn,1,LCL/LTD,B35,Off-Peak,14437,19909,0.725149
2025-03-01,Brooklyn,1,LCL/LTD,B35,Peak,5499,8237,0.667597
2025-03-01,Brooklyn,2,LCL/LTD,B35,Off-Peak,6437,8627,0.746146
2025-03-01,Brooklyn,2,LCL/LTD,B35,Peak,2137,2852,0.749299
2025-03-01,Brooklyn,1,LCL/LTD,B36,Off-Peak,7101,8983,0.790493
2025-03-01,Brooklyn,1,LCL/LTD,B36,Peak,3895,5345,0.728718
2025-03-01,Brooklyn,2,LCL/LTD,B36,Off-Peak,2024,2781,0.727796
2025-03-01,Brooklyn,2,LCL/LTD,B36,Peak,802,1052,0.762357
2025-03-01,Brooklyn,1,LCL/LTD,B37,Off-Peak,3642,5117,0.711745
2025-03-01,Brooklyn,1,LCL/LTD,B37,Peak,1382,2243,0.616139
2025-03-01,Brooklyn,2,LCL/LTD,B37,Off-Peak,1263,1782,0.708754
2025-03-01,Brooklyn,2,LCL/LTD,B37,Peak,530,733,0.723056
2025-03-01,Brooklyn,1,LCL/LTD,B38,Off-Peak,20082,26011,0.772058
2025-03-01,Brooklyn,1,LCL/LTD,B38,Peak,8895,12895,0.689802
2025-03-01,Brooklyn,2,LCL/LTD,B38,Off-Peak,5761,7652,0.752875
2025-03-01,Brooklyn,2,LCL/LTD,B38,Peak,2335,2985,0.782245
2025-03-01,Brooklyn,1,LCL/LTD,B4,Off-Peak,6607,8560,0.771846
2025-03-01,Brooklyn,1,LCL/LTD,B4,Peak,3528,4977,0.708861
2025-03-01,Brooklyn,2,LCL/LTD,B4,Off-Peak,2884,3929,0.734029
2025-03-01,Brooklyn,2,LCL/LTD,B4,Peak,1133,1616,0.701114
2025-03-01,Brooklyn,1,LCL/LTD,B41,Off-Peak,21659,29211,0.741467
2025-03-01,Brooklyn,1,LCL/LTD,B41,Peak,9049,13765,0.657392
2025-03-01,Brooklyn,2,LCL/LTD,B41,Off-Peak,7449,10430,0.71419
2025-03-01,Brooklyn,2,LCL/LTD,B41,Peak,2876,4176,0.688697
2025-03-01,Brooklyn,1,LCL/LTD,B43,Off-Peak,10799,14610,0.739151
2025-03-01,Brooklyn,1,LCL/LTD,B43,Peak,4423,6867,0.644095
2025-03-01,Brooklyn,2,LCL/LTD,B43,Off-Peak,3668,5228,0.701607
2025-03-01,Brooklyn,2,LCL/LTD,B43,Peak,1336,1847,0.723335
2025-03-01,Brooklyn,1,LCL/LTD,B44,Off-Peak,14818,19968,0.742087
2025-03-01,Brooklyn,1,LCL/LTD,B44,Peak,5115,7500,0.682
2025-03-01,Brooklyn,2,LCL/LTD,B44,Off-Peak,6071,8351,0.726979
2025-03-01,Brooklyn,2,LCL/LTD,B44,Peak,2055,3013,0.682044
2025-03-01,Brooklyn,1,SBS,B44+,Off-Peak,4701,6284,0.74809
2025-03-01,Brooklyn,1,SBS,B44+,Peak,2615,3661,0.714286
2025-03-01,Brooklyn,2,SBS,B44+,Off-Peak,1749,2327,0.751612
2025-03-01,Brooklyn,2,SBS,B44+,Peak,755,1025,0.736585
2025-03-01,Brooklyn,1,LCL/LTD,B45,Off-Peak,6131,8796,0.697021
2025-03-01,Brooklyn,1,LCL/LTD,B45,Peak,2798,4422,0.632745
2025-03-01,Brooklyn,2,LCL/LTD,B45,Off-Peak,1909,2896,0.659185
2025-03-01,Brooklyn,2,LCL/LTD,B45,Peak,824,1247,0.660786
2025-03-01,Brooklyn,1,LCL/LTD,B46,Off-Peak,20401,27892,0.731428
2025-03-01,Brooklyn,1,LCL/LTD,B46,Peak,6702,10316,0.64967
2025-03-01,Brooklyn,2,LCL/LTD,B46,Off-Peak,8417,12023,0.700075
2025-03-01,Brooklyn,2,LCL/LTD,B46,Peak,3236,4677,0.691897
2025-03-01,Brooklyn,1,SBS,B46+,Off-Peak,2718,3416,0.795667
2025-03-01,Brooklyn,1,SBS,B46+,Peak,1498,2100,0.713333
2025-03-01,Brooklyn,2,SBS,B46+,Off-Peak,937,1236,0.758091
2025-03-01,Brooklyn,2,SBS,B46+,Peak,418,544,0.768382
2025-03-01,Brooklyn,1,LCL/LTD,B47,Off-Peak,13541,18907,0.71619
2025-03-01,Brooklyn,1,LCL/LTD,B47,Peak,5584,9006,0.620031
2025-03-01,Brooklyn,2,LCL/LTD,B47,Off-Peak,5113,7331,0.697449
2025-03-01,Brooklyn,2,LCL/LTD,B47,Peak,1683,2522,0.667328
2025-03-01,Brooklyn,1,LCL/LTD,B48,Off-Peak,8209,10747,0.763841
2025-03-01,Brooklyn,1,LCL/LTD,B48,Peak,2547,4342,0.586596
2025-03-01,Brooklyn,2,LCL/LTD,B48,Off-Peak,3060,4203,0.728051
2025-03-01,Brooklyn,2,LCL/LTD,B48,Peak,987,1493,0.661085
2025-03-01,Brooklyn,1,LCL/LTD,B49,Off-Peak,14436,18907,0.763527
2025-03-01,Brooklyn,1,LCL/LTD,B49,Peak,5913,8575,0.689563
2025-03-01,Brooklyn,2,LCL/LTD,B49,Off-Peak,3535,5212,0.678243
2025-03-01,Brooklyn,2,LCL/LTD,B49,Peak,1506,2168,0.694649
2025-03-01,Brooklyn,1,LCL/LTD,B52,Off-Peak,11928,15235,0.782934
2025-03-01,Brooklyn,1,LCL/LTD,B52,Peak,4496,6781,0.663029
2025-03-01,Brooklyn,2,LCL/LTD,B52,Off-Peak,4482,6163,0.727243
2025-03-01,Brooklyn,2,LCL/LTD,B52,Peak,1562,2229,0.700763
2025-03-01,Brooklyn,1,LCL/LTD,B54,Off-Peak,5859,7325,0.799863
2025-03-01,Brooklyn,1,LCL/LTD,B54,Peak,2359,3477,0.678458
2025-03-01,Brooklyn,2,LCL/LTD,B54,Off-Peak,1781,2739,0.650237
2025-03-01,Brooklyn,2,LCL/LTD,B54,Peak,717,997,0.719157
2025-03-01,Brooklyn,1,LCL/LTD,B57,Off-Peak,8115,11107,0.73062
2025-03-01,Brooklyn,1,LCL/LTD,B57,Peak,3229,5169,0.624686
2025-03-01,Brooklyn,2,LCL/LTD,B57,Off-Peak,2949,4219,0.698981
2025-03-01,Brooklyn,2,LCL/LTD,B57,Peak,1282,1758,0.729238
2025-03-01,Brooklyn,1,LCL/LTD,B6,Off-Peak,31208,42168,0.740087
2025-03-01,Brooklyn,1,LCL/LTD,B6,Peak,11871,17943,0.661595
2025-03-01,Brooklyn,2,LCL/LTD,B6,Off-Peak,9807,13545,0.724031
2025-03-01,Brooklyn,2,LCL/LTD,B6,Peak,3800,5286,0.71888
2025-03-01,Brooklyn,1,LCL/LTD,B60,Off-Peak,10130,14666,0.690713
2025-03-01,Brooklyn,1,LCL/LTD,B60,Peak,4537,7375,0.615186
2025-03-01,Brooklyn,2,LCL/LTD,B60,Off-Peak,3423,4954,0.690957
2025-03-01,Brooklyn,2,LCL/LTD,B60,Peak,1283,1855,0.691644
2025-03-01,Brooklyn,1,LCL/LTD,B61,Off-Peak,8762,11348,0.772118
2025-03-01,Brooklyn,1,LCL/LTD,B61,Peak,3831,5364,0.714206
2025-03-01,Brooklyn,2,LCL/LTD,B61,Off-Peak,3654,4798,0.761567
2025-03-01,Brooklyn,2,LCL/LTD,B61,Peak,1354,1768,0.765837
2025-03-01,Brooklyn,1,LCL/LTD,B62,Off-Peak,7439,10259,0.725119
2025-03-01,Brooklyn,1,LCL/LTD,B62,Peak,2839,4632,0.61291
2025-03-01,Brooklyn,2,LCL/LTD,B62,Off-Peak,2891,4159,0.695119
2025-03-01,Brooklyn,2,LCL/LTD,B62,Peak,1012,1411,0.717222
2025-03-01,Brooklyn,1,LCL/LTD,B63,Off-Peak,10478,12989,0.806683
2025-03-01,Brooklyn,1,LCL/LTD,B63,Peak,4358,6230,0.699518
2025-03-01,Brooklyn,2,LCL/LTD,B63,Off-Peak,4973,6541,0.760281
2025-03-01,Brooklyn,2,LCL/LTD,B63,Peak,1727,2307,0.748591
2025-03-01,Brooklyn,1,LCL/LTD,B64,Off-Peak,6321,7797,0.810696
2025-03-01,Brooklyn,1,LCL/LTD,B64,Peak,2763,4046,0.682897
2025-03-01,Brooklyn,2,LCL/LTD,B64,Off-Peak,3068,4203,0.729955
2025-03-01,Brooklyn,2,LCL/LTD,B64,Peak,1255,1702,0.737368
2025-03-01,Brooklyn,1,LCL/LTD,B65,Off-Peak,5847,8422,0.694253
2025-03-01,Brooklyn,1,LCL/LTD,B65,Peak,2102,3743,0.561582
2025-03-01,Brooklyn,2,LCL/LTD,B65,Off-Peak,3009,4552,0.661028
2025-03-01,Brooklyn,2,LCL/LTD,B65,Peak,1350,1872,0.721154
2025-03-01,Brooklyn,1,LCL/LTD,B67,Off-Peak,8015,9731,0.823656
2025-03-01,Brooklyn,1,LCL/LTD,B67,Peak,4490,6171,0.727597
2025-03-01,Brooklyn,2,LCL/LTD,B67,Off-Peak,2247,2761,0.813836
2025-03-01,Brooklyn,2,LCL/LTD,B67,Peak,724,933,0.775991
2025-03-01,Brooklyn,1,LCL/LTD,B68,Off-Peak,10729,14318,0.749336
2025-03-01,Brooklyn,1,LCL/LTD,B68,Peak,4390,6651,0.660051
2025-03-01,Brooklyn,2,LCL/LTD,B68,Off-Peak,4989,6715,0.742964
2025-03-01,Brooklyn,2,LCL/LTD,B68,Peak,1852,2517,0.735797
2025-03-01,Brooklyn,1,LCL/LTD,B69,Off-Peak,5690,7015,0.811119
2025-03-01,Brooklyn,1,LCL/LTD,B69,Peak,3577,4935,0.724823
2025-03-01,Brooklyn,2,LCL/LTD,B69,Off-Peak,1504,1984,0.758065
2025-03-01,Brooklyn,2,LCL/LTD,B69,Peak,802,974,0.823409
2025-03-01,Brooklyn,1,LCL/LTD,B7,Off-Peak,6888,9327,0.738501
2025-03-01,Brooklyn,1,LCL/LTD,B7,Peak,3693,5666,0.651783
2025-03-01,Brooklyn,2,LCL/LTD,B7,Off-Peak,2217,3054,0.725933
2025-03-01,Brooklyn,2,LCL/LTD,B7,Peak,1071,1455,0.736082
2025-03-01,Brooklyn,1,LCL/LTD,B70,Off-Peak,6435,8021,0.802269
2025-03-01,Brooklyn,1,LCL/LTD,B70,Peak,3638,4894,0.743359
2025-03-01,Brooklyn,2,LCL/LTD,B70,Off-Peak,2956,3775,0.783046
2025-03-01,Brooklyn,2,LCL/LTD,B70,Peak,1286,1676,0.767303
2025-03-01,Brooklyn,1,LCL/LTD,B74,Off-Peak,655,882,0.74263
2025-03-01,Brooklyn,1,LCL/LTD,B74,Peak,392,570,0.687719
2025-03-01,Brooklyn,2,LCL/LTD,B74,Off-Peak,268,380,0.705263
2025-03-01,Brooklyn,2,LCL/LTD,B74,Peak,115,142,0.809859
2025-03-01,Brooklyn,1,LCL/LTD,B8,Off-Peak,10636,13828,0.769164
2025-03-01,Brooklyn,1,LCL/LTD,B8,Peak,5201,7697,0.675718
2025-03-01,Brooklyn,2,LCL/LTD,B8,Off-Peak,4318,6065,0.711954
2025-03-01,Brooklyn,2,LCL/LTD,B8,Peak,1750,2541,0.688705
2025-03-01,Brooklyn,1,LCL/LTD,B82,Off-Peak,13632,18474,0.737902
2025-03-01,Brooklyn,1,LCL/LTD,B82,Peak,4732,7210,0.656311
2025-03-01,Brooklyn,2,LCL/LTD,B82,Off-Peak,6193,8974,0.690105
2025-03-01,Brooklyn,2,LCL/LTD,B82,Peak,2714,3891,0.697507
2025-03-01,Brooklyn,1,SBS,B82+,Off-Peak,875,1242,0.704509
2025-03-01,Brooklyn,1,SBS,B82+,Peak,497,728,0.682692
2025-03-01,Brooklyn,1,LCL/LTD,B83,Off-Peak,8227,11641,0.706726
2025-03-01,Brooklyn,1,LCL/LTD,B83,Peak,3834,5785,0.662748
2025-03-01,Brooklyn,2,LCL/LTD,B83,Off-Peak,2769,3943,0.702257
2025-03-01,Brooklyn,2,LCL/LTD,B83,Peak,1310,1825,0.717808
2025-03-01,Brooklyn,1,LCL/LTD,B84,Off-Peak,506,661,0.765507
2025-03-01,Brooklyn,1,LCL/LTD,B84,Peak,247,350,0.705714
2025-03-01,Brooklyn,2,LCL/LTD,B84,Off-Peak,169,192,0.880208
2025-03-01,Brooklyn,2,LCL/LTD,B84,Peak,69,76,0.907895
2025-03-01,Brooklyn,1,LCL/LTD,B9,Off-Peak,12718,17275,0.736208
2025-03-01,Brooklyn,1,LCL/LTD,B9,Peak,6127,8962,0.683664
2025-03-01,Brooklyn,2,LCL/LTD,B9,Off-Peak,5351,7232,0.739906
2025-03-01,Brooklyn,2,LCL/LTD,B9,Peak,2009,2691,0.746563
2025-03-01,Brooklyn,1,EXP,BM1,Off-Peak,979,1346,0.72734
2025-03-01,Brooklyn,1,EXP,BM1,Peak,890,1409,0.631654
2025-03-01,Brooklyn,2,EXP,BM1,Off-Peak,177,225,0.786667
2025-03-01,Brooklyn,2,EXP,BM1,Peak,63,85,0.741176
2025-03-01,Brooklyn,1,EXP,BM2,Off-Peak,1204,1478,0.814614
2025-03-01,Brooklyn,1,EXP,BM2,Peak,769,1143,0.672791
2025-03-01,Brooklyn,2,EXP,BM2,Off-Peak,185,248,0.745968
2025-03-01,Brooklyn,2,EXP,BM2,Peak,72,83,0.86747
2025-03-01,Brooklyn,1,EXP,BM3,Off-Peak,1027,1434,0.716179
2025-03-01,Brooklyn,1,EXP,BM3,Peak,717,1216,0.589638
2025-03-01,Brooklyn,2,EXP,BM3,Off-Peak,196,279,0.702509
2025-03-01,Brooklyn,2,EXP,BM3,Peak,83,95,0.873684
2025-03-01,Brooklyn,1,EXP,BM4,Off-Peak,654,863,0.757822
2025-03-01,Brooklyn,1,EXP,BM4,Peak,620,1076,0.576208
2025-03-01,Brooklyn,2,EXP,BM4,Off-Peak,178,227,0.784141
2025-03-01,Brooklyn,2,EXP,BM4,Peak,51,58,0.87931
2025-03-01,Brooklyn,1,EXP,BM5,Off-Peak,424,568,0.746479
2025-03-01,Brooklyn,1,EXP,BM5,Peak,406,584,0.695205
2025-03-01,Brooklyn,2,EXP,BM5,Off-Peak,97,109,0.889908
2025-03-01,Brooklyn,2,EXP,BM5,Peak,22,33,0.666667
2025-03-01,Brooklyn,1,EXP,X27,Off-Peak,2115,2458,0.860456
2025-03-01,Brooklyn,1,EXP,X27,Peak,963,1297,0.742483
2025-03-01,Brooklyn,2,EXP,X27,Off-Peak,918,1045,0.878469
2025-03-01,Brooklyn,2,EXP,X27,Peak,432,488,0.885246
2025-03-01,Brooklyn,1,EXP,X28,Off-Peak,2240,2631,0.851387
2025-03-01,Brooklyn,1,EXP,X28,Peak,1213,1646,0.736938
2025-03-01,Brooklyn,2,EXP,X28,Off-Peak,895,1064,0.841165
2025-03-01,Brooklyn,2,EXP,X28,Peak,459,583,0.787307
2025-03-01,Brooklyn,1,EXP,X37,Off-Peak,125,141,0.886525
2025-03-01,Brooklyn,1,EXP,X37,Peak,928,1223,0.75879
2025-03-01,Brooklyn,1,EXP,X38,Off-Peak,167,205,0.814634
2025-03-01,Brooklyn,1,EXP,X38,Peak,1007,1333,0.755439
2025-03-01,Manhattan,1,LCL/LTD,M1,Off-Peak,7942,10267,0.773546
2025-03-01,Manhattan,1,LCL/LTD,M1,Peak,4382,6113,0.716833
2025-03-01,Manhattan,2,LCL/LTD,M1,Off-Peak,2565,3963,0.647237
2025-03-01,Manhattan,2,LCL/LTD,M1,Peak,1141,1720,0.663372
2025-03-01,Manhattan,1,LCL/LTD,M10,Off-Peak,6646,7498,0.88637
2025-03-01,Manhattan,1,LCL/LTD,M10,Peak,3231,4037,0.800347
2025-03-01,Manhattan,2,LCL/LTD,M10,Off-Peak,3125,3790,0.824538
2025-03-01,Manhattan,2,LCL/LTD,M10,Peak,1299,1501,0.865423
2025-03-01,Manhattan,1,LCL/LTD,M100,Off-Peak,8991,11346,0.792438
2025-03-01,Manhattan,1,LCL/LTD,M100,Peak,3912,5409,0.723239
2025-03-01,Manhattan,2,LCL/LTD,M100,Off-Peak,3195,4006,0.797554
2025-03-01,Manhattan,2,LCL/LTD,M100,Peak,1298,1607,0.807716
2025-03-01,Manhattan,1,LCL/LTD,M101,Off-Peak,22151,28034,0.790148
2025-03-01,Manhattan,1,LCL/LTD,M101,Peak,7359,10427,0.705764
2025-03-01,Manhattan,2,LCL/LTD,M101,Off-Peak,7065,9603,0.735708
2025-03-01,Manhattan,2,LCL/LTD,M101,Peak,2483,3409,0.728366
2025-03-01,Manhattan,1,LCL/LTD,M102,Off-Peak,10487,13467,0.778718
2025-03-01,Manhattan,1,LCL/LTD,M102,Peak,3711,5183,0.715995
2025-03-01,Manhattan,2,LCL/LTD,M102,Off-Peak,4439,5702,0.778499
2025-03-01,Manhattan,2,LCL/LTD,M102,Peak,1561,2094,0.745463
2025-03-01,Manhattan,1,LCL/LTD,M103,Off-Peak,11271,13827,0.815144
2025-03-01,Manhattan,1,LCL/LTD,M103,Peak,3775,5206,0.725125
2025-03-01,Manhattan,2,LCL/LTD,M103,Off-Peak,4546,5769,0.788005
2025-03-01,Manhattan,2,LCL/LTD,M103,Peak,1813,2331,0.777778
2025-03-01,Manhattan,1,LCL/LTD,M104,Off-Peak,8308,9969,0.833383
2025-03-01,Manhattan,1,LCL/LTD,M104,Peak,3208,4079,0.786467
2025-03-01,Manhattan,2,LCL/LTD,M104,Off-Peak,6175,7389,0.835702
2025-03-01,Manhattan,2,LCL/LTD,M104,Peak,2312,2775,0.833153
2025-03-01,Manhattan,1,LCL/LTD,M106,Off-Peak,2832,3427,0.826379
2025-03-01,Manhattan,1,LCL/LTD,M106,Peak,2296,2869,0.800279
2025-03-01,Manhattan,2,LCL/LTD,M106,Off-Peak,889,1004,0.885458
2025-03-01,Manhattan,2,LCL/LTD,M106,Peak,361,450,0.802222
2025-03-01,Manhattan,1,LCL/LTD,M11,Off-Peak,17010,20850,0.815827
2025-03-01,Manhattan,1,LCL/LTD,M11,Peak,6686,9309,0.71823
2025-03-01,Manhattan,2,LCL/LTD,M11,Off-Peak,5088,7499,0.67849
2025-03-01,Manhattan,2,LCL/LTD,M11,Peak,2328,3375,0.689778
2025-03-01,Manhattan,1,LCL/LTD,M116,Off-Peak,13336,15076,0.884585
2025-03-01,Manhattan,1,LCL/LTD,M116,Peak,6663,8278,0.804905
2025-03-01,Manhattan,2,LCL/LTD,M116,Off-Peak,4712,5093,0.925191
2025-03-01,Manhattan,2,LCL/LTD,M116,Peak,1926,2142,0.89916
2025-03-01,Manhattan,1,LCL/LTD,M12,Off-Peak,1945,2166,0.897969
2025-03-01,Manhattan,1,LCL/LTD,M12,Peak,891,1070,0.83271
2025-03-01,Manhattan,2,LCL/LTD,M12,Off-Peak,1044,1143,0.913386
2025-03-01,Manhattan,2,LCL/LTD,M12,Peak,515,552,0.932971
2025-03-01,Manhattan,1,LCL/LTD,M125,Off-Peak,13582,17394,0.780844
2025-03-01,Manhattan,1,LCL/LTD,M125,Peak,4528,6758,0.670021
2025-03-01,Manhattan,2,LCL/LTD,M125,Off-Peak,5314,6958,0.763725
2025-03-01,Manhattan,2,LCL/LTD,M125,Peak,1894,2521,0.751289
2025-03-01,Manhattan,1,SBS,M14A+,Off-Peak,3612,4026,0.897168
2025-03-01,Manhattan,1,SBS,M14A+,Peak,1359,1684,0.807007
2025-03-01,Manhattan,2,SBS,M14A+,Off-Peak,1453,1582,0.918458
2025-03-01,Manhattan,2,SBS,M14A+,Peak,549,596,0.921141
2025-03-01,Manhattan,1,SBS,M14D+,Off-Peak,8916,9955,0.89563
2025-03-01,Manhattan,1,SBS,M14D+,Peak,3973,4802,0.827364
2025-03-01,Manhattan,2,SBS,M14D+,Off-Peak,3013,3316,0.908625
2025-03-01,Manhattan,2,SBS,M14D+,Peak,1103,1205,0.915353
2025-03-01,Manhattan,1,LCL/LTD,M15,Off-Peak,24448,30126,0.811525
2025-03-01,Manhattan,1,LCL/LTD,M15,Peak,7631,10366,0.736157
2025-03-01,Manhattan,2,LCL/LTD,M15,Off-Peak,9596,11896,0.806658
2025-03-01,Manhattan,2,LCL/LTD,M15,Peak,3226,3967,0.813209
2025-03-01,Manhattan,1,SBS,M15+,Off-Peak,8578,10596,0.809551
2025-03-01,Manhattan,1,SBS,M15+,Peak,4714,6154,0.766006
2025-03-01,Manhattan,2,SBS,M15+,Off-Peak,3069,3800,0.807632
2025-03-01,Manhattan,2,SBS,M15+,Peak,1220,1507,0.809555
2025-03-01,Manhattan,1,LCL/LTD,M2,Off-Peak,9134,11116,0.821698
2025-03-01,Manhattan,1,LCL/LTD,M2,Peak,3903,5204,0.75
2025-03-01,Manhattan,2,LCL/LTD,M2,Off-Peak,2829,3929,0.720031
2025-03-01,Manhattan,2,LCL/LTD,M2,Peak,1132,1593,0.710609
2025-03-01,Manhattan,1,LCL/LTD,M20,Off-Peak,4484,5872,0.763624
2025-03-01,Manhattan,1,LCL/LTD,M20,Peak,2021,2900,0.696897
2025-03-01,Manhattan,2,LCL/LTD,M20,Off-Peak,2754,3464,0.795035
2025-03-01,Manhattan,2,LCL/LTD,M20,Peak,951,1246,0.763242
2025-03-01,Manhattan,1,LCL/LTD,M21,Off-Peak,3571,4052,0.881293
2025-03-01,Manhattan,1,LCL/LTD,M21,Peak,2138,2615,0.817591
2025-03-01,Manhattan,2,LCL/LTD,M21,Off-Peak,1526,1738,0.878021
2025-03-01,Manhattan,2,LCL/LTD,M21,Peak,594,661,0.898638
2025-03-01,Manhattan,1,LCL/LTD,M22,Off-Peak,3441,3876,0.887771
2025-03-01,Manhattan,1,LCL/LTD,M22,Peak,1811,2277,0.795345
2025-03-01,Manhattan,2,LCL/LTD,M22,Off-Peak,1164,1346,0.864785
2025-03-01,Manhattan,2,LCL/LTD,M22,Peak,565,654,0.863914
2025-03-01,Manhattan,1,SBS,M23+,Off-Peak,2868,3246,0.883549
2025-03-01,Manhattan,1,SBS,M23+,Peak,1250,1497,0.835003
2025-03-01,Manhattan,2,SBS,M23+,Off-Peak,1042,1145,0.910044
2025-03-01,Manhattan,2,SBS,M23+,Peak,394,406,0.970443
2025-03-01,Manhattan,1,LCL/LTD,M3,Off-Peak,11175,13562,0.823994
2025-03-01,Manhattan,1,LCL/LTD,M3,Peak,4645,6173,0.75247
2025-03-01,Manhattan,2,LCL/LTD,M3,Off-Peak,3994,5521,0.72342
2025-03-01,Manhattan,2,LCL/LTD,M3,Peak,1740,2387,0.728948
2025-03-01,Manhattan,1,LCL/LTD,M31,Off-Peak,6827,8458,0.807165
2025-03-01,Manhattan,1,LCL/LTD,M31,Peak,3435,4669,0.735704
2025-03-01,Manhattan,2,LCL/LTD,M31,Off-Peak,3402,4020,0.846269
2025-03-01,Manhattan,2,LCL/LTD,M31,Peak,1382,1611,0.857852
2025-03-01,Manhattan,1,SBS,M34+,Off-Peak,2991,3433,0.87125
2025-03-01,Manhattan,1,SBS,M34+,Peak,1247,1643,0.758977
2025-03-01,Manhattan,2,SBS,M34+,Off-Peak,888,970,0.915464
2025-03-01,Manhattan,2,SBS,M34+,Peak,364,399,0.912281
2025-03-01,Manhattan,1,SBS,M34A+,Off-Peak,3018,3646,0.827756
2025-03-01,Manhattan,1,SBS,M34A+,Peak,1349,1831,0.736756
2025-03-01,Manhattan,2,SBS,M34A+,Off-Peak,1099,1254,0.876396
2025-03-01,Manhattan,2,SBS,M34A+,Peak,413,480,0.860417
2025-03-01,Manhattan,1,LCL/LTD,M4,Off-Peak,19091,23283,0.819954
2025-03-01,Manhattan,1,LCL/LTD,M4,Peak,8866,11737,0.755389
2025-03-01,Manhattan,2,LCL/LTD,M4,Off-Peak,5750,7606,0.755982
2025-03-01,Manhattan,2,LCL/LTD,M4,Peak,2623,3572,0.734323
2025-03-01,Manhattan,1,LCL/LTD,M42,Off-Peak,8285,9402,0.881195
2025-03-01,Manhattan,1,LCL/LTD,M42,Peak,4075,5271,0.773098
2025-03-01,Manhattan,2,LCL/LTD,M42,Off-Peak,2736,3276,0.835165
2025-03-01,Manhattan,2,LCL/LTD,M42,Peak,1052,1238,0.849758
2025-03-01,Manhattan,1,LCL/LTD,M5,Off-Peak,10044,13003,0.772437
2025-03-01,Manhattan,1,LCL/LTD,M5,Peak,4007,5714,0.70126
2025-03-01,Manhattan,2,LCL/LTD,M5,Off-Peak,4018,5568,0.721624
2025-03-01,Manhattan,2,LCL/LTD,M5,Peak,1771,2379,0.74443
2025-03-01,Manhattan,1,LCL/LTD,M50,Off-Peak,4090,4600,0.88913
2025-03-01,Manhattan,1,LCL/LTD,M50,Peak,2014,2469,0.815715
2025-03-01,Manhattan,2,LCL/LTD,M50,Off-Peak,1256,1455,0.86323
2025-03-01,Manhattan,2,LCL/LTD,M50,Peak,490,574,0.853659
2025-03-01,Manhattan,1,LCL/LTD,M55,Off-Peak,4912,6283,0.781792
2025-03-01,Manhattan,1,LCL/LTD,M55,Peak,1890,2663,0.709726
2025-03-01,Manhattan,2,LCL/LTD,M55,Off-Peak,2661,3544,0.750847
2025-03-01,Manhattan,2,LCL/LTD,M55,Peak,1130,1437,0.78636
2025-03-01,Manhattan,1,LCL/LTD,M57,Off-Peak,6507,7316,0.88942
2025-03-01,Manhattan,1,LCL/LTD,M57,Peak,3415,4247,0.804097
2025-03-01,Manhattan,2,LCL/LTD,M57,Off-Peak,2585,2902,0.890765
2025-03-01,Manhattan,2,LCL/LTD,M57,Peak,1192,1333,0.894224
2025-03-01,Manhattan,1,SBS,M60+,Off-Peak,2462,3172,0.776166
2025-03-01,Manhattan,1,SBS,M60+,Peak,896,1240,0.722581
2025-03-01,Manhattan,2,SBS,M60+,Off-Peak,1302,1633,0.797306
2025-03-01,Manhattan,2,SBS,M60+,Peak,438,527,0.83112
2025-03-01,Manhattan,1,LCL/LTD,M66,Off-Peak,5593,6536,0.855722
2025-03-01,Manhattan,1,LCL/LTD,M66,Peak,3873,4792,0.808222
2025-03-01,Manhattan,2,LCL/LTD,M66,Off-Peak,1759,2097,0.838817
2025-03-01,Manhattan,2,LCL/LTD,M66,Peak,780,889,0.87739
2025-03-01,Manhattan,1,LCL/LTD,M7,Off-Peak,10072,13309,0.756781
2025-03-01,Manhattan,1,LCL/LTD,M7,Peak,3405,4914,0.692918
2025-03-01,Manhattan,2,LCL/LTD,M7,Off-Peak,4228,6115,0.691415
2025-03-01,Manhattan,2,LCL/LTD,M7,Peak,1592,2281,0.69794
2025-03-01,Manhattan,1,LCL/LTD,M72,Off-Peak,7215,8037,0.897723
2025-03-01,Manhattan,1,LCL/LTD,M72,Peak,2992,3750,0.797867
2025-03-01,Manhattan,2,LCL/LTD,M72,Off-Peak,2572,2774,0.927181
2025-03-01,Manhattan,2,LCL/LTD,M72,Peak,1009,1085,0.929954
2025-03-01,Manhattan,1,SBS,M79+,Off-Peak,5993,7049,0.850192
2025-03-01,Manhattan,1,SBS,M79+,Peak,2903,3855,0.753048
2025-03-01,Manhattan,2,SBS,M79+,Off-Peak,2290,2716,0.843152
2025-03-01,Manhattan,2,SBS,M79+,Peak,860,1066,0.806754
2025-03-01,Manhattan,1,LCL/LTD,M8,Off-Peak,3479,4014,0.866716
2025-03-01,Manhattan,1,LCL/LTD,M8,Peak,2342,2866,0.817167
2025-03-01,Manhattan,2,LCL/LTD,M8,Off-Peak,1393,1528,0.911649
2025-03-01,Manhattan,2,LCL/LTD,M8,Peak,558,604,0.923841
2025-03-01,Manhattan,1,SBS,M86+,Off-Peak,3784,4427,0.854755
2025-03-01,Manhattan,1,SBS,M86+,Peak,2065,2501,0.82567
2025-03-01,Manhattan,2,SBS,M86+,Off-Peak,1595,1765,0.903683
2025-03-01,Manhattan,2,SBS,M86+,Peak,575,623,0.922953
2025-03-01,Manhattan,1,LCL/LTD,M9,Off-Peak,7070,8312,0.850577
2025-03-01,Manhattan,1,LCL/LTD,M9,Peak,3856,4877,0.79065
2025-03-01,Manhattan,2,LCL/LTD,M9,Off-Peak,2180,2915,0.747856
2025-03-01,Manhattan,2,LCL/LTD,M9,Peak,806,1000,0.806
2025-03-01,Manhattan,1,LCL/LTD,M96,Off-Peak,14113,16314,0.865085
2025-03-01,Manhattan,1,LCL/LTD,M96,Peak,7540,9159,0.823234
2025-03-01,Manhattan,2,LCL/LTD,M96,Off-Peak,4430,4995,0.886887
2025-03-01,Manhattan,2,LCL/LTD,M96,Peak,1629,1832,0.889192
2025-03-01,Manhattan,1,LCL/LTD,M98,Off-Peak,227,242,0.938017
2025-03-01,Manhattan,1,LCL/LTD,M98,Peak,473,599,0.789649
2025-03-01,Queens,1,LCL/LTD,Q1,Off-Peak,9881,11193,0.882784
2025-03-01,Queens,1,LCL/LTD,Q1,Peak,3962,5286,0.749527
2025-03-01,Queens,2,LCL/LTD,Q1,Off-Peak,3745,4372,0.856587
2025-03-01,Queens,2,LCL/LTD,Q1,Peak,1401,1670,0.838922
2025-03-01,Queens,1,LCL/LTD,Q10,Off-Peak,14966,17761,0.842633
2025-03-01,Queens,1,LCL/LTD,Q10,Peak,5442,8059,0.67527
2025-03-01,Queens,2,LCL/LTD,Q10,Off-Peak,5793,6792,0.852915
2025-03-01,Queens,2,LCL/LTD,Q10,Peak,2244,2584,0.868421
2025-03-01,Queens,1,LCL/LTD,Q100,Off-Peak,3639,4070,0.894103
2025-03-01,Queens,1,LCL/LTD,Q100,Peak,1381,1784,0.774103
2025-03-01,Queens,2,LCL/LTD,Q100,Off-Peak,1762,2165,0.813857
2025-03-01,Queens,2,LCL/LTD,Q100,Peak,666,770,0.864935
2025-03-01,Queens,1,LCL/LTD,Q101,Off-Peak,4112,4803,0.856132
2025-03-01,Queens,1,LCL/LTD,Q101,Peak,1792,2457,0.729345
2025-03-01,Queens,2,LCL/LTD,Q101,Off-Peak,1634,1877,0.870538
2025-03-01,Queens,2,LCL/LTD,Q101,Peak,594,685,0.867153
2025-03-01,Queens,1,LCL/LTD,Q102,Off-Peak,2401,2836,0.846615
2025-03-01,Queens,1,LCL/LTD,Q102,Peak,1041,1375,0.757091
2025-03-01,Queens,2,LCL/LTD,Q102,Off-Peak,944,1192,0.791946
2025-03-01,Queens,2,LCL/LTD,Q102,Peak,369,451,0.818182
2025-03-01,Queens,1,LCL/LTD,Q103,Off-Peak,740,851,0.869565
2025-03-01,Queens,1,LCL/LTD,Q103,Peak,485,628,0.772293
2025-03-01,Queens,2,LCL/LTD,Q103,Off-Peak,233,271,0.859779
2025-03-01,Queens,2,LCL/LTD,Q103,Peak,125,143,0.874126
2025-03-01,Queens,1,LCL/LTD,Q104,Off-Peak,863,969,0.890609
2025-03-01,Queens,1,LCL/LTD,Q104,Peak,468,562,0.83274
2025-03-01,Queens,2,LCL/LTD,Q104,Off-Peak,323,340,0.95
2025-03-01,Queens,2,LCL/LTD,Q104,Peak,132,148,0.891892
2025-03-01,Queens,1,LCL/LTD,Q109,Off-Peak,1642,2341,0.70141
2025-03-01,Queens,1,LCL/LTD,Q109,Peak,527,834,0.631894
2025-03-01,Queens,2,LCL/LTD,Q109,Off-Peak,749,1086,0.689687
2025-03-01,Queens,2,LCL/LTD,Q109,Peak,238,361,0.65928
2025-03-01,Queens,1,LCL/LTD,Q11,Off-Peak,4804,6079,0.790262
2025-03-01,Queens,1,LCL/LTD,Q11,Peak,2665,3930,0.678117
2025-03-01,Queens,2,LCL/LTD,Q11,Off-Peak,1690,2141,0.789351
2025-03-01,Queens,2,LCL/LTD,Q11,Peak,644,800,0.805
2025-03-01,Queens,1,LCL/LTD,Q110,Off-Peak,10261,12364,0.829909
2025-03-01,Queens,1,LCL/LTD,Q110,Peak,4617,6546,0.705316
2025-03-01,Queens,2,LCL/LTD,Q110,Off-Peak,3330,4173,0.797987
2025-03-01,Queens,2,LCL/LTD,Q110,Peak,1275,1473,0.86558
2025-03-01,Queens,1,LCL/LTD,Q111,Off-Peak,13745,15909,0.863976
2025-03-01,Queens,1,LCL/LTD,Q111,Peak,6228,8064,0.772321
2025-03-01,Queens,2,LCL/LTD,Q111,Off-Peak,5723,6473,0.884134
2025-03-01,Queens,2,LCL/LTD,Q111,Peak,2175,2519,0.863438
2025-03-01,Queens,1,LCL/LTD,Q112,Off-Peak,6599,7665,0.860926
2025-03-01,Queens,1,LCL/LTD,Q112,Peak,3845,5426,0.708625
2025-03-01,Queens,2,LCL/LTD,Q112,Off-Peak,1978,2610,0.757854
2025-03-01,Queens,2,LCL/LTD,Q112,Peak,908,1147,0.79163
2025-03-01,Queens,1,LCL/LTD,Q113,Off-Peak,4840,5553,0.871601
2025-03-01,Queens,1,LCL/LTD,Q113,Peak,2940,3727,0.788838
2025-03-01,Queens,2,LCL/LTD,Q113,Off-Peak,1620,1862,0.870032
2025-03-01,Queens,2,LCL/LTD,Q113,Peak,775,853,0.908558
2025-03-01,Queens,1,LCL/LTD,Q114,Off-Peak,8770,10085,0.869608
2025-03-01,Queens,1,LCL/LTD,Q114,Peak,2857,3794,0.753031
2025-03-01,Queens,2,LCL/LTD,Q114,Off-Peak,3808,4504,0.845471
2025-03-01,Queens,2,LCL/LTD,Q114,Peak,1147,1374,0.834789
2025-03-01,Queens,1,LCL/LTD,Q12,Off-Peak,9274,10755,0.862297
2025-03-01,Queens,1,LCL/LTD,Q12,Peak,3185,4167,0.764339
2025-03-01,Queens,2,LCL/LTD,Q12,Off-Peak,4047,5231,0.773657
2025-03-01,Queens,2,LCL/LTD,Q12,Peak,1444,1997,0.723085
2025-03-01,Queens,1,LCL/LTD,Q13,Off-Peak,5009,6413,0.78107
2025-03-01,Queens,1,LCL/LTD,Q13,Peak,2318,3262,0.710607
2025-03-01,Queens,2,LCL/LTD,Q13,Off-Peak,2207,2627,0.840122
2025-03-01,Queens,2,LCL/LTD,Q13,Peak,889,1050,0.846667
2025-03-01,Queens,1,LCL/LTD,Q15,Off-Peak,3146,3629,0.866905
2025-03-01,Queens,1,LCL/LTD,Q15,Peak,1709,2239,0.763287
2025-03-01,Queens,2,LCL/LTD,Q15,Off-Peak,954,1154,0.82669
2025-03-01,Queens,2,LCL/LTD,Q15,Peak,432,517,0.83559
2025-03-01,Queens,1,LCL/LTD,Q15A,Off-Peak,3922,4326,0.906611
2025-03-01,Queens,1,LCL/LTD,Q15A,Peak,2254,2780,0.810791
2025-03-01,Queens,2,LCL/LTD,Q15A,Off-Peak,1233,1487,0.829186
2025-03-01,Queens,2,LCL/LTD,Q15A,Peak,486,629,0.772655
2025-03-01,Queens,1,LCL/LTD,Q16,Off-Peak,5382,5844,0.920945
2025-03-01,Queens,1,LCL/LTD,Q16,Peak,3197,3809,0.839328
2025-03-01,Queens,2,LCL/LTD,Q16,Off-Peak,1977,2330,0.848498
2025-03-01,Queens,2,LCL/LTD,Q16,Peak,722,906,0.796909
2025-03-01,Queens,1,LCL/LTD,Q17,Off-Peak,19113,23063,0.82873
2025-03-01,Queens,1,LCL/LTD,Q17,Peak,6981,9819,0.710969
2025-03-01,Queens,2,LCL/LTD,Q17,Off-Peak,9017,11580,0.77867
2025-03-01,Queens,2,LCL/LTD,Q17,Peak,3574,4785,0.746917
2025-03-01,Queens,1,LCL/LTD,Q18,Off-Peak,4954,6021,0.822787
2025-03-01,Queens,1,LCL/LTD,Q18,Peak,2804,4096,0.68457
2025-03-01,Queens,2,LCL/LTD,Q18,Off-Peak,1901,2294,0.828684
2025-03-01,Queens,2,LCL/LTD,Q18,Peak,783,954,0.820755
2025-03-01,Queens,1,LCL/LTD,Q19,Off-Peak,3708,4544,0.816021
2025-03-01,Queens,1,LCL/LTD,Q19,Peak,1859,2621,0.709271
2025-03-01,Queens,2,LCL/LTD,Q19,Off-Peak,1081,1317,0.820805
2025-03-01,Queens,2,LCL/LTD,Q19,Peak,467,641,0.728549
2025-03-01,Queens,1,LCL/LTD,Q2,Off-Peak,12301,13960,0.88116
2025-03-01,Queens,1,LCL/LTD,Q2,Peak,4593,6146,0.747315
2025-03-01,Queens,2,LCL/LTD,Q2,Off-Peak,4353,5037,0.864205
2025-03-01,Queens,2,LCL/LTD,Q2,Peak,1692,1948,0.868583
2025-03-01,Queens,1,LCL/LTD,Q20A,Off-Peak,7579,8919,0.849759
2025-03-01,Queens,1,LCL/LTD,Q20A,Peak,2727,3625,0.752276
2025-03-01,Queens,2,LCL/LTD,Q20A,Off-Peak,5025,6141,0.818271
2025-03-01,Queens,2,LCL/LTD,Q20A,Peak,1757,2198,0.799363
2025-03-01,Queens,1,LCL/LTD,Q20B,Off-Peak,5916,6836,0.865418
2025-03-01,Queens,1,LCL/LTD,Q20B,Peak,2647,3651,0.725007
2025-03-01,Queens,1,LCL/LTD,Q21,Off-Peak,3884,4728,0.821489
2025-03-01,Queens,1,LCL/LTD,Q21,Peak,1671,2254,0.741349
2025-03-01,Queens,2,LCL/LTD,Q21,Off-Peak,1990,2299,0.865594
2025-03-01,Queens,2,LCL/LTD,Q21,Peak,840,1005,0.835821
2025-03-01,Queens,1,LCL/LTD,Q22,Off-Peak,3284,4674,0.70261
2025-03-01,Queens,1,LCL/LTD,Q22,Peak,1170,1952,0.599385
2025-03-01,Queens,2,LCL/LTD,Q22,Off-Peak,1445,1957,0.738375
2025-03-01,Queens,2,LCL/LTD,Q22,Peak,576,795,0.724528
2025-03-01,Queens,1,LCL/LTD,Q23,Off-Peak,9361,11331,0.826141
2025-03-01,Queens,1,LCL/LTD,Q23,Peak,4264,5918,0.720514
2025-03-01,Queens,2,LCL/LTD,Q23,Off-Peak,3538,4397,0.80464
2025-03-01,Queens,2,LCL/LTD,Q23,Peak,1458,1804,0.808204
2025-03-01,Queens,1,LCL/LTD,Q24,Off-Peak,9062,13737,0.659678
2025-03-01,Queens,1,LCL/LTD,Q24,Peak,4264,7588,0.56194
2025-03-01,Queens,2,LCL/LTD,Q24,Off-Peak,3201,5312,0.602598
2025-03-01,Queens,2,LCL/LTD,Q24,Peak,1372,2220,0.618018
2025-03-01,Queens,1,LCL/LTD,Q25,Off-Peak,10703,13806,0.775243
2025-03-01,Queens,1,LCL/LTD,Q25,Peak,6985,10171,0.686756
2025-03-01,Queens,2,LCL/LTD,Q25,Off-Peak,3692,4538,0.813574
2025-03-01,Queens,2,LCL/LTD,Q25,Peak,1298,1612,0.805211
2025-03-01,Queens,1,LCL/LTD,Q26,Off-Peak,1146,1242,0.922705
2025-03-01,Queens,1,LCL/LTD,Q26,Peak,1971,2309,0.853616
2025-03-01,Queens,1,LCL/LTD,Q27,Off-Peak,29239,36912,0.792127
2025-03-01,Queens,1,LCL/LTD,Q27,Peak,13295,19328,0.687862
2025-03-01,Queens,2,LCL/LTD,Q27,Off-Peak,9176,11393,0.805407
2025-03-01,Queens,2,LCL/LTD,Q27,Peak,3897,4797,0.812383
2025-03-01,Queens,1,LCL/LTD,Q28,Off-Peak,7752,9401,0.824593
2025-03-01,Queens,1,LCL/LTD,Q28,Peak,3887,5084,0.764555
2025-03-01,Queens,2,LCL/LTD,Q28,Off-Peak,3051,3586,0.850809
2025-03-01,Queens,2,LCL/LTD,Q28,Peak,1157,1374,0.842067
2025-03-01,Queens,1,LCL/LTD,Q29,Off-Peak,3128,3403,0.919189
2025-03-01,Queens,1,LCL/LTD,Q29,Peak,1802,2238,0.805183
2025-03-01,Queens,2,LCL/LTD,Q29,Off-Peak,1125,1361,0.826598
2025-03-01,Queens,2,LCL/LTD,Q29,Peak,480,566,0.848057
2025-03-01,Queens,1,LCL/LTD,Q3,Off-Peak,19056,22311,0.854108
2025-03-01,Queens,1,LCL/LTD,Q3,Peak,6176,8325,0.741862
2025-03-01,Queens,2,LCL/LTD,Q3,Off-Peak,7308,9121,0.801228
2025-03-01,Queens,2,LCL/LTD,Q3,Peak,2147,2852,0.752805
2025-03-01,Queens,1,LCL/LTD,Q30,Off-Peak,19012,23899,0.795514
2025-03-01,Queens,1,LCL/LTD,Q30,Peak,7290,10598,0.687866
2025-03-01,Queens,2,LCL/LTD,Q30,Off-Peak,3132,4215,0.74306
2025-03-01,Queens,2,LCL/LTD,Q30,Peak,1356,1776,0.763514
2025-03-01,Queens,1,LCL/LTD,Q31,Off-Peak,7368,9325,0.790134
2025-03-01,Queens,1,LCL/LTD,Q31,Peak,4090,6183,0.661491
2025-03-01,Queens,2,LCL/LTD,Q31,Off-Peak,1115,1549,0.719819
2025-03-01,Queens,2,LCL/LTD,Q31,Peak,553,776,0.712629
2025-03-01,Queens,1,LCL/LTD,Q32,Off-Peak,8427,10755,0.783543
2025-03-01,Queens,1,LCL/LTD,Q32,Peak,3292,4891,0.673073
2025-03-01,Queens,2,LCL/LTD,Q32,Off-Peak,3392,4565,0.743045
2025-03-01,Queens,2,LCL/LTD,Q32,Peak,1475,1996,0.738978
2025-03-01,Queens,1,LCL/LTD,Q33,Off-Peak,5283,6087,0.867915
2025-03-01,Queens,1,LCL/LTD,Q33,Peak,1905,2569,0.741534
2025-03-01,Queens,2,LCL/LTD,Q33,Off-Peak,1977,2267,0.872078
2025-03-01,Queens,2,LCL/LTD,Q33,Peak,628,760,0.826316
2025-03-01,Queens,1,LCL/LTD,Q34,Off-Peak,4114,5210,0.789635
2025-03-01,Queens,1,LCL/LTD,Q34,Peak,1287,1850,0.695676
2025-03-01,Queens,1,LCL/LTD,Q35,Off-Peak,5728,6562,0.872905
2025-03-01,Queens,1,LCL/LTD,Q35,Peak,2353,3266,0.720453
2025-03-01,Queens,2,LCL/LTD,Q35,Off-Peak,3094,3488,0.887041
2025-03-01,Queens,2,LCL/LTD,Q35,Peak,1123,1283,0.875292
2025-03-01,Queens,1,LCL/LTD,Q36,Off-Peak,16489,19464,0.847154
2025-03-01,Queens,1,LCL/LTD,Q36,Peak,7600,10332,0.735579
2025-03-01,Queens,2,LCL/LTD,Q36,Off-Peak,4445,5283,0.841378
2025-03-01,Queens,2,LCL/LTD,Q36,Peak,1413,1816,0.778084
2025-03-01,Queens,1,LCL/LTD,Q37,Off-Peak,4949,6094,0.81211
2025-03-01,Queens,1,LCL/LTD,Q37,Peak,2512,3705,0.678003
2025-03-01,Queens,2,LCL/LTD,Q37,Off-Peak,1578,1895,0.832718
2025-03-01,Queens,2,LCL/LTD,Q37,Peak,662,804,0.823383
2025-03-01,Queens,1,LCL/LTD,Q38,Off-Peak,6251,7880,0.793274
2025-03-01,Queens,1,LCL/LTD,Q38,Peak,3368,4872,0.691297
2025-03-01,Queens,2,LCL/LTD,Q38,Off-Peak,2043,2559,0.798359
2025-03-01,Queens,2,LCL/LTD,Q38,Peak,952,1071,0.888889
2025-03-01,Queens,1,LCL/LTD,Q39,Off-Peak,5605,6810,0.823054
2025-03-01,Queens,1,LCL/LTD,Q39,Peak,3081,4586,0.671827
2025-03-01,Queens,2,LCL/LTD,Q39,Off-Peak,1388,1968,0.705285
2025-03-01,Queens,2,LCL/LTD,Q39,Peak,393,636,0.617925
2025-03-01,Queens,1,LCL/LTD,Q4,Off-Peak,15526,18163,0.854815
2025-03-01,Queens,1,LCL/LTD,Q4,Peak,7160,10091,0.709543
2025-03-01,Queens,2,LCL/LTD,Q4,Off-Peak,4468,5583,0.800287
2025-03-01,Queens,2,LCL/LTD,Q4,Peak,1619,2009,0.805874
2025-03-01,Queens,1,LCL/LTD,Q40,Off-Peak,3078,4062,0.757755
2025-03-01,Queens,1,LCL/LTD,Q40,Peak,1047,1940,0.539691
2025-03-01,Queens,2,LCL/LTD,Q40,Off-Peak,1265,1509,0.838304
2025-03-01,Queens,2,LCL/LTD,Q40,Peak,471,584,0.806507
2025-03-01,Queens,1,LCL/LTD,Q41,Off-Peak,5749,7654,0.751111
2025-03-01,Queens,1,LCL/LTD,Q41,Peak,3182,5193,0.612748
2025-03-01,Queens,2,LCL/LTD,Q41,Off-Peak,1614,2292,0.704188
2025-03-01,Queens,2,LCL/LTD,Q41,Peak,661,1054,0.627135
2025-03-01,Queens,1,LCL/LTD,Q42,Off-Peak,1336,1481,0.902093
2025-03-01,Queens,1,LCL/LTD,Q42,Peak,846,1089,0.77686
2025-03-01,Queens,1,LCL/LTD,Q43,Off-Peak,8303,10243,0.810602
2025-03-01,Queens,1,LCL/LTD,Q43,Peak,3421,4479,0.763787
2025-03-01,Queens,2,LCL/LTD,Q43,Off-Peak,2762,3639,0.759
2025-03-01,Queens,2,LCL/LTD,Q43,Peak,1129,1487,0.759247
2025-03-01,Queens,1,SBS,Q44+,Off-Peak,7263,8339,0.870968
2025-03-01,Queens,1,SBS,Q44+,Peak,2507,3234,0.775201
2025-03-01,Queens,2,SBS,Q44+,Off-Peak,2404,3139,0.765849
2025-03-01,Queens,2,SBS,Q44+,Peak,848,1127,0.75244
2025-03-01,Queens,1,LCL/LTD,Q46,Off-Peak,14743,16344,0.902044
2025-03-01,Queens,1,LCL/LTD,Q46,Peak,7914,9815,0.806317
2025-03-01,Queens,2,LCL/LTD,Q46,Off-Peak,4335,5018,0.86389
2025-03-01,Queens,2,LCL/LTD,Q46,Peak,1642,1908,0.860587
2025-03-01,Queens,1,LCL/LTD,Q47,Off-Peak,7356,8754,0.840302
2025-03-01,Queens,1,LCL/LTD,Q47,Peak,4215,5930,0.710793
2025-03-01,Queens,2,LCL/LTD,Q47,Off-Peak,1419,1799,0.788772
2025-03-01,Queens,2,LCL/LTD,Q47,Peak,617,768,0.803385
2025-03-01,Queens,1,LCL/LTD,Q48,Off-Peak,2432,3105,0.783253
2025-03-01,Queens,1,LCL/LTD,Q48,Peak,953,1357,0.702284
2025-03-01,Queens,2,LCL/LTD,Q48,Off-Peak,1111,1321,0.84103
2025-03-01,Queens,2,LCL/LTD,Q48,Peak,470,554,0.848375
2025-03-01,Queens,1,LCL/LTD,Q49,Off-Peak,2389,2689,0.888434
2025-03-01,Queens,1,LCL/LTD,Q49,Peak,1167,1596,0.731203
2025-03-01,Queens,2,LCL/LTD,Q49,Off-Peak,854,984,0.867886
2025-03-01,Queens,2,LCL/LTD,Q49,Peak,291,358,0.812849
2025-03-01,Queens,1,LCL/LTD,Q5,Off-Peak,27611,32694,0.844528
2025-03-01,Queens,1,LCL/LTD,Q5,Peak,10766,14671,0.733829
2025-03-01,Queens,2,LCL/LTD,Q5,Off-Peak,7604,9518,0.798907
2025-03-01,Queens,2,LCL/LTD,Q5,Peak,3167,3860,0.820466
2025-03-01,Queens,1,LCL/LTD,Q50,Off-Peak,3197,3658,0.873975
2025-03-01,Queens,1,LCL/LTD,Q50,Peak,2069,2765,0.748282
2025-03-01,Queens,2,LCL/LTD,Q50,Off-Peak,794,919,0.863983
2025-03-01,Queens,2,LCL/LTD,Q50,Peak,347,401,0.865337
2025-03-01,Queens,1,SBS,Q52+,Off-Peak,1194,1494,0.799197
2025-03-01,Queens,1,SBS,Q52+,Peak,521,708,0.735876
2025-03-01,Queens,2,SBS,Q52+,Off-Peak,473,560,0.844643
2025-03-01,Queens,2,SBS,Q52+,Peak,196,240,0.816667
2025-03-01,Queens,1,SBS,Q53+,Off-Peak,4640,5565,0.833783
2025-03-01,Queens,1,SBS,Q53+,Peak,1936,2592,0.746914
2025-03-01,Queens,2,SBS,Q53+,Off-Peak,1764,2168,0.813653
2025-03-01,Queens,2,SBS,Q53+,Peak,615,761,0.808147
2025-03-01,Queens,1,LCL/LTD,Q54,Off-Peak,16051,20850,0.769832
2025-03-01,Queens,1,LCL/LTD,Q54,Peak,6223,9345,0.665918
2025-03-01,Queens,2,LCL/LTD,Q54,Off-Peak,4817,7208,0.668285
2025-03-01,Queens,2,LCL/LTD,Q54,Peak,1729,2736,0.631944
2025-03-01,Queens,1,LCL/LTD,Q55,Off-Peak,7692,9624,0.799252
2025-03-01,Queens,1,LCL/LTD,Q55,Peak,3249,4716,0.688931
2025-03-01,Queens,2,LCL/LTD,Q55,Off-Peak,2763,3595,0.768567
2025-03-01,Queens,2,LCL/LTD,Q55,Peak,1129,1490,0.757718
2025-03-01,Queens,1,LCL/LTD,Q56,Off-Peak,8679,13978,0.620904
2025-03-01,Queens,1,LCL/LTD,Q56,Peak,3432,6064,0.565963
2025-03-01,Queens,2,LCL/LTD,Q56,Off-Peak,3086,5097,0.605454
2025-03-01,Queens,2,LCL/LTD,Q56,Peak,1339,2024,0.661561
2025-03-01,Queens,1,LCL/LTD,Q58,Off-Peak,21261,29073,0.731297
2025-03-01,Queens,1,LCL/LTD,Q58,Peak,8361,12922,0.647036
2025-03-01,Queens,2,LCL/LTD,Q58,Off-Peak,7596,10856,0.699705
2025-03-01,Queens,2,LCL/LTD,Q58,Peak,3069,4326,0.709431
2025-03-01,Queens,1,LCL/LTD,Q59,Off-Peak,8907,11706,0.760892
2025-03-01,Queens,1,LCL/LTD,Q59,Peak,4241,6447,0.657825
2025-03-01,Queens,2,LCL/LTD,Q59,Off-Peak,3108,4683,0.663677
2025-03-01,Queens,2,LCL/LTD,Q59,Peak,1351,2012,0.671471
2025-03-01,Queens,1,LCL/LTD,Q6,Off-Peak,8158,10698,0.762572
2025-03-01,Queens,1,LCL/LTD,Q6,Peak,2715,4961,0.547269
2025-03-01,Queens,2,LCL/LTD,Q6,Off-Peak,3129,3984,0.785392
2025-03-01,Queens,2,LCL/LTD,Q6,Peak,1254,1642,0.763703
2025-03-01,Queens,1,LCL/LTD,Q60,Off-Peak,15298,20001,0.764862
2025-03-01,Queens,1,LCL/LTD,Q60,Peak,4976,7766,0.640742
2025-03-01,Queens,2,LCL/LTD,Q60,Off-Peak,5335,7289,0.731925
2025-03-01,Queens,2,LCL/LTD,Q60,Peak,1912,2625,0.728381
2025-03-01,Queens,1,LCL/LTD,Q64,Off-Peak,8116,8635,0.939896
2025-03-01,Queens,1,LCL/LTD,Q64,Peak,4529,5312,0.852598
2025-03-01,Queens,2,LCL/LTD,Q64,Off-Peak,1849,1925,0.960519
2025-03-01,Queens,2,LCL/LTD,Q64,Peak,678,683,0.992679
2025-03-01,Queens,1,LCL/LTD,Q65,Off-Peak,10935,14087,0.776248
2025-03-01,Queens,1,LCL/LTD,Q65,Peak,6178,8926,0.692135
2025-03-01,Queens,2,LCL/LTD,Q65,Off-Peak,3457,4329,0.798568
2025-03-01,Queens,2,LCL/LTD,Q65,Peak,1342,1795,0.747632
2025-03-01,Queens,1,LCL/LTD,Q66,Off-Peak,5128,6036,0.849569
2025-03-01,Queens,1,LCL/LTD,Q66,Peak,2504,3143,0.796691
2025-03-01,Queens,2,LCL/LTD,Q66,Off-Peak,1966,2354,0.835174
2025-03-01,Queens,2,LCL/LTD,Q66,Peak,736,928,0.793103
2025-03-01,Queens,1,LCL/LTD,Q67,Off-Peak,1950,2224,0.876799
2025-03-01,Queens,1,LCL/LTD,Q67,Peak,1258,1684,0.747031
2025-03-01,Queens,2,LCL/LTD,Q67,Off-Peak,321,371,0.865229
2025-03-01,Queens,2,LCL/LTD,Q67,Peak,119,133,0.894737
2025-03-01,Queens,1,LCL/LTD,Q69,Off-Peak,3355,3928,0.854124
2025-03-01,Queens,1,LCL/LTD,Q69,Peak,1738,2315,0.750756
2025-03-01,Queens,2,LCL/LTD,Q69,Off-Peak,1407,1554,0.905405
2025-03-01,Queens,2,LCL/LTD,Q69,Peak,615,668,0.920659
2025-03-01,Queens,1,LCL/LTD,Q7,Off-Peak,5120,6998,0.731638
2025-03-01,Queens,1,LCL/LTD,Q7,Peak,2411,4262,0.565697
2025-03-01,Queens,2,LCL/LTD,Q7,Off-Peak,1845,2449,0.753369
2025-03-01,Queens,2,LCL/LTD,Q7,Peak,764,1016,0.751969
2025-03-01,Queens,1,SBS,Q70+,Off-Peak,3938,4208,0.935837
2025-03-01,Queens,1,SBS,Q70+,Peak,1224,1459,0.838931
2025-03-01,Queens,2,SBS,Q70+,Off-Peak,1534,1675,0.915821
2025-03-01,Queens,2,SBS,Q70+,Peak,489,543,0.900552
2025-03-01,Queens,1,LCL/LTD,Q72,Off-Peak,5084,6072,0.837286
2025-03-01,Queens,1,LCL/LTD,Q72,Peak,2121,2769,0.76598
2025-03-01,Queens,2,LCL/LTD,Q72,Off-Peak,1602,1856,0.863147
2025-03-01,Queens,2,LCL/LTD,Q72,Peak,626,792,0.790404
2025-03-01,Queens,1,LCL/LTD,Q76,Off-Peak,8459,10663,0.793304
2025-03-01,Queens,1,LCL/LTD,Q76,Peak,4562,6562,0.695215
2025-03-01,Queens,2,LCL/LTD,Q76,Off-Peak,2372,2858,0.829951
2025-03-01,Queens,2,LCL/LTD,Q76,Peak,1050,1384,0.758671
2025-03-01,Queens,1,LCL/LTD,Q77,Off-Peak,7183,9329,0.769965
2025-03-01,Queens,1,LCL/LTD,Q77,Peak,4158,5883,0.706782
2025-03-01,Queens,2,LCL/LTD,Q77,Off-Peak,1725,2220,0.777027
2025-03-01,Queens,2,LCL/LTD,Q77,Peak,868,1049,0.827455
2025-03-01,Queens,1,LCL/LTD,Q8,Off-Peak,7163,10897,0.657337
2025-03-01,Queens,1,LCL/LTD,Q8,Peak,3538,6265,0.564725
2025-03-01,Queens,2,LCL/LTD,Q8,Off-Peak,2798,4089,0.684275
2025-03-01,Queens,2,LCL/LTD,Q8,Peak,1304,1884,0.692144
2025-03-01,Queens,1,LCL/LTD,Q83,Off-Peak,11493,13770,0.834641
2025-03-01,Queens,1,LCL/LTD,Q83,Peak,4897,6948,0.704807
2025-03-01,Queens,2,LCL/LTD,Q83,Off-Peak,4186,4805,0.871176
2025-03-01,Queens,2,LCL/LTD,Q83,Peak,1587,1865,0.850938
2025-03-01,Queens,1,LCL/LTD,Q84,Off-Peak,9375,10537,0.889722
2025-03-01,Queens,1,LCL/LTD,Q84,Peak,3965,5142,0.771101
2025-03-01,Queens,2,LCL/LTD,Q84,Off-Peak,2830,3296,0.858617
2025-03-01,Queens,2,LCL/LTD,Q84,Peak,1204,1445,0.833218
2025-03-01,Queens,1,LCL/LTD,Q85,Off-Peak,25831,30556,0.845366
2025-03-01,Queens,1,LCL/LTD,Q85,Peak,11549,16119,0.716484
2025-03-01,Queens,2,LCL/LTD,Q85,Off-Peak,7364,8823,0.834637
2025-03-01,Queens,2,LCL/LTD,Q85,Peak,2797,3429,0.81569
2025-03-01,Queens,1,LCL/LTD,Q88,Off-Peak,14370,18882,0.761042
2025-03-01,Queens,1,LCL/LTD,Q88,Peak,6836,10038,0.681012
2025-03-01,Queens,2,LCL/LTD,Q88,Off-Peak,5402,6227,0.867512
2025-03-01,Queens,2,LCL/LTD,Q88,Peak,2132,2548,0.836735
2025-03-01,Queens,1,LCL/LTD,Q9,Off-Peak,2594,3637,0.713225
2025-03-01,Queens,1,LCL/LTD,Q9,Peak,1189,2070,0.574396
2025-03-01,Queens,2,LCL/LTD,Q9,Off-Peak,1062,1257,0.844869
2025-03-01,Queens,2,LCL/LTD,Q9,Peak,447,540,0.827778
2025-03-01,Queens,1,EXP,QM1,Off-Peak,60,62,0.967742
2025-03-01,Queens,1,EXP,QM1,Peak,233,296,0.787162
2025-03-01,Queens,1,EXP,QM11,Off-Peak,79,85,0.929412
2025-03-01,Queens,1,EXP,QM11,Peak,377,463,0.814255
2025-03-01,Queens,1,EXP,QM12,Off-Peak,80,82,0.97561
2025-03-01,Queens,1,EXP,QM12,Peak,326,442,0.737557
2025-03-01,Queens,1,EXP,QM15,Off-Peak,1762,1986,0.88721
2025-03-01,Queens,1,EXP,QM15,Peak,1849,2300,0.803913
2025-03-01,Queens,2,EXP,QM15,Off-Peak,199,231,0.861472
2025-03-01,Queens,2,EXP,QM15,Peak,78,90,0.866667
2025-03-01,Queens,1,EXP,QM16,Off-Peak,530,567,0.934744
2025-03-01,Queens,1,EXP,QM16,Peak,607,731,0.830369
2025-03-01,Queens,1,EXP,QM17,Off-Peak,167,272,0.613971
2025-03-01,Queens,1,EXP,QM17,Peak,516,685,0.753285
2025-03-01,Queens,1,EXP,QM18,Off-Peak,4,6,0.666667
2025-03-01,Queens,1,EXP,QM18,Peak,410,524,0.782443
2025-03-01,Queens,1,EXP,QM2,Off-Peak,1025,1151,0.89053
2025-03-01,Queens,1,EXP,QM2,Peak,565,769,0.73472
2025-03-01,Queens,2,EXP,QM2,Off-Peak,221,255,0.866667
2025-03-01,Queens,2,EXP,QM2,Peak,99,108,0.916667
2025-03-01,Queens,1,EXP,QM20,Off-Peak,1017,1125,0.904
2025-03-01,Queens,1,EXP,QM20,Peak,852,1087,0.783809
2025-03-01,Queens,1,EXP,QM21,Off-Peak,71,85,0.835294
2025-03-01,Queens,1,EXP,QM21,Peak,137,168,0.815476
2025-03-01,Queens,1,EXP,QM24,Off-Peak,75,84,0.892857
2025-03-01,Queens,1,EXP,QM24,Peak,389,480,0.810417
2025-03-01,Queens,1,EXP,QM25,Off-Peak,102,103,0.990291
2025-03-01,Queens,1,EXP,QM25,Peak,327,386,0.84715
2025-03-01,Queens,1,EXP,QM31,Off-Peak,0,0,
2025-03-01,Queens,1,EXP,QM31,Peak,249,270,0.922222
2025-03-01,Queens,1,EXP,QM32,Off-Peak,32,35,0.914286
2025-03-01,Queens,1,EXP,QM32,Peak,450,551,0.816697
2025-03-01,Queens,1,EXP,QM34,Off-Peak,59,62,0.951613
2025-03-01,Queens,1,EXP,QM34,Peak,482,554,0.870036
2025-03-01,Queens,1,EXP,QM35,Off-Peak,92,106,0.867925
2025-03-01,Queens,1,EXP,QM35,Peak,516,735,0.702041
2025-03-01,Queens,1,EXP,QM36,Off-Peak,13,13,1
2025-03-01,Queens,1,EXP,QM36,Peak,200,228,0.877193
2025-03-01,Queens,1,EXP,QM42,Off-Peak,0,0,
2025-03-01,Queens,1,EXP,QM42,Peak,307,371,0.827493
2025-03-01,Queens,1,EXP,QM5,Off-Peak,1333,1510,0.882781
2025-03-01,Queens,1,EXP,QM5,Peak,750,1143,0.656168
2025-03-01,Queens,2,EXP,QM5,Off-Peak,330,409,0.806846
2025-03-01,Queens,2,EXP,QM5,Peak,147,174,0.844828
2025-03-01,Queens,1,EXP,QM6,Off-Peak,688,866,0.794457
2025-03-01,Queens,1,EXP,QM6,Peak,631,829,0.761158
2025-03-01,Queens,2,EXP,QM6,Off-Peak,314,350,0.897143
2025-03-01,Queens,2,EXP,QM6,Peak,111,130,0.853846
2025-03-01,Queens,1,EXP,QM7,Off-Peak,268,280,0.957143
2025-03-01,Queens,1,EXP,QM7,Peak,667,764,0.873037
2025-03-01,Queens,1,EXP,QM8,Off-Peak,69,76,0.907895
2025-03-01,Queens,1,EXP,QM8,Peak,323,404,0.799505
2025-03-01,Queens,1,EXP,X63,Off-Peak,184,219,0.840183
2025-03-01,Queens,1,EXP,X63,Peak,709,871,0.814007
2025-03-01,Queens,1,EXP,X64,Off-Peak,38,55,0.690909
2025-03-01,Queens,1,EXP,X64,Peak,272,352,0.772727
2025-03-01,Queens,1,EXP,X68,Off-Peak,127,137,0.927007
2025-03-01,Queens,1,EXP,X68,Peak,475,598,0.794314
2025-03-01,Staten Island,1,LCL/LTD,S40,Off-Peak,5498,7382,0.744785
2025-03-01,Staten Island,1,LCL/LTD,S40,Peak,1569,2488,0.630627
2025-03-01,Staten Island,2,LCL/LTD,S40,Off-Peak,2440,2986,0.817147
2025-03-01,Staten Island,2,LCL/LTD,S40,Peak,834,1231,0.677498
2025-03-01,Staten Island,1,LCL/LTD,S42,Off-Peak,550,698,0.787966
2025-03-01,Staten Island,1,LCL/LTD,S42,Peak,508,774,0.656331
2025-03-01,Staten Island,1,LCL/LTD,S44,Off-Peak,8463,11450,0.739127
2025-03-01,Staten Island,1,LCL/LTD,S44,Peak,3244,4537,0.71501
2025-03-01,Staten Island,2,LCL/LTD,S44,Off-Peak,3780,4861,0.777618
2025-03-01,Staten Island,2,LCL/LTD,S44,Peak,1437,1970,0.729442
2025-03-01,Staten Island,1,LCL/LTD,S46,Off-Peak,11066,14344,0.771472
2025-03-01,Staten Island,1,LCL/LTD,S46,Peak,3218,5103,0.630609
2025-03-01,Staten Island,2,LCL/LTD,S46,Off-Peak,4370,5281,0.827495
2025-03-01,Staten Island,2,LCL/LTD,S46,Peak,1493,1855,0.804852
2025-03-01,Staten Island,1,LCL/LTD,S48,Off-Peak,7834,10271,0.76273
2025-03-01,Staten Island,1,LCL/LTD,S48,Peak,2197,3573,0.614889
2025-03-01,Staten Island,2,LCL/LTD,S48,Off-Peak,3047,3997,0.762322
2025-03-01,Staten Island,2,LCL/LTD,S48,Peak,1188,1508,0.787798
2025-03-01,Staten Island,1,LCL/LTD,S51,Off-Peak,7593,9641,0.787574
2025-03-01,Staten Island,1,LCL/LTD,S51,Peak,2369,3672,0.645153
2025-03-01,Staten Island,2,LCL/LTD,S51,Off-Peak,2543,3201,0.794439
2025-03-01,Staten Island,2,LCL/LTD,S51,Peak,880,1071,0.821662
2025-03-01,Staten Island,1,LCL/LTD,S52,Off-Peak,5476,7607,0.719863
2025-03-01,Staten Island,1,LCL/LTD,S52,Peak,2596,4113,0.631169
2025-03-01,Staten Island,2,LCL/LTD,S52,Off-Peak,2051,2632,0.779255
2025-03-01,Staten Island,2,LCL/LTD,S52,Peak,997,1355,0.735793
2025-03-01,Staten Island,1,LCL/LTD,S53,Off-Peak,11192,14114,0.792972
2025-03-01,Staten Island,1,LCL/LTD,S53,Peak,3704,5583,0.663443
2025-03-01,Staten Island,2,LCL/LTD,S53,Off-Peak,4774,5881,0.811767
2025-03-01,Staten Island,2,LCL/LTD,S53,Peak,1865,2389,0.780661
2025-03-01,Staten Island,1,LCL/LTD,S54,Off-Peak,2800,3947,0.7094
2025-03-01,Staten Island,1,LCL/LTD,S54,Peak,1171,2165,0.540878
2025-03-01,Staten Island,1,LCL/LTD,S55,Off-Peak,1352,1826,0.740416
2025-03-01,Staten Island,1,LCL/LTD,S55,Peak,938,1250,0.7504
2025-03-01,Staten Island,1,LCL/LTD,S56,Off-Peak,1041,1313,0.792841
2025-03-01,Staten Island,1,LCL/LTD,S56,Peak,453,665,0.681203
2025-03-01,Staten Island,1,LCL/LTD,S57,Off-Peak,4615,5896,0.782734
2025-03-01,Staten Island,1,LCL/LTD,S57,Peak,2357,3409,0.691405
2025-03-01,Staten Island,2,LCL/LTD,S57,Off-Peak,2201,2501,0.880048
2025-03-01,Staten Island,2,LCL/LTD,S57,Peak,1047,1156,0.905709
2025-03-01,Staten Island,1,LCL/LTD,S59,Off-Peak,6951,8684,0.800438
2025-03-01,Staten Island,1,LCL/LTD,S59,Peak,3973,5560,0.714568
2025-03-01,Staten Island,2,LCL/LTD,S59,Off-Peak,2225,2630,0.846008
2025-03-01,Staten Island,2,LCL/LTD,S59,Peak,944,1100,0.858182
2025-03-01,Staten Island,1,LCL/LTD,S61,Off-Peak,7795,9523,0.818545
2025-03-01,Staten Island,1,LCL/LTD,S61,Peak,2150,2941,0.731044
2025-03-01,Staten Island,2,LCL/LTD,S61,Off-Peak,2849,3241,0.87905
2025-03-01,Staten Island,2,LCL/LTD,S61,Peak,1164,1381,0.842867
2025-03-01,Staten Island,1,LCL/LTD,S62,Off-Peak,9120,10704,0.852018
2025-03-01,Staten Island,1,LCL/LTD,S62,Peak,2312,3337,0.692838
2025-03-01,Staten Island,2,LCL/LTD,S62,Off-Peak,3366,3845,0.875423
2025-03-01,Staten Island,2,LCL/LTD,S62,Peak,970,1195,0.811715
2025-03-01,Staten Island,1,LCL/LTD,S66,Off-Peak,5573,6997,0.796484
2025-03-01,Staten Island,1,LCL/LTD,S66,Peak,2266,3369,0.672603
2025-03-01,Staten Island,1,LCL/LTD,S74,Off-Peak,7584,10664,0.711178
2025-03-01,Staten Island,1,LCL/LTD,S74,Peak,2181,3684,0.59202
2025-03-01,Staten Island,2,LCL/LTD,S74,Off-Peak,2500,3604,0.693674
2025-03-01,Staten Island,2,LCL/LTD,S74,Peak,853,1297,0.657672
2025-03-01,Staten Island,1,LCL/LTD,S76,Off-Peak,6386,9043,0.706182
2025-03-01,Staten Island,1,LCL/LTD,S76,Peak,2548,4073,0.625583
2025-03-01,Staten Island,2,LCL/LTD,S76,Off-Peak,1555,2067,0.752298
2025-03-01,Staten Island,2,LCL/LTD,S76,Peak,745,1032,0.721899
2025-03-01,Staten Island,1,LCL/LTD,S78,Off-Peak,9314,13316,0.699459
2025-03-01,Staten Island,1,LCL/LTD,S78,Peak,3360,5929,0.566706
2025-03-01,Staten Island,2,LCL/LTD,S78,Off-Peak,2828,4319,0.654781
2025-03-01,Staten Island,2,LCL/LTD,S78,Peak,997,1500,0.664667
2025-03-01,Staten Island,1,SBS,S79+,Off-Peak,9267,11215,0.826304
2025-03-01,Staten Island,1,SBS,S79+,Peak,5060,6790,0.745214
2025-03-01,Staten Island,2,SBS,S79+,Off-Peak,3863,4615,0.837053
2025-03-01,Staten Island,2,SBS,S79+,Peak,1673,1996,0.838176
2025-03-01,Staten Island,1,LCL/LTD,S81,Off-Peak,0,0,
2025-03-01,Staten Island,1,LCL/LTD,S81,Peak,325,500,0.65
2025-03-01,Staten Island,1,LCL/LTD,S84,Off-Peak,49,73,0.671233
2025-03-01,Staten Island,1,LCL/LTD,S84,Peak,191,314,0.60828
2025-03-01,Staten Island,1,LCL/LTD,S86,Off-Peak,0,0,
2025-03-01,Staten Island,1,LCL/LTD,S86,Peak,212,296,0.716216
2025-03-01,Staten Island,1,LCL/LTD,S89,Off-Peak,466,515,0.904854
2025-03-01,Staten Island,1,LCL/LTD,S89,Peak,1307,1712,0.763435
2025-03-01,Staten Island,1,LCL/LTD,S90,Off-Peak,701,935,0.749733
2025-03-01,Staten Island,1,LCL/LTD,S90,Peak,860,1265,0.679842
2025-03-01,Staten Island,1,LCL/LTD,S91,Off-Peak,483,596,0.810403
2025-03-01,Staten Island,1,LCL/LTD,S91,Peak,1352,1849,0.731206
2025-03-01,Staten Island,1,LCL/LTD,S92,Off-Peak,193,262,0.736641
2025-03-01,Staten Island,1,LCL/LTD,S92,Peak,1131,1601,0.706433
2025-03-01,Staten Island,1,LCL/LTD,S93,Off-Peak,5723,7146,0.800868
2025-03-01,Staten Island,1,LCL/LTD,S93,Peak,2411,3693,0.652857
2025-03-01,Staten Island,1,LCL/LTD,S94,Off-Peak,257,311,0.826367
2025-03-01,Staten Island,1,LCL/LTD,S94,Peak,732,1095,0.668493
2025-03-01,Staten Island,1,LCL/LTD,S96,Off-Peak,1061,1525,0.695738
2025-03-01,Staten Island,1,LCL/LTD,S96,Peak,955,1627,0.58697
2025-03-01,Staten Island,1,LCL/LTD,S98,Off-Peak,1039,1342,0.774218
2025-03-01,Staten Island,1,LCL/LTD,S98,Peak,1011,1694,0.596812
2025-03-01,Staten Island,1,EXP,SIM1,Off-Peak,1423,1569,0.906947
2025-03-01,Staten Island,1,EXP,SIM1,Peak,2040,2563,0.795942
2025-03-01,Staten Island,1,EXP,SIM10,Off-Peak,2188,2509,0.872061
2025-03-01,Staten Island,1,EXP,SIM10,Peak,1764,2376,0.742424
2025-03-01,Staten Island,1,EXP,SIM11,Off-Peak,814,883,0.921857
2025-03-01,Staten Island,1,EXP,SIM11,Peak,916,1245,0.735743
2025-03-01,Staten Island,1,EXP,SIM15,Off-Peak,591,653,0.905054
2025-03-01,Staten Island,1,EXP,SIM15,Peak,997,1380,0.722464
2025-03-01,Staten Island,1,EXP,SIM1C,Off-Peak,6753,8213,0.822233
2025-03-01,Staten Island,1,EXP,SIM1C,Peak,643,889,0.723285
2025-03-01,Staten Island,2,EXP,SIM1C,Off-Peak,3030,3688,0.821584
2025-03-01,Staten Island,2,EXP,SIM1C,Peak,1128,1426,0.791024
2025-03-01,Staten Island,1,EXP,SIM2,Off-Peak,698,802,0.870324
2025-03-01,Staten Island,1,EXP,SIM2,Peak,946,1292,0.732198
2025-03-01,Staten Island,1,EXP,SIM22,Off-Peak,344,375,0.917333
2025-03-01,Staten Island,1,EXP,SIM22,Peak,511,723,0.706777
2025-03-01,Staten Island,1,EXP,SIM23,Off-Peak,100,105,0.952381
2025-03-01,Staten Island,1,EXP,SIM23,Peak,158,225,0.702222
2025-03-01,Staten Island,1,EXP,SIM24,Off-Peak,99,110,0.9
2025-03-01,Staten Island,1,EXP,SIM24,Peak,155,207,0.748792
2025-03-01,Staten Island,1,EXP,SIM25,Off-Peak,574,653,0.87902
2025-03-01,Staten Island,1,EXP,SIM25,Peak,707,953,0.741868
2025-03-01,Staten Island,1,EXP,SIM26,Off-Peak,976,1109,0.880072
2025-03-01,Staten Island,1,EXP,SIM26,Peak,684,980,0.697959
2025-03-01,Staten Island,1,EXP,SIM3,Off-Peak,567,714,0.794118
2025-03-01,Staten Island,1,EXP,SIM3,Peak,787,1068,0.736891
2025-03-01,Staten Island,1,EXP,SIM30,Off-Peak,471,569,0.827768
2025-03-01,Staten Island,1,EXP,SIM30,Peak,654,972,0.67284
2025-03-01,Staten Island,1,EXP,SIM31,Off-Peak,475,528,0.899621
2025-03-01,Staten Island,1,EXP,SIM31,Peak,851,1172,0.726109
2025-03-01,Staten Island,1,EXP,SIM32,Off-Peak,142,164,0.865854
2025-03-01,Staten Island,1,EXP,SIM32,Peak,447,663,0.674208
2025-03-01,Staten Island,1,EXP,SIM33,Off-Peak,405,497,0.814889
2025-03-01,Staten Island,1,EXP,SIM33,Peak,536,845,0.63432
2025-03-01,Staten Island,2,EXP,SIM33,Off-Peak,0,0,
2025-03-01,Staten Island,2,EXP,SIM33,Peak,0,0,
2025-03-01,Staten Island,1,EXP,SIM34,Off-Peak,781,966,0.808489
2025-03-01,Staten Island,1,EXP,SIM34,Peak,1329,1858,0.715285
2025-03-01,Staten Island,1,EXP,SIM35,Off-Peak,223,309,0.721683
2025-03-01,Staten Island,1,EXP,SIM35,Peak,492,726,0.677686
2025-03-01,Staten Island,1,EXP,SIM3C,Off-Peak,2189,2905,0.753528
2025-03-01,Staten Island,1,EXP,SIM3C,Peak,256,486,0.526749
2025-03-01,Staten Island,2,EXP,SIM3C,Off-Peak,1031,1403,0.734854
2025-03-01,Staten Island,2,EXP,SIM3C,Peak,460,612,0.751634
2025-03-01,Staten Island,1,EXP,SIM4,Off-Peak,632,675,0.936296
2025-03-01,Staten Island,1,EXP,SIM4,Peak,1368,1699,0.80518
2025-03-01,Staten Island,1,EXP,SIM4C,Off-Peak,2639,3115,0.847191
2025-03-01,Staten Island,1,EXP,SIM4C,Peak,351,495,0.709091
2025-03-01,Staten Island,2,EXP,SIM4C,Off-Peak,1152,1360,0.847059
2025-03-01,Staten Island,2,EXP,SIM4C,Peak,651,749,0.869159
2025-03-01,Staten Island,1,EXP,SIM4X,Off-Peak,31,33,0.939394
2025-03-01,Staten Island,1,EXP,SIM4X,Peak,123,177,0.694915
2025-03-01,Staten Island,1,EXP,SIM5,Off-Peak,603,708,0.851695
2025-03-01,Staten Island,1,EXP,SIM5,Peak,959,1190,0.805882
2025-03-01,Staten Island,1,EXP,SIM6,Off-Peak,1271,1437,0.884482
2025-03-01,Staten Island,1,EXP,SIM6,Peak,1317,1668,0.789568
2025-03-01,Staten Island,1,EXP,SIM7,Off-Peak,814,913,0.891566
2025-03-01,Staten Island,1,EXP,SIM7,Peak,808,1189,0.679563
2025-03-01,Staten Island,1,EXP,SIM8,Off-Peak,1927,2129,0.90512
2025-03-01,Staten Island,1,EXP,SIM8,Peak,1213,1670,0.726347
2025-03-01,Staten Island,1,EXP,SIM8X,Off-Peak,38,47,0.808511
2025-03-01,Staten Island,1,EXP,SIM8X,Peak,196,279,0.702509
2025-03-01,Staten Island,1,EXP,SIM9,Off-Peak,599,646,0.927245
2025-03-01,Staten Island,1,EXP,SIM9,Peak,680,986,0.689655
2025-03-01,Systemwide,1,Systemwide,Systemwide,Systemwide,2981546,3909386,0.762663
2025-03-01,Systemwide,2,Systemwide,Systemwide,Systemwide,1002343,1292551,0.775477
