month,division,line,day_type,period,num_timepoints_passing_wait _assessment,num_sched_timepoints,wait assessment
2015-01-01,A DIVISION,1,1,offpeak,17864,22636,78.9185368
2015-01-01,A DIVISION,1,1,peak,10540,15019,70.1777748
2015-01-01,A DIVISION,1,2,offpeak,6601,7496,88.0602988
2015-01-01,A DIVISION,1,2,peak,3177,3656,86.8982495
2015-01-01,A DIVISION,2,1,offpeak,18357,24256,75.6802441
2015-01-01,A DIVISION,2,1,peak,10154,15882,63.9340133
2015-01-01,A DIVISION,2,2,offpeak,5746,7373,77.9329988
2015-01-01,A DIVISION,2,2,peak,2964,3768,78.6624204
2015-01-01,A DIVISION,3,1,offpeak,16719,21119,79.1656802
2015-01-01,A DIVISION,3,1,peak,9500,13575,69.9815838
2015-01-01,A DIVISION,3,2,offpeak,4534,5356,84.6527259
2015-01-01,A DIVISION,3,2,peak,2304,2730,84.3956044
2015-01-01,A DIVISION,4,1,offpeak,20484,27717,73.9041022
2015-01-01,A DIVISION,4,1,peak,12832,20912,61.3618975
2015-01-01,A DIVISION,4,2,offpeak,7801,10751,72.560692
2015-01-01,A DIVISION,4,2,peak,4102,5866,69.928401
2015-01-01,A DIVISION,5,1,offpeak,15190,21279,71.3849335
2015-01-01,A DIVISION,5,1,peak,10417,17393,59.8919105
2015-01-01,A DIVISION,5,2,offpeak,2743,4107,66.78841
2015-01-01,A DIVISION,5,2,peak,1308,2214,59.0785908
2015-01-01,A DIVISION,6,1,offpeak,17334,25667,67.5341879
2015-01-01,A DIVISION,6,1,peak,11017,18713,58.8735104
2015-01-01,A DIVISION,6,2,offpeak,3572,4587,77.8722477
2015-01-01,A DIVISION,6,2,peak,1797,2392,75.1254181
2015-01-01,A DIVISION,7,1,offpeak,11078,14068,78.7460904
2015-01-01,A DIVISION,7,1,peak,8081,12022,67.2184329
2015-01-01,A DIVISION,7,2,offpeak,2845,3369,84.4464233
2015-01-01,A DIVISION,7,2,peak,1536,1905,80.6299213
2015-01-01,A DIVISION,S 42nd,1,offpeak,5214,5683,91.7473166
2015-01-01,A DIVISION,S 42nd,1,peak,4437,5746,77.2189349
2015-01-01,A DIVISION,S 42nd,2,offpeak,1910,1928,99.06639
2015-01-01,A DIVISION,S 42nd,2,peak,1120,1132,98.9399293
2015-01-01,B DIVISION,A,1,offpeak,12769,17775,71.8368495
2015-01-01,B DIVISION,A,1,peak,8799,13182,66.7501138
2015-01-01,B DIVISION,A,2,offpeak,4624,7027,65.80333
2015-01-01,B DIVISION,A,2,peak,2447,3870,63.2299742
2015-01-01,B DIVISION,B,1,offpeak,7096,8496,83.5216573
2015-01-01,B DIVISION,B,1,peak,5548,7452,74.4498121
2015-01-01,B DIVISION,C,1,offpeak,8170,10522,77.6468352
2015-01-01,B DIVISION,C,1,peak,4776,6508,73.3866011
2015-01-01,B DIVISION,C,2,offpeak,2803,3123,89.7534422
2015-01-01,B DIVISION,C,2,peak,1638,1876,87.3134328
2015-01-01,B DIVISION,D,1,offpeak,10568,12823,82.4144116
2015-01-01,B DIVISION,D,1,peak,6361,8377,75.9341053
2015-01-01,B DIVISION,D,2,offpeak,4694,6011,78.090168
2015-01-01,B DIVISION,D,2,peak,2540,3194,79.5241077
2015-01-01,B DIVISION,E,1,offpeak,9770,12970,75.3276793
2015-01-01,B DIVISION,E,1,peak,6368,9265,68.7317863
2015-01-01,B DIVISION,E,2,offpeak,3027,3687,82.0992677
2015-01-01,B DIVISION,E,2,peak,1501,1890,79.4179894
2015-01-01,B DIVISION,F,1,offpeak,13987,19279,72.5504435
2015-01-01,B DIVISION,F,1,peak,9105,13907,65.4706263
2015-01-01,B DIVISION,F,2,offpeak,4579,5705,80.2629273
2015-01-01,B DIVISION,F,2,peak,2335,2922,79.9110198
2015-01-01,B DIVISION,G,1,offpeak,4489,5310,84.5386064
2015-01-01,B DIVISION,G,1,peak,2706,3311,81.7275748
2015-01-01,B DIVISION,G,2,offpeak,1467,1575,93.1428571
2015-01-01,B DIVISION,G,2,peak,755,818,92.2982885
2015-01-01,B DIVISION,JZ,1,offpeak,8660,10358,83.6068739
2015-01-01,B DIVISION,JZ,1,peak,5783,7630,75.7929227
2015-01-01,B DIVISION,JZ,2,offpeak,3357,3546,94.6700508
2015-01-01,B DIVISION,JZ,2,peak,1838,1963,93.6321956
2015-01-01,B DIVISION,L,1,offpeak,17474,21494,81.2971062
2015-01-01,B DIVISION,L,1,peak,10447,13734,76.0666958
2015-01-01,B DIVISION,L,2,offpeak,6436,8406,76.5643588
2015-01-01,B DIVISION,L,2,peak,3251,4170,77.9616307
2015-01-01,B DIVISION,M,1,offpeak,9901,12465,79.4304051
2015-01-01,B DIVISION,M,1,peak,5803,8153,71.1762541
2015-01-01,B DIVISION,M,2,offpeak,1260,1298,97.0724191
2015-01-01,B DIVISION,M,2,peak,743,773,96.1190168
2015-01-01,B DIVISION,N,1,offpeak,13021,16595,78.4633926
2015-01-01,B DIVISION,N,1,peak,6986,9594,72.8163435
2015-01-01,B DIVISION,N,2,offpeak,4880,6016,81.1170213
2015-01-01,B DIVISION,N,2,peak,2574,3101,83.0054821
2015-01-01,B DIVISION,Q,1,offpeak,9655,12118,79.6748638
2015-01-01,B DIVISION,Q,1,peak,5852,7830,74.7381865
2015-01-01,B DIVISION,Q,2,offpeak,3191,3667,87.0193619
2015-01-01,B DIVISION,Q,2,peak,1595,1873,85.1575013
2015-01-01,B DIVISION,R,1,offpeak,12539,16334,76.7662544
2015-01-01,B DIVISION,R,1,peak,7915,11219,70.5499599
2015-01-01,B DIVISION,R,2,offpeak,4543,5397,84.1763943
2015-01-01,B DIVISION,R,2,peak,2373,2878,82.4530924
2015-01-01,B DIVISION,S Fkln,1,offpeak,1641,1867,87.8950187
2015-01-01,B DIVISION,S Fkln,1,peak,1050,1122,93.5828877
2015-01-01,B DIVISION,S Fkln,2,offpeak,496,509,97.4459725
2015-01-01,B DIVISION,S Fkln,2,peak,262,278,94.2446043
2015-01-01,B DIVISION,S Rock,1,offpeak,1557,1703,91.4268937
2015-01-01,B DIVISION,S Rock,1,peak,813,869,93.5558113
2015-01-01,B DIVISION,S Rock,2,offpeak,659,687,95.9243086
2015-01-01,B DIVISION,S Rock,2,peak,344,357,96.3585434
2015-02-01,A DIVISION,1,1,offpeak,17234,21433,80.4087155
2015-02-01,A DIVISION,1,1,peak,9940,14323,69.398869
2015-02-01,A DIVISION,1,2,offpeak,5705,6625,86.1132075
2015-02-01,A DIVISION,1,2,peak,2891,3217,89.8663351
2015-02-01,A DIVISION,2,1,offpeak,17027,22847,74.526196
2015-02-01,A DIVISION,2,1,peak,9561,15025,63.6339434
2015-02-01,A DIVISION,2,2,offpeak,5621,7290,77.1056241
2015-02-01,A DIVISION,2,2,peak,2994,3722,80.4406233
2015-02-01,A DIVISION,3,1,offpeak,16003,20081,79.6922464
2015-02-01,A DIVISION,3,1,peak,9004,12794,70.3767391
2015-02-01,A DIVISION,3,2,offpeak,3789,4640,81.6594828
2015-02-01,A DIVISION,3,2,peak,2021,2343,86.2569356
2015-02-01,A DIVISION,4,1,offpeak,19873,26258,75.6836012
2015-02-01,A DIVISION,4,1,peak,12529,19971,62.7359672
2015-02-01,A DIVISION,4,2,offpeak,5762,8008,71.953047
2015-02-01,A DIVISION,4,2,peak,3190,4342,73.4684477
2015-02-01,A DIVISION,5,1,offpeak,14681,20539,71.4786504
2015-02-01,A DIVISION,5,1,peak,9600,16844,56.9935882
2015-02-01,A DIVISION,5,2,offpeak,1766,2034,86.8239921
2015-02-01,A DIVISION,5,2,peak,883,1112,79.4064748
2015-02-01,A DIVISION,6,1,offpeak,15710,24578,63.9189519
2015-02-01,A DIVISION,6,1,peak,10009,17988,55.6426507
2015-02-01,A DIVISION,6,2,offpeak,4903,6259,78.3351973
2015-02-01,A DIVISION,6,2,peak,2655,3303,80.3814714
2015-02-01,A DIVISION,7,1,offpeak,9047,11654,77.6299983
2015-02-01,A DIVISION,7,1,peak,6587,10234,64.3638851
2015-02-01,A DIVISION,7,2,offpeak,2716,3192,85.0877193
2015-02-01,A DIVISION,7,2,peak,1569,1853,84.6735024
2015-02-01,A DIVISION,S 42nd,1,offpeak,4998,5094,98.1154299
2015-02-01,A DIVISION,S 42nd,1,peak,4411,5238,84.2115311
2015-02-01,A DIVISION,S 42nd,2,offpeak,1678,1704,98.4741784
2015-02-01,A DIVISION,S 42nd,2,peak,973,992,98.0846774
2015-02-01,B DIVISION,A,1,offpeak,11785,16089,73.2488035
2015-02-01,B DIVISION,A,1,peak,8098,12054,67.1810187
2015-02-01,B DIVISION,A,2,offpeak,3789,5570,68.0251346
2015-02-01,B DIVISION,A,2,peak,2035,3047,66.7870036
2015-02-01,B DIVISION,B,1,offpeak,6380,7861,81.1601577
2015-02-01,B DIVISION,B,1,peak,5000,7001,71.4183688
2015-02-01,B DIVISION,C,1,offpeak,8087,10077,80.2520591
2015-02-01,B DIVISION,C,1,peak,4590,6306,72.7878211
2015-02-01,B DIVISION,C,2,offpeak,2316,2725,84.9908257
2015-02-01,B DIVISION,C,2,peak,1317,1613,81.6491011
2015-02-01,B DIVISION,D,1,offpeak,9790,12062,81.1639861
2015-02-01,B DIVISION,D,1,peak,5969,8016,74.4635729
2015-02-01,B DIVISION,D,2,offpeak,3049,3815,79.921363
2015-02-01,B DIVISION,D,2,peak,1588,2021,78.5749629
2015-02-01,B DIVISION,E,1,offpeak,9265,12399,74.723768
2015-02-01,B DIVISION,E,1,peak,6184,9007,68.6577107
2015-02-01,B DIVISION,E,2,offpeak,2402,2893,83.0279986
2015-02-01,B DIVISION,E,2,peak,1265,1516,83.4432718
2015-02-01,B DIVISION,F,1,offpeak,13355,17561,76.0491999
2015-02-01,B DIVISION,F,1,peak,8974,12965,69.217123
2015-02-01,B DIVISION,F,2,offpeak,3338,4328,77.1256932
2015-02-01,B DIVISION,F,2,peak,1735,2258,76.8379097
2015-02-01,B DIVISION,G,1,offpeak,4360,4885,89.2528147
2015-02-01,B DIVISION,G,1,peak,2553,3044,83.869908
2015-02-01,B DIVISION,G,2,offpeak,1302,1422,91.5611814
2015-02-01,B DIVISION,G,2,peak,672,730,92.0547945
2015-02-01,B DIVISION,JZ,1,offpeak,7456,8981,83.0197083
2015-02-01,B DIVISION,JZ,1,peak,5035,6866,73.3323624
2015-02-01,B DIVISION,JZ,2,offpeak,2812,3089,91.0326967
2015-02-01,B DIVISION,JZ,2,peak,1607,1738,92.4626007
2015-02-01,B DIVISION,L,1,offpeak,15133,19798,76.4370138
2015-02-01,B DIVISION,L,1,peak,9282,13026,71.257485
2015-02-01,B DIVISION,L,2,offpeak,3638,4028,90.3177756
2015-02-01,B DIVISION,L,2,peak,1861,2069,89.9468342
2015-02-01,B DIVISION,M,1,offpeak,9585,12350,77.611336
2015-02-01,B DIVISION,M,1,peak,5563,7709,72.1624076
2015-02-01,B DIVISION,M,2,offpeak,1317,1377,95.6427015
2015-02-01,B DIVISION,M,2,peak,777,810,95.9259259
2015-02-01,B DIVISION,N,1,offpeak,11688,14815,78.8930138
2015-02-01,B DIVISION,N,1,peak,6305,8665,72.7639931
2015-02-01,B DIVISION,N,2,offpeak,4469,5624,79.4630156
2015-02-01,B DIVISION,N,2,peak,2286,2846,80.3232607
2015-02-01,B DIVISION,Q,1,offpeak,9093,11512,78.9871438
2015-02-01,B DIVISION,Q,1,peak,5408,7277,74.3163392
2015-02-01,B DIVISION,Q,2,offpeak,2608,3010,86.6445183
2015-02-01,B DIVISION,Q,2,peak,1370,1557,87.9897238
2015-02-01,B DIVISION,R,1,offpeak,11350,14584,77.8250137
2015-02-01,B DIVISION,R,1,peak,7167,10065,71.2071535
2015-02-01,B DIVISION,R,2,offpeak,3764,4824,78.026534
2015-02-01,B DIVISION,R,2,peak,2143,2590,82.7413127
2015-02-01,B DIVISION,S Fkln,1,offpeak,1553,1669,93.0497304
2015-02-01,B DIVISION,S Fkln,1,peak,981,1024,95.8007813
2015-02-01,B DIVISION,S Fkln,2,offpeak,461,482,95.6431535
2015-02-01,B DIVISION,S Fkln,2,peak,263,268,98.1343284
2015-02-01,B DIVISION,S Rock,1,offpeak,1486,1600,92.875
2015-02-01,B DIVISION,S Rock,1,peak,738,810,91.1111111
2015-02-01,B DIVISION,S Rock,2,offpeak,582,610,95.4098361
2015-02-01,B DIVISION,S Rock,2,peak,306,315,97.1428571
2015-03-01,A DIVISION,1,1,offpeak,21787,26588,81.9429818
2015-03-01,A DIVISION,1,1,peak,12807,17569,72.8954408
2015-03-01,A DIVISION,1,2,offpeak,5750,6628,86.7531684
2015-03-01,A DIVISION,1,2,peak,2696,3160,85.3164557
2015-03-01,A DIVISION,2,1,offpeak,21280,27974,76.070637
2015-03-01,A DIVISION,2,1,peak,12092,18588,65.0527222
2015-03-01,A DIVISION,2,2,offpeak,6324,8261,76.5524755
2015-03-01,A DIVISION,2,2,peak,3271,4199,77.8994999
2015-03-01,A DIVISION,3,1,offpeak,19159,23377,81.956624
2015-03-01,A DIVISION,3,1,peak,11165,15851,70.4371964
2015-03-01,A DIVISION,3,2,offpeak,6022,6882,87.5036327
2015-03-01,A DIVISION,3,2,peak,3039,3457,87.9085913
2015-03-01,A DIVISION,4,1,offpeak,24282,32115,75.6095283
2015-03-01,A DIVISION,4,1,peak,15260,24420,62.4897625
2015-03-01,A DIVISION,4,2,offpeak,7464,10078,74.062314
2015-03-01,A DIVISION,4,2,peak,4055,5455,74.335472
2015-03-01,A DIVISION,5,1,offpeak,17580,24814,70.8471024
2015-03-01,A DIVISION,5,1,peak,12173,20590,59.1209325
2015-03-01,A DIVISION,5,2,offpeak,2460,2890,85.1211073
2015-03-01,A DIVISION,5,2,peak,1348,1560,86.4102564
2015-03-01,A DIVISION,6,1,offpeak,20819,30436,68.4025496
2015-03-01,A DIVISION,6,1,peak,13286,22110,60.0904568
2015-03-01,A DIVISION,6,2,offpeak,5223,6978,74.8495271
2015-03-01,A DIVISION,6,2,peak,2870,3686,77.8621812
2015-03-01,A DIVISION,7,1,offpeak,10157,13387,75.8721147
2015-03-01,A DIVISION,7,1,peak,7497,11160,67.1774194
2015-03-01,A DIVISION,7,2,offpeak,2233,2814,79.3532338
2015-03-01,A DIVISION,7,2,peak,1123,1473,76.2389681
2015-03-01,A DIVISION,S 42nd,1,offpeak,6070,6226,97.4943784
2015-03-01,A DIVISION,S 42nd,1,peak,5407,6402,84.4579819
2015-03-01,A DIVISION,S 42nd,2,offpeak,1864,1906,97.7964323
2015-03-01,A DIVISION,S 42nd,2,peak,1093,1100,99.3636364
2015-03-01,B DIVISION,A,1,offpeak,13322,18407,72.3746401
2015-03-01,B DIVISION,A,1,peak,9195,13634,67.4416899
2015-03-01,B DIVISION,A,2,offpeak,3838,4898,78.3585137
2015-03-01,B DIVISION,A,2,peak,2008,2589,77.5589031
2015-03-01,B DIVISION,B,1,offpeak,7963,9787,81.3630326
2015-03-01,B DIVISION,B,1,peak,5839,7800,74.8589744
2015-03-01,B DIVISION,C,1,offpeak,8753,11044,79.2557045
2015-03-01,B DIVISION,C,1,peak,4996,6830,73.147877
2015-03-01,B DIVISION,C,2,offpeak,2711,3116,87.0025674
2015-03-01,B DIVISION,C,2,peak,1519,1763,86.1599546
2015-03-01,B DIVISION,D,1,offpeak,11448,13931,82.176441
2015-03-01,B DIVISION,D,1,peak,7090,9271,76.4750297
2015-03-01,B DIVISION,D,2,offpeak,4132,4982,82.9385789
2015-03-01,B DIVISION,D,2,peak,2086,2532,82.385466
2015-03-01,B DIVISION,E,1,offpeak,10855,14455,75.0951228
2015-03-01,B DIVISION,E,1,peak,7345,10570,69.4891202
2015-03-01,B DIVISION,E,2,offpeak,2849,3400,83.7941176
2015-03-01,B DIVISION,E,2,peak,1544,1823,84.6955568
2015-03-01,B DIVISION,F,1,offpeak,16366,21415,76.4230679
2015-03-01,B DIVISION,F,1,peak,11531,16034,71.9159287
2015-03-01,B DIVISION,F,2,offpeak,4490,5610,80.0356506
2015-03-01,B DIVISION,F,2,peak,2337,2889,80.8930426
2015-03-01,B DIVISION,G,1,offpeak,4859,5528,87.897974
2015-03-01,B DIVISION,G,1,peak,2895,3443,84.083648
2015-03-01,B DIVISION,G,2,offpeak,1346,1552,86.7268041
2015-03-01,B DIVISION,G,2,peak,737,833,88.4753902
2015-03-01,B DIVISION,JZ,1,offpeak,6723,7797,86.2254713
2015-03-01,B DIVISION,JZ,1,peak,4519,5946,76.0006727
2015-03-01,B DIVISION,JZ,2,offpeak,2024,2303,87.8853669
2015-03-01,B DIVISION,JZ,2,peak,1091,1209,90.2398677
2015-03-01,B DIVISION,L,1,offpeak,17301,21858,79.151798
2015-03-01,B DIVISION,L,1,peak,11168,15041,74.2503823
2015-03-01,B DIVISION,L,2,offpeak,6442,8092,79.6094909
2015-03-01,B DIVISION,L,2,peak,3023,3964,76.2613522
2015-03-01,B DIVISION,M,1,offpeak,10714,13619,78.6695058
2015-03-01,B DIVISION,M,1,peak,6138,8471,72.4589777
2015-03-01,B DIVISION,M,2,offpeak,1125,1189,94.6173255
2015-03-01,B DIVISION,M,2,peak,649,676,96.0059172
2015-03-01,B DIVISION,N,1,offpeak,13360,16652,80.2306029
2015-03-01,B DIVISION,N,1,peak,7513,9738,77.1513658
2015-03-01,B DIVISION,N,2,offpeak,5441,6617,82.2275956
2015-03-01,B DIVISION,N,2,peak,2749,3285,83.6834094
2015-03-01,B DIVISION,Q,1,offpeak,10691,12968,82.4413942
2015-03-01,B DIVISION,Q,1,peak,6335,8126,77.9596357
2015-03-01,B DIVISION,Q,2,offpeak,3769,4320,87.2453704
2015-03-01,B DIVISION,Q,2,peak,2054,2359,87.0707927
2015-03-01,B DIVISION,R,1,offpeak,12484,16380,76.2148962
2015-03-01,B DIVISION,R,1,peak,8329,11462,72.6662014
2015-03-01,B DIVISION,R,2,offpeak,4179,5007,83.4631516
2015-03-01,B DIVISION,R,2,peak,2230,2652,84.0874811
2015-03-01,B DIVISION,S Fkln,1,offpeak,1808,1945,92.9562982
2015-03-01,B DIVISION,S Fkln,1,peak,1165,1202,96.921797
2015-03-01,B DIVISION,S Fkln,2,offpeak,485,503,96.4214712
2015-03-01,B DIVISION,S Fkln,2,peak,266,277,96.0288809
2015-03-01,B DIVISION,S Rock,1,offpeak,1713,1858,92.1959096
2015-03-01,B DIVISION,S Rock,1,peak,859,942,91.1889597
2015-03-01,B DIVISION,S Rock,2,offpeak,574,596,96.3087248
2015-03-01,B DIVISION,S Rock,2,peak,288,319,90.2821317
2015-04-01,A DIVISION,1,1,offpeak,20575,25406,80.9848067
2015-04-01,A DIVISION,1,1,peak,12784,16779,76.1904762
2015-04-01,A DIVISION,1,2,offpeak,4166,4804,86.7194005
2015-04-01,A DIVISION,1,2,peak,2072,2342,88.471392
2015-04-01,A DIVISION,2,1,offpeak,21362,28353,75.3429972
2015-04-01,A DIVISION,2,1,peak,12793,18678,68.4923439
2015-04-01,A DIVISION,2,2,offpeak,4457,5528,80.6259045
2015-04-01,A DIVISION,2,2,peak,2311,2807,82.3298896
2015-04-01,A DIVISION,3,1,offpeak,19928,24497,81.3487366
2015-04-01,A DIVISION,3,1,peak,11795,15928,74.0519839
2015-04-01,A DIVISION,3,2,offpeak,4001,4573,87.4917997
2015-04-01,A DIVISION,3,2,peak,2035,2311,88.0571181
2015-04-01,A DIVISION,4,1,offpeak,25131,32117,78.2482797
2015-04-01,A DIVISION,4,1,peak,16092,24420,65.8968059
2015-04-01,A DIVISION,4,2,offpeak,5147,7037,73.1419639
2015-04-01,A DIVISION,4,2,peak,2947,3828,76.985371
2015-04-01,A DIVISION,5,1,offpeak,18246,25400,71.8346457
2015-04-01,A DIVISION,5,1,peak,12738,20592,61.8589744
2015-04-01,A DIVISION,5,2,offpeak,1945,2267,85.7962064
2015-04-01,A DIVISION,5,2,peak,1111,1231,90.2518278
2015-04-01,A DIVISION,6,1,offpeak,20705,30309,68.3130423
2015-04-01,A DIVISION,6,1,peak,13919,22132,62.8908368
2015-04-01,A DIVISION,6,2,offpeak,3415,4694,72.7524499
2015-04-01,A DIVISION,6,2,peak,1878,2481,75.6952842
2015-04-01,A DIVISION,7,1,offpeak,10352,13942,74.2504662
2015-04-01,A DIVISION,7,1,peak,8029,11818,67.9387375
2015-04-01,A DIVISION,7,2,offpeak,3078,3838,80.1980198
2015-04-01,A DIVISION,7,2,peak,1770,2245,78.8418708
2015-04-01,A DIVISION,S 42nd,1,offpeak,6100,6227,97.9604946
2015-04-01,A DIVISION,S 42nd,1,peak,5464,6402,85.3483286
2015-04-01,A DIVISION,S 42nd,2,offpeak,1547,1704,90.786385
2015-04-01,A DIVISION,S 42nd,2,peak,862,992,86.8951613
2015-04-01,B DIVISION,A,1,offpeak,14287,18905,75.5725998
2015-04-01,B DIVISION,A,1,peak,10270,14562,70.5260266
2015-04-01,B DIVISION,A,2,offpeak,4388,5737,76.4859683
2015-04-01,B DIVISION,A,2,peak,2316,3051,75.9095379
2015-04-01,B DIVISION,B,1,offpeak,8320,10124,82.1809561
2015-04-01,B DIVISION,B,1,peak,6452,8309,77.6507402
2015-04-01,B DIVISION,C,1,offpeak,9379,11292,83.0588027
2015-04-01,B DIVISION,C,1,peak,5535,7112,77.8262092
2015-04-01,B DIVISION,C,2,offpeak,2651,3079,86.0993829
2015-04-01,B DIVISION,C,2,peak,1498,1740,86.091954
2015-04-01,B DIVISION,D,1,offpeak,12013,14450,83.1349481
2015-04-01,B DIVISION,D,1,peak,7521,9550,78.7539267
2015-04-01,B DIVISION,D,2,offpeak,3835,4684,81.8744663
2015-04-01,B DIVISION,D,2,peak,1947,2395,81.2943633
2015-04-01,B DIVISION,E,1,offpeak,9403,12458,75.4776048
2015-04-01,B DIVISION,E,1,peak,7126,9680,73.6157025
2015-04-01,B DIVISION,E,2,offpeak,2143,2464,86.9724026
2015-04-01,B DIVISION,E,2,peak,1128,1301,86.7025365
2015-04-01,B DIVISION,F,1,offpeak,17197,22168,77.5757849
2015-04-01,B DIVISION,F,1,peak,12491,16857,74.0997805
2015-04-01,B DIVISION,F,2,offpeak,3762,4673,80.5050289
2015-04-01,B DIVISION,F,2,peak,1929,2403,80.2746567
2015-04-01,B DIVISION,G,1,offpeak,4851,5508,88.0718954
2015-04-01,B DIVISION,G,1,peak,2943,3495,84.2060086
2015-04-01,B DIVISION,G,2,offpeak,1216,1322,91.9818457
2015-04-01,B DIVISION,G,2,peak,669,708,94.4915254
2015-04-01,B DIVISION,JZ,1,offpeak,6658,7816,85.1842375
2015-04-01,B DIVISION,JZ,1,peak,4675,6021,77.6449095
2015-04-01,B DIVISION,JZ,2,offpeak,2059,2236,92.0840787
2015-04-01,B DIVISION,JZ,2,peak,1151,1249,92.153723
2015-04-01,B DIVISION,L,1,offpeak,17878,22678,78.8341124
2015-04-01,B DIVISION,L,1,peak,11289,14916,75.6838294
2015-04-01,B DIVISION,L,2,offpeak,4454,5468,81.4557425
2015-04-01,B DIVISION,L,2,peak,2294,2755,83.2667877
2015-04-01,B DIVISION,M,1,offpeak,10475,12935,80.9818322
2015-04-01,B DIVISION,M,1,peak,6803,9077,74.9476699
2015-04-01,B DIVISION,M,2,offpeak,2195,2583,84.9787069
2015-04-01,B DIVISION,M,2,peak,1197,1348,88.7982196
2015-04-01,B DIVISION,N,1,offpeak,14261,17459,81.6827997
2015-04-01,B DIVISION,N,1,peak,8093,10326,78.3749758
2015-04-01,B DIVISION,N,2,offpeak,4238,5174,81.9095477
2015-04-01,B DIVISION,N,2,peak,2142,2598,82.448037
2015-04-01,B DIVISION,Q,1,offpeak,11625,13910,83.5729691
2015-04-01,B DIVISION,Q,1,peak,6898,8699,79.2964709
2015-04-01,B DIVISION,Q,2,offpeak,2665,2937,90.7388492
2015-04-01,B DIVISION,Q,2,peak,1345,1477,91.0629655
2015-04-01,B DIVISION,R,1,offpeak,13279,16931,78.4300986
2015-04-01,B DIVISION,R,1,peak,8841,12103,73.0480046
2015-04-01,B DIVISION,R,2,offpeak,3663,4500,81.4
2015-04-01,B DIVISION,R,2,peak,2025,2417,83.7815474
2015-04-01,B DIVISION,S Fkln,1,offpeak,1850,1914,96.6562173
2015-04-01,B DIVISION,S Fkln,1,peak,1158,1170,98.974359
2015-04-01,B DIVISION,S Fkln,2,offpeak,520,542,95.9409594
2015-04-01,B DIVISION,S Fkln,2,peak,304,306,99.3464052
2015-04-01,B DIVISION,S Rock,1,offpeak,1770,1899,93.206951
2015-04-01,B DIVISION,S Rock,1,peak,890,959,92.8050052
2015-04-01,B DIVISION,S Rock,2,offpeak,579,600,96.5
2015-04-01,B DIVISION,S Rock,2,peak,313,323,96.9040248
2015-05-01,A DIVISION,1,1,offpeak,18744,23004,81.4814815
2015-05-01,A DIVISION,1,1,peak,11667,15181,76.8526448
2015-05-01,A DIVISION,1,2,offpeak,6587,7462,88.2739212
2015-05-01,A DIVISION,1,2,peak,3131,3614,86.6353071
2015-05-01,A DIVISION,2,1,offpeak,18567,24479,75.8486866
2015-05-01,A DIVISION,2,1,peak,10847,16131,67.2431963
2015-05-01,A DIVISION,2,2,offpeak,6589,9187,71.72091
2015-05-01,A DIVISION,2,2,peak,3510,4685,74.9199573
2015-05-01,A DIVISION,3,1,offpeak,17333,21203,81.7478659
2015-05-01,A DIVISION,3,1,peak,10103,13755,73.4496547
2015-05-01,A DIVISION,3,2,offpeak,6127,7583,80.799156
2015-05-01,A DIVISION,3,2,peak,3205,3826,83.7689493
2015-05-01,A DIVISION,4,1,offpeak,21275,27720,76.7496392
2015-05-01,A DIVISION,4,1,peak,13215,21090,62.6600284
2015-05-01,A DIVISION,4,2,offpeak,8193,11160,73.4139785
2015-05-01,A DIVISION,4,2,peak,4492,6066,74.0520936
2015-05-01,A DIVISION,5,1,offpeak,15837,21993,72.0092757
2015-05-01,A DIVISION,5,1,peak,10650,17782,59.8920256
2015-05-01,A DIVISION,5,2,offpeak,2549,2906,87.7150723
2015-05-01,A DIVISION,5,2,peak,1392,1579,88.1570614
2015-05-01,A DIVISION,6,1,offpeak,18672,26352,70.856102
2015-05-01,A DIVISION,6,1,peak,12424,19392,64.0676568
2015-05-01,A DIVISION,6,2,offpeak,5987,8001,74.8281465
2015-05-01,A DIVISION,6,2,peak,3200,4243,75.4183361
2015-05-01,A DIVISION,7,1,offpeak,10477,13711,76.413099
2015-05-01,A DIVISION,7,1,peak,7952,11598,68.5635454
2015-05-01,A DIVISION,7,2,offpeak,4173,5173,80.6688575
2015-05-01,A DIVISION,7,2,peak,2565,3290,77.9635258
2015-05-01,A DIVISION,S 42nd,1,offpeak,5461,5663,96.432986
2015-05-01,A DIVISION,S 42nd,1,peak,4680,5820,80.4123711
2015-05-01,A DIVISION,S 42nd,2,offpeak,2120,2130,99.5305164
2015-05-01,A DIVISION,S 42nd,2,peak,1235,1240,99.5967742
2015-05-01,B DIVISION,A,1,offpeak,12460,17059,73.0406237
2015-05-01,B DIVISION,A,1,peak,8819,13038,67.6407424
2015-05-01,B DIVISION,A,2,offpeak,5555,7164,77.5404802
2015-05-01,B DIVISION,A,2,peak,2897,3783,76.5794343
2015-05-01,B DIVISION,B,1,offpeak,7333,9111,80.4851279
2015-05-01,B DIVISION,B,1,peak,5685,7437,76.4421138
2015-05-01,B DIVISION,C,1,offpeak,7898,9687,81.53195
2015-05-01,B DIVISION,C,1,peak,4589,6172,74.3519119
2015-05-01,B DIVISION,C,2,offpeak,3417,4088,83.5861057
2015-05-01,B DIVISION,C,2,peak,1941,2299,84.4280122
2015-05-01,B DIVISION,D,1,offpeak,10688,12909,82.7949493
2015-05-01,B DIVISION,D,1,peak,6757,8572,78.8264116
2015-05-01,B DIVISION,D,2,offpeak,4452,5447,81.7330641
2015-05-01,B DIVISION,D,2,peak,2264,2771,81.7033562
2015-05-01,B DIVISION,E,1,offpeak,8185,10791,75.8502456
2015-05-01,B DIVISION,E,1,peak,6023,8366,71.9937844
2015-05-01,B DIVISION,E,2,offpeak,2307,2736,84.3201754
2015-05-01,B DIVISION,E,2,peak,1231,1443,85.3083853
2015-05-01,B DIVISION,F,1,offpeak,15500,20224,76.6416139
2015-05-01,B DIVISION,F,1,peak,10831,15072,71.8617304
2015-05-01,B DIVISION,F,2,offpeak,4192,5219,80.3219007
2015-05-01,B DIVISION,F,2,peak,2082,2653,78.4771956
2015-05-01,B DIVISION,G,1,offpeak,4257,4807,88.5583524
2015-05-01,B DIVISION,G,1,peak,2696,3126,86.2444018
2015-05-01,B DIVISION,G,2,offpeak,1695,1855,91.3746631
2015-05-01,B DIVISION,G,2,peak,941,1016,92.6181102
2015-05-01,B DIVISION,JZ,1,offpeak,6544,7961,82.2007286
2015-05-01,B DIVISION,JZ,1,peak,4440,5850,75.8974359
2015-05-01,B DIVISION,JZ,2,offpeak,2876,3209,89.6229355
2015-05-01,B DIVISION,JZ,2,peak,1602,1753,91.3861951
2015-05-01,B DIVISION,L,1,offpeak,16066,19198,83.6858006
2015-05-01,B DIVISION,L,1,peak,10489,13655,76.8143537
2015-05-01,B DIVISION,L,2,offpeak,5025,6120,82.1078431
2015-05-01,B DIVISION,L,2,peak,2340,3089,75.7526708
2015-05-01,B DIVISION,M,1,offpeak,9066,11367,79.7571919
2015-05-01,B DIVISION,M,1,peak,5973,8127,73.4957549
2015-05-01,B DIVISION,M,2,offpeak,2473,2878,85.9277276
2015-05-01,B DIVISION,M,2,peak,1208,1442,83.7725381
2015-05-01,B DIVISION,N,1,offpeak,11874,15061,78.8393865
2015-05-01,B DIVISION,N,1,peak,6632,8828,75.1246035
2015-05-01,B DIVISION,N,2,offpeak,5389,6512,82.754914
2015-05-01,B DIVISION,N,2,peak,2706,3263,82.9298192
2015-05-01,B DIVISION,Q,1,offpeak,8637,11712,73.744877
2015-05-01,B DIVISION,Q,1,peak,5676,7363,77.0881434
2015-05-01,B DIVISION,Q,2,offpeak,3229,3665,88.1036835
2015-05-01,B DIVISION,Q,2,peak,1617,1871,86.424372
2015-05-01,B DIVISION,R,1,offpeak,11420,14965,76.3113933
2015-05-01,B DIVISION,R,1,peak,7441,10445,71.2398277
2015-05-01,B DIVISION,R,2,offpeak,4685,6134,76.3775677
2015-05-01,B DIVISION,R,2,peak,2603,3247,80.1663074
2015-05-01,B DIVISION,S Fkln,1,offpeak,1139,1184,96.1993243
2015-05-01,B DIVISION,S Fkln,1,peak,696,702,99.1452991
2015-05-01,B DIVISION,S Fkln,2,offpeak,525,558,94.0860215
2015-05-01,B DIVISION,S Fkln,2,peak,281,305,92.1311475
2015-05-01,B DIVISION,S Rock,1,offpeak,1511,1611,93.7926754
2015-05-01,B DIVISION,S Rock,1,peak,768,813,94.4649446
2015-05-01,B DIVISION,S Rock,2,offpeak,419,436,96.1009174
2015-05-01,B DIVISION,S Rock,2,peak,195,204,95.5882353
2015-06-01,A DIVISION,1,1,offpeak,21963,26637,82.4529789
2015-06-01,A DIVISION,1,1,peak,13436,17578,76.4364547
2015-06-01,A DIVISION,1,2,offpeak,5254,5929,88.6152808
2015-06-01,A DIVISION,1,2,peak,2453,2770,88.5559567
2015-06-01,A DIVISION,2,1,offpeak,21683,28360,76.4562764
2015-06-01,A DIVISION,2,1,peak,12728,18677,68.1479895
2015-06-01,A DIVISION,2,2,offpeak,5724,7228,79.192031
2015-06-01,A DIVISION,2,2,peak,2881,3601,80.005554
2015-06-01,A DIVISION,3,1,offpeak,19846,24505,80.9875536
2015-06-01,A DIVISION,3,1,peak,11888,15928,74.6358614
2015-06-01,A DIVISION,3,2,offpeak,4931,5694,86.5999298
2015-06-01,A DIVISION,3,2,peak,2372,2758,86.004351
2015-06-01,A DIVISION,4,1,offpeak,24781,32132,77.1224947
2015-06-01,A DIVISION,4,1,peak,15847,24420,64.8935299
2015-06-01,A DIVISION,4,2,offpeak,6884,9068,75.9153066
2015-06-01,A DIVISION,4,2,peak,3695,4752,77.756734
2015-06-01,A DIVISION,5,1,offpeak,18585,25700,72.3151751
2015-06-01,A DIVISION,5,1,peak,12737,20586,61.8721461
2015-06-01,A DIVISION,5,2,offpeak,2072,2632,78.7234043
2015-06-01,A DIVISION,5,2,peak,1086,1372,79.154519
2015-06-01,A DIVISION,6,1,offpeak,21014,30019,70.0023319
2015-06-01,A DIVISION,6,1,peak,14074,22108,63.6602135
2015-06-01,A DIVISION,6,2,offpeak,4619,6146,75.1545721
2015-06-01,A DIVISION,6,2,peak,2487,3153,78.8772598
2015-06-01,A DIVISION,7,1,offpeak,11570,15165,76.2940983
2015-06-01,A DIVISION,7,1,peak,8837,12761,69.2500588
2015-06-01,A DIVISION,7,2,offpeak,3269,4185,78.1123059
2015-06-01,A DIVISION,7,2,peak,2006,2651,75.6695587
2015-06-01,A DIVISION,S 42nd,1,offpeak,6053,6228,97.1901092
2015-06-01,A DIVISION,S 42nd,1,peak,5077,6366,79.7518065
2015-06-01,A DIVISION,S 42nd,2,offpeak,1658,1668,99.4004796
2015-06-01,A DIVISION,S 42nd,2,peak,946,960,98.5416667
2015-06-01,B DIVISION,A,1,offpeak,14229,19189,74.1518578
2015-06-01,B DIVISION,A,1,peak,10222,14712,69.480696
2015-06-01,B DIVISION,A,2,offpeak,4440,5667,78.3483325
2015-06-01,B DIVISION,A,2,peak,2332,3017,77.2953265
2015-06-01,B DIVISION,B,1,offpeak,8231,9793,84.0498315
2015-06-01,B DIVISION,B,1,peak,6269,8255,75.9418534
2015-06-01,B DIVISION,C,1,offpeak,9187,11500,79.8869565
2015-06-01,B DIVISION,C,1,peak,5505,7407,74.3215877
2015-06-01,B DIVISION,C,2,offpeak,2971,3513,84.5715912
2015-06-01,B DIVISION,C,2,peak,1614,1911,84.4583987
2015-06-01,B DIVISION,D,1,offpeak,11610,14004,82.9048843
2015-06-01,B DIVISION,D,1,peak,7297,9364,77.9261
2015-06-01,B DIVISION,D,2,offpeak,3054,3844,79.4484912
2015-06-01,B DIVISION,D,2,peak,1582,1964,80.5498982
2015-06-01,B DIVISION,E,1,offpeak,9506,12458,76.3043827
2015-06-01,B DIVISION,E,1,peak,7109,9827,72.3415081
2015-06-01,B DIVISION,E,2,offpeak,2103,2349,89.5274585
2015-06-01,B DIVISION,E,2,peak,1050,1171,89.6669513
2015-06-01,B DIVISION,F,1,offpeak,16587,21474,77.2422464
2015-06-01,B DIVISION,F,1,peak,11945,16269,73.4218452
2015-06-01,B DIVISION,F,2,offpeak,3144,3728,84.3347639
2015-06-01,B DIVISION,F,2,peak,1614,1916,84.2379958
2015-06-01,B DIVISION,G,1,offpeak,4825,5529,87.2671369
2015-06-01,B DIVISION,G,1,peak,3081,3555,86.6666667
2015-06-01,B DIVISION,G,2,offpeak,1395,1493,93.4360348
2015-06-01,B DIVISION,G,2,peak,736,789,93.2826362
2015-06-01,B DIVISION,JZ,1,offpeak,8810,10632,82.8630549
2015-06-01,B DIVISION,JZ,1,peak,5481,7323,74.8463744
2015-06-01,B DIVISION,JZ,2,offpeak,2864,3271,87.5573219
2015-06-01,B DIVISION,JZ,2,peak,1508,1699,88.758093
2015-06-01,B DIVISION,L,1,offpeak,17640,21990,80.218281
2015-06-01,B DIVISION,L,1,peak,11131,15103,73.7005893
2015-06-01,B DIVISION,L,2,offpeak,5426,7050,76.964539
2015-06-01,B DIVISION,L,2,peak,2528,3249,77.8085565
2015-06-01,B DIVISION,M,1,offpeak,11520,14463,79.6515246
2015-06-01,B DIVISION,M,1,peak,6930,9286,74.628473
2015-06-01,B DIVISION,M,2,offpeak,1575,1715,91.8367347
2015-06-01,B DIVISION,M,2,peak,721,785,91.8471338
2015-06-01,B DIVISION,N,1,offpeak,14482,18087,80.0685575
2015-06-01,B DIVISION,N,1,peak,7997,10580,75.5860113
2015-06-01,B DIVISION,N,2,offpeak,4436,5398,82.1785847
2015-06-01,B DIVISION,N,2,peak,2257,2687,83.9970227
2015-06-01,B DIVISION,Q,1,offpeak,11163,13954,79.9985667
2015-06-01,B DIVISION,Q,1,peak,6838,8708,78.5254938
2015-06-01,B DIVISION,Q,2,offpeak,2846,3094,91.9844861
2015-06-01,B DIVISION,Q,2,peak,1479,1604,92.2069825
2015-06-01,B DIVISION,R,1,offpeak,13577,17648,76.9322303
2015-06-01,B DIVISION,R,1,peak,8760,12168,71.9921105
2015-06-01,B DIVISION,R,2,offpeak,3914,5062,77.3212169
2015-06-01,B DIVISION,R,2,peak,2121,2677,79.2304819
2015-06-01,B DIVISION,S Fkln,1,offpeak,1241,1278,97.1048513
2015-06-01,B DIVISION,S Fkln,1,peak,731,738,99.0514905
2015-06-01,B DIVISION,S Fkln,2,offpeak,435,448,97.0982143
2015-06-01,B DIVISION,S Fkln,2,peak,240,244,98.3606557
2015-06-01,B DIVISION,S Rock,1,offpeak,1781,1890,94.2328042
2015-06-01,B DIVISION,S Rock,1,peak,887,955,92.8795812
2015-06-01,B DIVISION,S Rock,2,offpeak,575,602,95.5149502
2015-06-01,B DIVISION,S Rock,2,peak,294,312,94.2307692
2015-07-01,A DIVISION,1,1,offpeak,20832,26621,78.25401
2015-07-01,A DIVISION,1,1,peak,12906,17488,73.7991766
2015-07-01,A DIVISION,1,2,offpeak,3880,4375,88.6857143
2015-07-01,A DIVISION,1,2,peak,1946,2199,88.4947704
2015-07-01,A DIVISION,2,1,offpeak,21062,28352,74.2875282
2015-07-01,A DIVISION,2,1,peak,12597,18674,67.4574274
2015-07-01,A DIVISION,2,2,offpeak,5920,7328,80.7860262
2015-07-01,A DIVISION,2,2,peak,3024,3751,80.6185017
2015-07-01,A DIVISION,3,1,offpeak,19555,24507,79.7935284
2015-07-01,A DIVISION,3,1,peak,11973,15928,75.1695128
2015-07-01,A DIVISION,3,2,offpeak,4828,5898,81.858257
2015-07-01,A DIVISION,3,2,peak,2505,2962,84.5712357
2015-07-01,A DIVISION,4,1,offpeak,24605,32116,76.6129032
2015-07-01,A DIVISION,4,1,peak,15485,24420,63.4111384
2015-07-01,A DIVISION,4,2,offpeak,6856,9456,72.5042301
2015-07-01,A DIVISION,4,2,peak,3893,5104,76.273511
2015-07-01,A DIVISION,5,1,offpeak,18101,25694,70.4483537
2015-07-01,A DIVISION,5,1,peak,12509,20590,60.7527926
2015-07-01,A DIVISION,5,2,offpeak,113,114,99.122807
2015-07-01,A DIVISION,5,2,peak,59,59,100
2015-07-01,A DIVISION,6,1,offpeak,21625,30187,71.6367973
2015-07-01,A DIVISION,6,1,peak,14540,22084,65.8395218
2015-07-01,A DIVISION,6,2,offpeak,5023,6263,80.2011815
2015-07-01,A DIVISION,6,2,peak,2691,3305,81.4220877
2015-07-01,A DIVISION,7,1,offpeak,12416,16257,76.3732546
2015-07-01,A DIVISION,7,1,peak,9237,13535,68.24529
2015-07-01,A DIVISION,7,2,offpeak,2102,2547,82.5284649
2015-07-01,A DIVISION,7,2,peak,1320,1691,78.0603193
2015-07-01,A DIVISION,S 42nd,1,offpeak,6049,6227,97.1414806
2015-07-01,A DIVISION,S 42nd,1,peak,5689,6402,88.8628554
2015-07-01,A DIVISION,S 42nd,2,offpeak,1688,1751,96.402056
2015-07-01,A DIVISION,S 42nd,2,peak,977,992,98.4879032
2015-07-01,B DIVISION,A,1,offpeak,13527,18504,73.1031128
2015-07-01,B DIVISION,A,1,peak,9936,14239,69.7801812
2015-07-01,B DIVISION,A,2,offpeak,4111,5377,76.4552725
2015-07-01,B DIVISION,A,2,peak,2051,2788,73.5652798
2015-07-01,B DIVISION,B,1,offpeak,8083,9776,82.6820786
2015-07-01,B DIVISION,B,1,peak,6398,8171,78.3013095
2015-07-01,B DIVISION,C,1,offpeak,8694,11103,78.3031613
2015-07-01,B DIVISION,C,1,peak,5541,7162,77.3666574
2015-07-01,B DIVISION,C,2,offpeak,2405,3063,78.517793
2015-07-01,B DIVISION,C,2,peak,1384,1680,82.3809524
2015-07-01,B DIVISION,D,1,offpeak,11724,14320,81.8715084
2015-07-01,B DIVISION,D,1,peak,7297,9428,77.397115
2015-07-01,B DIVISION,D,2,offpeak,3572,4398,81.2187358
2015-07-01,B DIVISION,D,2,peak,1886,2226,84.7259659
2015-07-01,B DIVISION,E,1,offpeak,10846,14720,73.6820652
2015-07-01,B DIVISION,E,1,peak,7631,11160,68.3781362
2015-07-01,B DIVISION,E,2,offpeak,2725,3320,82.0783133
2015-07-01,B DIVISION,E,2,peak,1437,1707,84.1827768
2015-07-01,B DIVISION,F,1,offpeak,17616,23144,76.1147598
2015-07-01,B DIVISION,F,1,peak,12298,17031,72.2095003
2015-07-01,B DIVISION,F,2,offpeak,3706,4502,82.3189693
2015-07-01,B DIVISION,F,2,peak,1871,2257,82.8976518
2015-07-01,B DIVISION,G,1,offpeak,5932,6885,86.1583152
2015-07-01,B DIVISION,G,1,peak,3441,4249,80.9837609
2015-07-01,B DIVISION,G,2,offpeak,1673,1849,90.4813413
2015-07-01,B DIVISION,G,2,peak,925,981,94.2915392
2015-07-01,B DIVISION,JZ,1,offpeak,8717,10708,81.4064251
2015-07-01,B DIVISION,JZ,1,peak,5707,7298,78.1995067
2015-07-01,B DIVISION,JZ,2,offpeak,3448,3735,92.3159304
2015-07-01,B DIVISION,JZ,2,peak,1878,2034,92.3303835
2015-07-01,B DIVISION,L,1,offpeak,18432,23551,78.2641926
2015-07-01,B DIVISION,L,1,peak,11503,15113,76.11328
2015-07-01,B DIVISION,L,2,offpeak,4803,6474,74.1890639
2015-07-01,B DIVISION,L,2,peak,2333,2833,82.3508648
2015-07-01,B DIVISION,M,1,offpeak,12509,15969,78.3330202
2015-07-01,B DIVISION,M,1,peak,7408,9987,74.1764294
2015-07-01,B DIVISION,M,2,offpeak,2120,2300,92.173913
2015-07-01,B DIVISION,M,2,peak,1147,1237,92.7243331
2015-07-01,B DIVISION,N,1,offpeak,13862,17443,79.4702746
2015-07-01,B DIVISION,N,1,peak,8082,10498,76.9860926
2015-07-01,B DIVISION,N,2,offpeak,4377,5625,77.8133333
2015-07-01,B DIVISION,N,2,peak,2162,2815,76.8028419
2015-07-01,B DIVISION,Q,1,offpeak,10318,13016,79.2716656
2015-07-01,B DIVISION,Q,1,peak,6791,8729,77.7981441
2015-07-01,B DIVISION,Q,2,offpeak,2868,3140,91.3375796
2015-07-01,B DIVISION,Q,2,peak,1397,1556,89.781491
2015-07-01,B DIVISION,R,1,offpeak,12988,16842,77.116732
2015-07-01,B DIVISION,R,1,peak,8773,12021,72.9806173
2015-07-01,B DIVISION,R,2,offpeak,3882,5122,75.7907068
2015-07-01,B DIVISION,R,2,peak,2080,2648,78.5498489
2015-07-01,B DIVISION,S Fkln,1,offpeak,1328,1378,96.371553
2015-07-01,B DIVISION,S Fkln,1,peak,781,792,98.6111111
2015-07-01,B DIVISION,S Fkln,2,offpeak,416,451,92.2394678
2015-07-01,B DIVISION,S Fkln,2,peak,226,244,92.6229508
2015-07-01,B DIVISION,S Rock,1,offpeak,1710,1828,93.5448578
2015-07-01,B DIVISION,S Rock,1,peak,849,925,91.7837838
2015-07-01,B DIVISION,S Rock,2,offpeak,581,614,94.6254072
2015-07-01,B DIVISION,S Rock,2,peak,309,326,94.7852761
2015-08-01,A DIVISION,1,1,offpeak,20347,24799,82.0476632
2015-08-01,A DIVISION,1,1,peak,12216,16590,73.6347197
2015-08-01,A DIVISION,1,2,offpeak,6086,6784,89.7110849
2015-08-01,A DIVISION,1,2,peak,3025,3342,90.5146619
2015-08-01,A DIVISION,2,1,offpeak,19941,26435,75.4340836
2015-08-01,A DIVISION,2,1,peak,11783,17829,66.0889562
2015-08-01,A DIVISION,2,2,offpeak,7179,8816,81.4314882
2015-08-01,A DIVISION,2,2,peak,3811,4488,84.9153298
2015-08-01,A DIVISION,3,1,offpeak,17767,22288,79.715542
2015-08-01,A DIVISION,3,1,peak,10992,15204,72.296764
2015-08-01,A DIVISION,3,2,offpeak,5210,6002,86.8043985
2015-08-01,A DIVISION,3,2,peak,2673,3018,88.5685885
2015-08-01,A DIVISION,4,1,offpeak,23222,30668,75.7206208
2015-08-01,A DIVISION,4,1,peak,14790,23310,63.4491634
2015-08-01,A DIVISION,4,2,offpeak,7992,11713,68.2318791
2015-08-01,A DIVISION,4,2,peak,4411,6381,69.1270961
2015-08-01,A DIVISION,5,1,offpeak,17130,24273,70.5722408
2015-08-01,A DIVISION,5,1,peak,11860,19654,60.3439503
2015-08-01,A DIVISION,5,2,offpeak,1483,1736,85.4262673
2015-08-01,A DIVISION,5,2,peak,795,940,84.5744681
2015-08-01,A DIVISION,6,1,offpeak,20163,29074,69.3506225
2015-08-01,A DIVISION,6,1,peak,12660,19260,65.7320872
2015-08-01,A DIVISION,6,2,offpeak,5977,7831,76.3248627
2015-08-01,A DIVISION,6,2,peak,3120,4133,75.4899589
2015-08-01,A DIVISION,7,1,offpeak,11905,15393,77.3403495
2015-08-01,A DIVISION,7,1,peak,9261,13058,70.9220401
2015-08-01,A DIVISION,7,2,offpeak,4299,5260,81.730038
2015-08-01,A DIVISION,7,2,peak,2680,3365,79.6433878
2015-08-01,A DIVISION,S 42nd,1,offpeak,5786,5944,97.3418573
2015-08-01,A DIVISION,S 42nd,1,peak,5487,6111,89.7889053
2015-08-01,A DIVISION,S 42nd,2,offpeak,2107,2130,98.9201878
2015-08-01,A DIVISION,S 42nd,2,peak,1223,1240,98.6290323
2015-08-01,B DIVISION,A,1,offpeak,13743,18861,72.8646413
2015-08-01,B DIVISION,A,1,peak,10187,14358,70.949993
2015-08-01,B DIVISION,A,2,offpeak,4140,5507,75.1770474
2015-08-01,B DIVISION,A,2,peak,2170,2862,75.8211041
2015-08-01,B DIVISION,B,1,offpeak,7592,9381,80.9295384
2015-08-01,B DIVISION,B,1,peak,6187,7912,78.1976744
2015-08-01,B DIVISION,C,1,offpeak,9135,11340,80.5555556
2015-08-01,B DIVISION,C,1,peak,5717,7197,79.4358761
2015-08-01,B DIVISION,C,2,offpeak,2522,3094,81.512605
2015-08-01,B DIVISION,C,2,peak,1432,1756,81.5489749
2015-08-01,B DIVISION,D,1,offpeak,11181,13505,82.7915587
2015-08-01,B DIVISION,D,1,peak,7033,9040,77.7986726
2015-08-01,B DIVISION,D,2,offpeak,4589,5462,84.0168436
2015-08-01,B DIVISION,D,2,peak,2284,2761,82.7236509
2015-08-01,B DIVISION,E,1,offpeak,11339,15054,75.3221735
2015-08-01,B DIVISION,E,1,peak,7484,10825,69.1362587
2015-08-01,B DIVISION,E,2,offpeak,2611,3288,79.4099757
2015-08-01,B DIVISION,E,2,peak,1393,1703,81.7968291
2015-08-01,B DIVISION,F,1,offpeak,16626,22389,74.2596811
2015-08-01,B DIVISION,F,1,peak,11555,16143,71.5790126
2015-08-01,B DIVISION,F,2,offpeak,4553,5831,78.0826616
2015-08-01,B DIVISION,F,2,peak,2279,2941,77.4906494
2015-08-01,B DIVISION,G,1,offpeak,7648,9257,82.6185589
2015-08-01,B DIVISION,G,1,peak,4530,5681,79.7394825
2015-08-01,B DIVISION,G,2,offpeak,3337,3812,87.5393494
2015-08-01,B DIVISION,G,2,peak,1750,1973,88.6974151
2015-08-01,B DIVISION,JZ,1,offpeak,8010,9541,83.953464
2015-08-01,B DIVISION,JZ,1,peak,5376,6876,78.1849913
2015-08-01,B DIVISION,JZ,2,offpeak,3822,4362,87.6203576
2015-08-01,B DIVISION,JZ,2,peak,2021,2307,87.6029476
2015-08-01,B DIVISION,L,1,offpeak,16622,20767,80.0404488
2015-08-01,B DIVISION,L,1,peak,10818,14365,75.3080404
2015-08-01,B DIVISION,L,2,offpeak,6321,8526,74.137931
2015-08-01,B DIVISION,L,2,peak,3009,3853,78.0949909
2015-08-01,B DIVISION,M,1,offpeak,11682,14689,79.5288992
2015-08-01,B DIVISION,M,1,peak,6853,9131,75.0520206
2015-08-01,B DIVISION,M,2,offpeak,2418,2672,90.494012
2015-08-01,B DIVISION,M,2,peak,1268,1377,92.0842411
2015-08-01,B DIVISION,N,1,offpeak,13826,17089,80.9058459
2015-08-01,B DIVISION,N,1,peak,7766,9996,77.6910764
2015-08-01,B DIVISION,N,2,offpeak,5369,6557,81.8819582
2015-08-01,B DIVISION,N,2,peak,2562,3210,79.8130841
2015-08-01,B DIVISION,Q,1,offpeak,10915,13305,82.0368283
2015-08-01,B DIVISION,Q,1,peak,6640,8302,79.9807275
2015-08-01,B DIVISION,Q,2,offpeak,3328,3758,88.5577435
2015-08-01,B DIVISION,Q,2,peak,1621,1879,86.2692922
2015-08-01,B DIVISION,R,1,offpeak,12733,16175,78.7202473
2015-08-01,B DIVISION,R,1,peak,8206,11044,74.3027888
2015-08-01,B DIVISION,R,2,offpeak,4773,6111,78.1050565
2015-08-01,B DIVISION,R,2,peak,2596,3256,79.7297297
2015-08-01,B DIVISION,S Fkln,1,offpeak,1227,1257,97.6133652
2015-08-01,B DIVISION,S Fkln,1,peak,752,756,99.4708995
2015-08-01,B DIVISION,S Fkln,2,offpeak,564,577,97.7469671
2015-08-01,B DIVISION,S Fkln,2,peak,311,315,98.7301587
2015-08-01,B DIVISION,S Rock,1,offpeak,1678,1780,94.2696629
2015-08-01,B DIVISION,S Rock,1,peak,833,893,93.281075
2015-08-01,B DIVISION,S Rock,2,offpeak,708,757,93.5270806
2015-08-01,B DIVISION,S Rock,2,peak,389,410,94.8780488
2015-09-01,A DIVISION,1,1,offpeak,20545,25418,80.8285467
2015-09-01,A DIVISION,1,1,peak,12444,16594,74.9909606
2015-09-01,A DIVISION,1,2,offpeak,3171,3470,91.3832853
2015-09-01,A DIVISION,1,2,peak,1623,1734,93.5986159
2015-09-01,A DIVISION,2,1,offpeak,20509,27069,75.765636
2015-09-01,A DIVISION,2,1,peak,12012,17829,67.3733804
2015-09-01,A DIVISION,2,2,offpeak,6149,7947,77.3751101
2015-09-01,A DIVISION,2,2,peak,3153,4060,77.6600985
2015-09-01,A DIVISION,3,1,offpeak,19047,23392,81.4252736
2015-09-01,A DIVISION,3,1,peak,11296,15204,74.2962378
2015-09-01,A DIVISION,3,2,offpeak,5479,6637,82.552358
2015-09-01,A DIVISION,3,2,peak,2856,3356,85.1013111
2015-09-01,A DIVISION,4,1,offpeak,23542,30649,76.8116415
2015-09-01,A DIVISION,4,1,peak,14871,23310,63.7966538
2015-09-01,A DIVISION,4,2,offpeak,6989,9382,74.4937114
2015-09-01,A DIVISION,4,2,peak,3738,5097,73.3372572
2015-09-01,A DIVISION,5,1,offpeak,17227,24550,70.1710794
2015-09-01,A DIVISION,5,1,peak,12184,19652,61.9987788
2015-09-01,A DIVISION,5,2,offpeak,1181,1370,86.2043796
2015-09-01,A DIVISION,5,2,peak,621,733,84.7203274
2015-09-01,A DIVISION,6,1,offpeak,20505,28774,71.2622506
2015-09-01,A DIVISION,6,1,peak,13158,20711,63.5314567
2015-09-01,A DIVISION,6,2,offpeak,4487,6116,73.3649444
2015-09-01,A DIVISION,6,2,peak,2475,3209,77.1268308
2015-09-01,A DIVISION,7,1,offpeak,13427,17215,77.9959338
2015-09-01,A DIVISION,7,1,peak,10080,14639,68.8571624
2015-09-01,A DIVISION,7,2,offpeak,4067,4881,83.3230895
2015-09-01,A DIVISION,7,2,peak,2424,3098,78.2440284
2015-09-01,A DIVISION,S 42nd,1,offpeak,5727,5944,96.3492598
2015-09-01,A DIVISION,S 42nd,1,peak,5066,6087,83.2265484
2015-09-01,A DIVISION,S 42nd,2,offpeak,1672,1705,98.0645161
2015-09-01,A DIVISION,S 42nd,2,peak,986,992,99.3951613
2015-09-01,B DIVISION,A,1,offpeak,13532,18688,72.4101027
2015-09-01,B DIVISION,A,1,peak,9877,14252,69.302554
2015-09-01,B DIVISION,A,2,offpeak,3821,4977,76.7731565
2015-09-01,B DIVISION,A,2,peak,2041,2650,77.0188679
2015-09-01,B DIVISION,B,1,offpeak,7852,9567,82.0737953
2015-09-01,B DIVISION,B,1,peak,5965,7821,76.2690193
2015-09-01,B DIVISION,C,1,offpeak,8527,11356,75.0880592
2015-09-01,B DIVISION,C,1,peak,5361,7265,73.7921542
2015-09-01,B DIVISION,C,2,offpeak,2432,3035,80.1317957
2015-09-01,B DIVISION,C,2,peak,1401,1719,81.5008726
2015-09-01,B DIVISION,D,1,offpeak,11395,13833,82.3754789
2015-09-01,B DIVISION,D,1,peak,7147,9058,78.9026275
2015-09-01,B DIVISION,D,2,offpeak,3709,4549,81.5344032
2015-09-01,B DIVISION,D,2,peak,1965,2361,83.227446
2015-09-01,B DIVISION,E,1,offpeak,10338,13593,76.0538512
2015-09-01,B DIVISION,E,1,peak,6984,10146,68.8350089
2015-09-01,B DIVISION,E,2,offpeak,2527,2954,85.5450237
2015-09-01,B DIVISION,E,2,peak,1401,1601,87.5078076
2015-09-01,B DIVISION,F,1,offpeak,16533,22057,74.9557963
2015-09-01,B DIVISION,F,1,peak,11682,16366,71.3796896
2015-09-01,B DIVISION,F,2,offpeak,3684,4498,81.903068
2015-09-01,B DIVISION,F,2,peak,1906,2293,83.1225469
2015-09-01,B DIVISION,G,1,offpeak,8472,10269,82.5007304
2015-09-01,B DIVISION,G,1,peak,5039,6198,81.3004195
2015-09-01,B DIVISION,G,2,offpeak,2856,3285,86.9406393
2015-09-01,B DIVISION,G,2,peak,1496,1703,87.8449794
2015-09-01,B DIVISION,JZ,1,offpeak,8244,9901,83.2643167
2015-09-01,B DIVISION,JZ,1,peak,5323,7085,75.1305575
2015-09-01,B DIVISION,JZ,2,offpeak,3125,3697,84.5279957
2015-09-01,B DIVISION,JZ,2,peak,1680,1959,85.7580398
2015-09-01,B DIVISION,L,1,offpeak,17971,22081,81.3867126
2015-09-01,B DIVISION,L,1,peak,11210,14432,77.674612
2015-09-01,B DIVISION,L,2,offpeak,5480,8105,67.6125848
2015-09-01,B DIVISION,L,2,peak,2472,4187,59.0398854
2015-09-01,B DIVISION,M,1,offpeak,10943,13445,81.3908516
2015-09-01,B DIVISION,M,1,peak,7156,9446,75.7569342
2015-09-01,B DIVISION,M,2,offpeak,2089,2312,90.3546713
2015-09-01,B DIVISION,M,2,peak,1155,1244,92.8456592
2015-09-01,B DIVISION,N,1,offpeak,13657,16931,80.6626897
2015-09-01,B DIVISION,N,1,peak,7750,9920,78.125
2015-09-01,B DIVISION,N,2,offpeak,4527,5462,82.8817283
2015-09-01,B DIVISION,N,2,peak,2312,2739,84.4103687
2015-09-01,B DIVISION,Q,1,offpeak,10536,12881,81.7948917
2015-09-01,B DIVISION,Q,1,peak,6481,8144,79.5800589
2015-09-01,B DIVISION,Q,2,offpeak,2568,2870,89.4773519
2015-09-01,B DIVISION,Q,2,peak,1301,1446,89.9723375
2015-09-01,B DIVISION,R,1,offpeak,13014,16415,79.2811453
2015-09-01,B DIVISION,R,1,peak,8508,11395,74.6643265
2015-09-01,B DIVISION,R,2,offpeak,3873,4895,79.1215526
2015-09-01,B DIVISION,R,2,peak,2121,2584,82.0820433
2015-09-01,B DIVISION,S Fkln,1,offpeak,1263,1289,97.9829325
2015-09-01,B DIVISION,S Fkln,1,peak,747,756,98.8095238
2015-09-01,B DIVISION,S Fkln,2,offpeak,439,449,97.7728285
2015-09-01,B DIVISION,S Fkln,2,peak,238,244,97.5409836
2015-09-01,B DIVISION,S Rock,1,offpeak,1593,1670,95.3892216
2015-09-01,B DIVISION,S Rock,1,peak,782,837,93.4289128
2015-09-01,B DIVISION,S Rock,2,offpeak,408,437,93.3638444
2015-09-01,B DIVISION,S Rock,2,peak,221,234,94.4444444
2015-10-01,A DIVISION,1,1,offpeak,21290,26645,79.9024207
2015-10-01,A DIVISION,1,1,peak,12676,17360,73.0184332
2015-10-01,A DIVISION,1,2,offpeak,4835,5407,89.4211208
2015-10-01,A DIVISION,1,2,peak,2399,2688,89.2485119
2015-10-01,A DIVISION,2,1,offpeak,21650,28361,76.3372237
2015-10-01,A DIVISION,2,1,peak,12553,18678,67.2074098
2015-10-01,A DIVISION,2,2,offpeak,5908,8263,71.4994554
2015-10-01,A DIVISION,2,2,peak,3202,4221,75.8588012
2015-10-01,A DIVISION,3,1,offpeak,19577,24505,79.8898184
2015-10-01,A DIVISION,3,1,peak,11717,15928,73.5622803
2015-10-01,A DIVISION,3,2,offpeak,5685,6787,83.7630765
2015-10-01,A DIVISION,3,2,peak,2877,3438,83.6823735
2015-10-01,A DIVISION,4,1,offpeak,24553,32120,76.4414695
2015-10-01,A DIVISION,4,1,peak,15135,24420,61.977887
2015-10-01,A DIVISION,4,2,offpeak,7809,10597,73.6906672
2015-10-01,A DIVISION,4,2,peak,4249,5807,73.1703117
2015-10-01,A DIVISION,5,1,offpeak,18043,25696,70.2171544
2015-10-01,A DIVISION,5,1,peak,12517,20601,60.7591864
2015-10-01,A DIVISION,5,2,offpeak,2883,3854,74.805397
2015-10-01,A DIVISION,5,2,peak,1790,2131,83.9981229
2015-10-01,A DIVISION,6,1,offpeak,20368,29975,67.9499583
2015-10-01,A DIVISION,6,1,peak,12982,22064,58.837926
2015-10-01,A DIVISION,6,2,offpeak,5142,6671,77.0798981
2015-10-01,A DIVISION,6,2,peak,2750,3455,79.5947902
2015-10-01,A DIVISION,7,1,offpeak,15643,19580,79.8927477
2015-10-01,A DIVISION,7,1,peak,11914,16591,71.8100175
2015-10-01,A DIVISION,7,2,offpeak,4658,5769,80.7418963
2015-10-01,A DIVISION,7,2,peak,2878,3697,77.8469029
2015-10-01,A DIVISION,S 42nd,1,offpeak,6027,6226,96.8037263
2015-10-01,A DIVISION,S 42nd,1,peak,4841,6198,78.1058406
2015-10-01,A DIVISION,S 42nd,2,offpeak,644,650,99.0769231
2015-10-01,A DIVISION,S 42nd,2,peak,384,388,98.9690722
2015-10-01,B DIVISION,A,1,offpeak,14585,19909,73.2583254
2015-10-01,B DIVISION,A,1,peak,10360,15093,68.6410919
2015-10-01,B DIVISION,A,2,offpeak,3683,4692,78.4953112
2015-10-01,B DIVISION,A,2,peak,2031,2575,78.8737864
2015-10-01,B DIVISION,B,1,offpeak,8375,10133,82.6507451
2015-10-01,B DIVISION,B,1,peak,6562,8442,77.7303956
2015-10-01,B DIVISION,C,1,offpeak,9386,11954,78.517651
2015-10-01,B DIVISION,C,1,peak,5524,7575,72.9240924
2015-10-01,B DIVISION,C,2,offpeak,2879,3563,80.8026944
2015-10-01,B DIVISION,C,2,peak,1683,2026,83.0700888
2015-10-01,B DIVISION,D,1,offpeak,12025,14374,83.6579936
2015-10-01,B DIVISION,D,1,peak,7538,9589,78.6109083
2015-10-01,B DIVISION,D,2,offpeak,3856,4691,82.1999574
2015-10-01,B DIVISION,D,2,peak,1968,2410,81.659751
2015-10-01,B DIVISION,E,1,offpeak,11342,15513,73.1128731
2015-10-01,B DIVISION,E,1,peak,8230,11582,71.0585391
2015-10-01,B DIVISION,E,2,offpeak,2440,2840,85.915493
2015-10-01,B DIVISION,E,2,peak,1271,1469,86.5214432
2015-10-01,B DIVISION,F,1,offpeak,19829,26821,73.9308751
2015-10-01,B DIVISION,F,1,peak,14278,19943,71.594043
2015-10-01,B DIVISION,F,2,offpeak,4964,6039,82.1990396
2015-10-01,B DIVISION,F,2,peak,2593,3105,83.510467
2015-10-01,B DIVISION,G,1,offpeak,9808,11724,83.6574548
2015-10-01,B DIVISION,G,1,peak,5826,7385,78.8896412
2015-10-01,B DIVISION,G,2,offpeak,3571,4157,85.9032956
2015-10-01,B DIVISION,G,2,peak,1893,2221,85.2318775
2015-10-01,B DIVISION,JZ,1,offpeak,8297,10289,80.6395179
2015-10-01,B DIVISION,JZ,1,peak,5470,7394,73.9789018
2015-10-01,B DIVISION,JZ,2,offpeak,3729,4309,86.5398004
2015-10-01,B DIVISION,JZ,2,peak,2102,2337,89.9443731
2015-10-01,B DIVISION,L,1,offpeak,17396,22328,77.911143
2015-10-01,B DIVISION,L,1,peak,11032,15086,73.1274029
2015-10-01,B DIVISION,L,2,offpeak,4827,6241,77.3433745
2015-10-01,B DIVISION,L,2,peak,2519,3160,79.7151899
2015-10-01,B DIVISION,M,1,offpeak,11969,15005,79.7667444
2015-10-01,B DIVISION,M,1,peak,7716,10350,74.5507246
2015-10-01,B DIVISION,M,2,offpeak,2254,2517,89.5510528
2015-10-01,B DIVISION,M,2,peak,1255,1362,92.143906
2015-10-01,B DIVISION,N,1,offpeak,14844,18164,81.7220876
2015-10-01,B DIVISION,N,1,peak,8357,10640,78.5432331
2015-10-01,B DIVISION,N,2,offpeak,4717,5712,82.5805322
2015-10-01,B DIVISION,N,2,peak,2361,2886,81.8087318
2015-10-01,B DIVISION,Q,1,offpeak,11486,14401,79.7583501
2015-10-01,B DIVISION,Q,1,peak,7040,8893,79.1633869
2015-10-01,B DIVISION,Q,2,offpeak,3137,3418,91.778818
2015-10-01,B DIVISION,Q,2,peak,1615,1744,92.603211
2015-10-01,B DIVISION,R,1,offpeak,13763,17748,77.5467658
2015-10-01,B DIVISION,R,1,peak,9250,12414,74.512647
2015-10-01,B DIVISION,R,2,offpeak,4210,5471,76.9511972
2015-10-01,B DIVISION,R,2,peak,2326,2912,79.8763736
2015-10-01,B DIVISION,S Fkln,1,offpeak,1321,1372,96.2827988
2015-10-01,B DIVISION,S Fkln,1,peak,773,792,97.6010101
2015-10-01,B DIVISION,S Fkln,2,offpeak,481,498,96.5863454
2015-10-01,B DIVISION,S Fkln,2,peak,266,271,98.1549815
2015-10-01,B DIVISION,S Rock,1,offpeak,1720,1800,95.5555556
2015-10-01,B DIVISION,S Rock,1,peak,861,912,94.4078947
2015-10-01,B DIVISION,S Rock,2,offpeak,246,302,81.4569536
2015-10-01,B DIVISION,S Rock,2,peak,118,160,73.75
2015-11-01,A DIVISION,1,1,offpeak,18669,23062,80.9513485
2015-11-01,A DIVISION,1,1,peak,11205,15041,74.4963766
2015-11-01,A DIVISION,1,2,offpeak,4337,5113,84.8230002
2015-11-01,A DIVISION,1,2,peak,2275,2480,91.733871
2015-11-01,A DIVISION,2,1,offpeak,18821,24474,76.9020185
2015-11-01,A DIVISION,2,1,peak,10779,16131,66.8216478
2015-11-01,A DIVISION,2,2,offpeak,5487,7328,74.8771834
2015-11-01,A DIVISION,2,2,peak,2944,3743,78.6534865
2015-11-01,A DIVISION,3,1,offpeak,17636,21168,83.3144369
2015-11-01,A DIVISION,3,1,peak,10216,13756,74.2657749
2015-11-01,A DIVISION,3,2,offpeak,5037,6162,81.7429406
2015-11-01,A DIVISION,3,2,peak,2714,3105,87.4074074
2015-11-01,A DIVISION,4,1,offpeak,21270,27712,76.7537529
2015-11-01,A DIVISION,4,1,peak,13230,21075,62.7758007
2015-11-01,A DIVISION,4,2,offpeak,6337,8490,74.6407538
2015-11-01,A DIVISION,4,2,peak,3361,4614,72.8435197
2015-11-01,A DIVISION,5,1,offpeak,16058,22211,72.2975102
2015-11-01,A DIVISION,5,1,peak,10766,17803,60.472954
2015-11-01,A DIVISION,5,2,offpeak,1806,2191,82.428115
2015-11-01,A DIVISION,5,2,peak,1000,1188,84.1750842
2015-11-01,A DIVISION,6,1,offpeak,18790,26096,72.0033722
2015-11-01,A DIVISION,6,1,peak,11863,19071,62.2043941
2015-11-01,A DIVISION,6,2,offpeak,4890,6264,78.0651341
2015-11-01,A DIVISION,6,2,peak,2518,3298,76.3493026
2015-11-01,A DIVISION,7,1,offpeak,12026,15244,78.8900551
2015-11-01,A DIVISION,7,1,peak,9072,12979,69.8975268
2015-11-01,A DIVISION,7,2,offpeak,3168,3681,86.0635697
2015-11-01,A DIVISION,7,2,peak,1866,2170,85.9907834
2015-11-01,A DIVISION,S 42nd,1,offpeak,5267,5378,97.9360357
2015-11-01,A DIVISION,S 42nd,1,peak,4864,5529,87.9725086
2015-11-01,A DIVISION,S 42nd,2,offpeak,1889,1906,99.1080797
2015-11-01,A DIVISION,S 42nd,2,peak,1095,1100,99.5454545
2015-11-01,B DIVISION,A,1,offpeak,13036,17726,73.5416902
2015-11-01,B DIVISION,A,1,peak,9270,13456,68.891201
2015-11-01,B DIVISION,A,2,offpeak,4191,5338,78.5125515
2015-11-01,B DIVISION,A,2,peak,2212,2832,78.1073446
2015-11-01,B DIVISION,B,1,offpeak,7320,9148,80.0174902
2015-11-01,B DIVISION,B,1,peak,5751,7679,74.8925641
2015-11-01,B DIVISION,C,1,offpeak,8224,10462,78.6082967
2015-11-01,B DIVISION,C,1,peak,5036,6776,74.3211334
2015-11-01,B DIVISION,C,2,offpeak,2593,3169,81.8239192
2015-11-01,B DIVISION,C,2,peak,1509,1763,85.5927396
2015-11-01,B DIVISION,D,1,offpeak,10682,13021,82.0367099
2015-11-01,B DIVISION,D,1,peak,6588,8540,77.1428571
2015-11-01,B DIVISION,D,2,offpeak,3711,4692,79.0920716
2015-11-01,B DIVISION,D,2,peak,1879,2424,77.5165017
2015-11-01,B DIVISION,E,1,offpeak,10861,14295,75.9776146
2015-11-01,B DIVISION,E,1,peak,7476,10591,70.5882353
2015-11-01,B DIVISION,E,2,offpeak,2641,3094,85.3587589
2015-11-01,B DIVISION,E,2,peak,1380,1579,87.3970868
2015-11-01,B DIVISION,F,1,offpeak,18856,25096,75.1354798
2015-11-01,B DIVISION,F,1,peak,13200,18494,71.3744998
2015-11-01,B DIVISION,F,2,offpeak,4299,5435,79.0984361
2015-11-01,B DIVISION,F,2,peak,2142,2744,78.0612245
2015-11-01,B DIVISION,G,1,offpeak,9404,11096,84.7512617
2015-11-01,B DIVISION,G,1,peak,5590,6900,81.0144928
2015-11-01,B DIVISION,G,2,offpeak,3522,3997,88.1160871
2015-11-01,B DIVISION,G,2,peak,1849,2053,90.063322
2015-11-01,B DIVISION,JZ,1,offpeak,8095,9778,82.7878912
2015-11-01,B DIVISION,JZ,1,peak,5275,7146,73.8175203
2015-11-01,B DIVISION,JZ,2,offpeak,3457,3824,90.4027197
2015-11-01,B DIVISION,JZ,2,peak,1855,2066,89.7870281
2015-11-01,B DIVISION,L,1,offpeak,15521,19090,81.3043478
2015-11-01,B DIVISION,L,1,peak,10304,13678,75.332651
2015-11-01,B DIVISION,L,2,offpeak,4840,5823,83.1186674
2015-11-01,B DIVISION,L,2,peak,2324,2938,79.1014295
2015-11-01,B DIVISION,M,1,offpeak,11945,14866,80.3511368
2015-11-01,B DIVISION,M,1,peak,7008,9368,74.8078565
2015-11-01,B DIVISION,M,2,offpeak,2213,2349,94.2103023
2015-11-01,B DIVISION,M,2,peak,1165,1251,93.1254996
2015-11-01,B DIVISION,N,1,offpeak,12784,16276,78.5450971
2015-11-01,B DIVISION,N,1,peak,7031,9545,73.6616029
2015-11-01,B DIVISION,N,2,offpeak,4795,5944,80.6695828
2015-11-01,B DIVISION,N,2,peak,2432,2960,82.1621622
2015-11-01,B DIVISION,Q,1,offpeak,9706,12761,76.0598699
2015-11-01,B DIVISION,Q,1,peak,5838,7987,73.0937774
2015-11-01,B DIVISION,Q,2,offpeak,3237,3812,84.9160546
2015-11-01,B DIVISION,Q,2,peak,1672,2041,81.9206271
2015-11-01,B DIVISION,R,1,offpeak,12186,15939,76.4539808
2015-11-01,B DIVISION,R,1,peak,7985,11064,72.1710051
2015-11-01,B DIVISION,R,2,offpeak,4136,5423,76.2677485
2015-11-01,B DIVISION,R,2,peak,2258,2807,80.4417528
2015-11-01,B DIVISION,S Fkln,1,offpeak,1209,1243,97.2646822
2015-11-01,B DIVISION,S Fkln,1,peak,704,720,97.7777778
2015-11-01,B DIVISION,S Fkln,2,offpeak,235,239,98.3263598
2015-11-01,B DIVISION,S Fkln,2,peak,132,136,97.0588235
2015-11-01,B DIVISION,S Rock,1,offpeak,1605,1702,94.3008226
2015-11-01,B DIVISION,S Rock,1,peak,829,876,94.6347032
2015-11-01,B DIVISION,S Rock,2,offpeak,275,288,95.4861111
2015-11-01,B DIVISION,S Rock,2,peak,133,136,97.7941176
2015-12-01,A DIVISION,1,1,offpeak,21836,26687,81.8226103
2015-12-01,A DIVISION,1,1,peak,13454,17578,76.5388554
2015-12-01,A DIVISION,1,2,offpeak,5434,6279,86.5424431
2015-12-01,A DIVISION,1,2,peak,2745,3115,88.1219904
2015-12-01,A DIVISION,2,1,offpeak,21724,28934,75.0812193
2015-12-01,A DIVISION,2,1,peak,12317,18696,65.8804022
2015-12-01,A DIVISION,2,2,offpeak,5398,6428,83.9763535
2015-12-01,A DIVISION,2,2,peak,2644,3266,80.955297
2015-12-01,A DIVISION,3,1,offpeak,19703,24527,80.3318792
2015-12-01,A DIVISION,3,1,peak,11413,15928,71.6536916
2015-12-01,A DIVISION,3,2,offpeak,5333,6108,87.3117223
2015-12-01,A DIVISION,3,2,peak,2754,3124,88.15621
2015-12-01,A DIVISION,4,1,offpeak,24422,32123,76.0265231
2015-12-01,A DIVISION,4,1,peak,16116,24420,65.995086
2015-12-01,A DIVISION,4,2,offpeak,7125,9067,78.5816698
2015-12-01,A DIVISION,4,2,peak,3849,4934,78.0097284
2015-12-01,A DIVISION,5,1,offpeak,17107,24575,69.6113937
2015-12-01,A DIVISION,5,1,peak,12034,19674,61.1670225
2015-12-01,A DIVISION,5,2,offpeak,2776,3678,75.4758021
2015-12-01,A DIVISION,5,2,peak,1550,1972,78.6004057
2015-12-01,A DIVISION,6,1,offpeak,22277,30585,72.8363577
2015-12-01,A DIVISION,6,1,peak,14082,22063,63.8263156
2015-12-01,A DIVISION,6,2,offpeak,5044,6020,83.7873754
2015-12-01,A DIVISION,6,2,peak,2643,3158,83.6922103
2015-12-01,A DIVISION,7,1,offpeak,14929,18514,80.6362753
2015-12-01,A DIVISION,7,1,peak,10898,15508,70.2734073
2015-12-01,A DIVISION,7,2,offpeak,3703,4380,84.543379
2015-12-01,A DIVISION,7,2,peak,2197,2763,79.5150199
2015-12-01,A DIVISION,S 42nd,1,offpeak,6107,6257,97.602685
2015-12-01,A DIVISION,S 42nd,1,peak,5466,6402,85.3795689
2015-12-01,A DIVISION,S 42nd,2,offpeak,1551,1704,91.0211268
2015-12-01,A DIVISION,S 42nd,2,peak,976,992,98.3870968
2015-12-01,B DIVISION,A,1,offpeak,12024,16129,74.5489491
2015-12-01,B DIVISION,A,1,peak,8514,12141,70.1260193
2015-12-01,B DIVISION,A,2,offpeak,4363,5452,80.0256787
2015-12-01,B DIVISION,A,2,peak,2318,2963,78.2315221
2015-12-01,B DIVISION,B,1,offpeak,7816,9535,81.9716833
2015-12-01,B DIVISION,B,1,peak,6030,7983,75.535513
2015-12-01,B DIVISION,C,1,offpeak,7772,9662,80.4388325
2015-12-01,B DIVISION,C,1,peak,4706,6172,76.2475697
2015-12-01,B DIVISION,C,2,offpeak,2767,3274,84.5143555
2015-12-01,B DIVISION,C,2,peak,1562,1793,87.1165644
2015-12-01,B DIVISION,D,1,offpeak,11166,13565,82.3147807
2015-12-01,B DIVISION,D,1,peak,6911,8884,77.7915353
2015-12-01,B DIVISION,D,2,offpeak,3441,4106,83.804189
2015-12-01,B DIVISION,D,2,peak,1799,2154,83.5190344
2015-12-01,B DIVISION,E,1,offpeak,10574,14135,74.8072161
2015-12-01,B DIVISION,E,1,peak,7317,10503,69.6658098
2015-12-01,B DIVISION,E,2,offpeak,3065,3600,85.1388889
2015-12-01,B DIVISION,E,2,peak,1641,1922,85.3798127
2015-12-01,B DIVISION,F,1,offpeak,19621,26453,74.1730617
2015-12-01,B DIVISION,F,1,peak,13799,19426,71.0336662
2015-12-01,B DIVISION,F,2,offpeak,5709,7432,76.8164693
2015-12-01,B DIVISION,F,2,peak,2929,3790,77.2823219
2015-12-01,B DIVISION,G,1,offpeak,9773,11940,81.8509213
2015-12-01,B DIVISION,G,1,peak,5686,7248,78.4492274
2015-12-01,B DIVISION,G,2,offpeak,3040,3627,83.8158258
2015-12-01,B DIVISION,G,2,peak,1571,1867,84.1456883
2015-12-01,B DIVISION,JZ,1,offpeak,8887,10749,82.6774584
2015-12-01,B DIVISION,JZ,1,peak,5844,8000,73.05
2015-12-01,B DIVISION,JZ,2,offpeak,3375,3770,89.5225464
2015-12-01,B DIVISION,JZ,2,peak,1705,1992,85.5923695
2015-12-01,B DIVISION,L,1,offpeak,18222,23091,78.9138625
2015-12-01,B DIVISION,L,1,peak,11413,15102,75.5727718
2015-12-01,B DIVISION,L,2,offpeak,4492,5486,81.881152
2015-12-01,B DIVISION,L,2,peak,2246,2627,85.4967644
2015-12-01,B DIVISION,M,1,offpeak,10888,13864,78.5343335
2015-12-01,B DIVISION,M,1,peak,7280,9985,72.909364
2015-12-01,B DIVISION,M,2,offpeak,2168,2339,92.6891834
2015-12-01,B DIVISION,M,2,peak,1093,1248,87.5801282
2015-12-01,B DIVISION,N,1,offpeak,13904,17078,81.4146856
2015-12-01,B DIVISION,N,1,peak,7765,10063,77.1638676
2015-12-01,B DIVISION,N,2,offpeak,5254,6226,84.3880501
2015-12-01,B DIVISION,N,2,peak,2655,3094,85.8112476
2015-12-01,B DIVISION,Q,1,offpeak,11017,13529,81.4324784
2015-12-01,B DIVISION,Q,1,peak,6511,8420,77.327791
2015-12-01,B DIVISION,Q,2,offpeak,2792,3100,90.0645161
2015-12-01,B DIVISION,Q,2,peak,1463,1595,91.7241379
2015-12-01,B DIVISION,R,1,offpeak,12920,16704,77.3467433
2015-12-01,B DIVISION,R,1,peak,8354,11651,71.7019998
2015-12-01,B DIVISION,R,2,offpeak,4755,5693,83.5236255
2015-12-01,B DIVISION,R,2,peak,2513,2970,84.6127946
2015-12-01,B DIVISION,S Fkln,1,offpeak,1358,1388,97.8386167
2015-12-01,B DIVISION,S Fkln,1,peak,796,810,98.2716049
2015-12-01,B DIVISION,S Fkln,2,offpeak,449,459,97.8213508
2015-12-01,B DIVISION,S Fkln,2,peak,243,244,99.5901639
2015-12-01,B DIVISION,S Rock,1,offpeak,1732,1805,95.9556787
2015-12-01,B DIVISION,S Rock,1,peak,884,912,96.9298246
2015-12-01,B DIVISION,S Rock,2,offpeak,593,611,97.0540098
2015-12-01,B DIVISION,S Rock,2,peak,313,323,96.9040248
2016-01-01,A DIVISION,1,1,offpeak,18684,22850,81.7680525
2016-01-01,A DIVISION,1,1,peak,11365,15178,74.8781131
2016-01-01,A DIVISION,1,2,offpeak,5776,6633,87.0797528
2016-01-01,A DIVISION,1,2,peak,2859,3215,88.9269051
2016-01-01,A DIVISION,2,1,offpeak,18691,25042,74.6386071
2016-01-01,A DIVISION,2,1,peak,10453,16036,65.1845847
2016-01-01,A DIVISION,2,2,offpeak,5732,7350,77.9863946
2016-01-01,A DIVISION,2,2,peak,3164,3741,84.5763165
2016-01-01,A DIVISION,3,1,offpeak,16483,21061,78.2631404
2016-01-01,A DIVISION,3,1,peak,9929,13677,72.5963296
2016-01-01,A DIVISION,3,2,offpeak,5600,6218,90.0611129
2016-01-01,A DIVISION,3,2,peak,2846,3142,90.5792489
2016-01-01,A DIVISION,4,1,offpeak,20383,27726,73.5158335
2016-01-01,A DIVISION,4,1,peak,12856,21090,60.9577999
2016-01-01,A DIVISION,4,2,offpeak,6214,7908,78.5786545
2016-01-01,A DIVISION,4,2,peak,3327,4330,76.8360277
2016-01-01,A DIVISION,5,1,offpeak,15233,22014,69.1968747
2016-01-01,A DIVISION,5,1,peak,10532,17767,59.2784376
2016-01-01,A DIVISION,5,2,offpeak,2752,3394,81.0842664
2016-01-01,A DIVISION,5,2,peak,1494,1844,81.0195228
2016-01-01,A DIVISION,6,1,offpeak,18543,26577,69.7708545
2016-01-01,A DIVISION,6,1,peak,11681,19287,60.5641105
2016-01-01,A DIVISION,6,2,offpeak,5219,6271,83.2243661
2016-01-01,A DIVISION,6,2,peak,2770,3304,83.8377724
2016-01-01,A DIVISION,7,1,offpeak,14233,18264,77.9292597
2016-01-01,A DIVISION,7,1,peak,10268,15288,67.1637886
2016-01-01,A DIVISION,7,2,offpeak,3249,4088,79.4765166
2016-01-01,A DIVISION,7,2,peak,1742,2135,81.5925059
2016-01-01,A DIVISION,S 42nd,1,offpeak,5498,5661,97.1206501
2016-01-01,A DIVISION,S 42nd,1,peak,5157,5820,88.6082474
2016-01-01,A DIVISION,S 42nd,2,offpeak,1696,1704,99.5305164
2016-01-01,A DIVISION,S 42nd,2,peak,982,992,98.9919355
2016-01-01,B DIVISION,A,1,offpeak,9326,12446,74.931705
2016-01-01,B DIVISION,A,1,peak,6630,9508,69.7307531
2016-01-01,B DIVISION,A,2,offpeak,3866,5421,71.3152555
2016-01-01,B DIVISION,A,2,peak,1980,2792,70.9169054
2016-01-01,B DIVISION,B,1,offpeak,6671,8326,80.1225078
2016-01-01,B DIVISION,B,1,peak,5238,7216,72.5886918
2016-01-01,B DIVISION,C,1,offpeak,6938,8711,79.6464241
2016-01-01,B DIVISION,C,1,peak,4180,5572,75.0179469
2016-01-01,B DIVISION,C,2,offpeak,2293,3056,75.0327225
2016-01-01,B DIVISION,C,2,peak,1301,1687,77.1191464
2016-01-01,B DIVISION,D,1,offpeak,9856,11868,83.0468487
2016-01-01,B DIVISION,D,1,peak,5869,7623,76.9906861
2016-01-01,B DIVISION,D,2,offpeak,3388,4700,72.0851064
2016-01-01,B DIVISION,D,2,peak,1761,2425,72.6185567
2016-01-01,B DIVISION,E,1,offpeak,9746,12632,77.1532616
2016-01-01,B DIVISION,E,1,peak,6725,9388,71.6340009
2016-01-01,B DIVISION,E,2,offpeak,2635,3479,75.7401552
2016-01-01,B DIVISION,E,2,peak,1303,1761,73.99205
2016-01-01,B DIVISION,F,1,offpeak,17676,23510,75.1850276
2016-01-01,B DIVISION,F,1,peak,11864,17094,69.4044694
2016-01-01,B DIVISION,F,2,offpeak,4802,6503,73.8428418
2016-01-01,B DIVISION,F,2,peak,2320,3234,71.737786
2016-01-01,B DIVISION,G,1,offpeak,7669,9012,85.0976476
2016-01-01,B DIVISION,G,1,peak,4274,5316,80.3987961
2016-01-01,B DIVISION,G,2,offpeak,3368,4192,80.3435115
2016-01-01,B DIVISION,G,2,peak,1781,2217,80.3337844
2016-01-01,B DIVISION,JZ,1,offpeak,7521,9512,79.068545
2016-01-01,B DIVISION,JZ,1,peak,5079,7152,71.0151007
2016-01-01,B DIVISION,JZ,2,offpeak,3360,4128,81.3953488
2016-01-01,B DIVISION,JZ,2,peak,1802,2218,81.2443643
2016-01-01,B DIVISION,L,1,offpeak,17218,22467,76.6368452
2016-01-01,B DIVISION,L,1,peak,10227,14074,72.6659088
2016-01-01,B DIVISION,L,2,offpeak,6923,10019,69.0987124
2016-01-01,B DIVISION,L,2,peak,3310,5043,65.6355344
2016-01-01,B DIVISION,M,1,offpeak,9611,12387,77.5894083
2016-01-01,B DIVISION,M,1,peak,6501,8850,73.4576271
2016-01-01,B DIVISION,M,2,offpeak,1955,2242,87.1989295
2016-01-01,B DIVISION,M,2,peak,1001,1165,85.9227468
2016-01-01,B DIVISION,N,1,offpeak,10056,12607,79.7652098
2016-01-01,B DIVISION,N,1,peak,5452,7168,76.0602679
2016-01-01,B DIVISION,N,2,offpeak,4668,6040,77.2847682
2016-01-01,B DIVISION,N,2,peak,2349,2986,78.6671132
2016-01-01,B DIVISION,Q,1,offpeak,7481,9422,79.3992783
2016-01-01,B DIVISION,Q,1,peak,4657,6245,74.5716573
2016-01-01,B DIVISION,Q,2,offpeak,1654,2056,80.4474708
2016-01-01,B DIVISION,Q,2,peak,876,1047,83.6676218
2016-01-01,B DIVISION,R,1,offpeak,9650,12569,76.7761954
2016-01-01,B DIVISION,R,1,peak,6110,8548,71.4787085
2016-01-01,B DIVISION,R,2,offpeak,3998,5577,71.6872871
2016-01-01,B DIVISION,R,2,peak,2199,2930,75.0511945
2016-01-01,B DIVISION,S Fkln,1,offpeak,1095,1125,97.3333333
2016-01-01,B DIVISION,S Fkln,1,peak,642,648,99.0740741
2016-01-01,B DIVISION,S Fkln,2,offpeak,475,480,98.9583333
2016-01-01,B DIVISION,S Fkln,2,peak,259,261,99.2337165
2016-01-01,B DIVISION,S Rock,1,offpeak,1413,1604,88.0922693
2016-01-01,B DIVISION,S Rock,1,peak,780,822,94.8905109
2016-01-01,B DIVISION,S Rock,2,offpeak,562,589,95.4159593
2016-01-01,B DIVISION,S Rock,2,peak,266,300,88.6666667
2016-02-01,A DIVISION,1,1,offpeak,20078,24186,83.0149673
2016-02-01,A DIVISION,1,1,peak,12049,15980,75.4005006
2016-02-01,A DIVISION,1,2,offpeak,3527,3973,88.774226
2016-02-01,A DIVISION,1,2,peak,1738,1960,88.6734694
2016-02-01,A DIVISION,2,1,offpeak,19836,26406,75.1192911
2016-02-01,A DIVISION,2,1,peak,10942,17000,64.3647059
2016-02-01,A DIVISION,2,2,offpeak,5598,8188,68.3683439
2016-02-01,A DIVISION,2,2,peak,2888,4107,70.3189676
2016-02-01,A DIVISION,3,1,offpeak,17843,22335,79.8880681
2016-02-01,A DIVISION,3,1,peak,10404,14480,71.8508287
2016-02-01,A DIVISION,3,2,offpeak,4783,5829,82.055241
2016-02-01,A DIVISION,3,2,peak,2410,2934,82.1404226
2016-02-01,A DIVISION,4,1,offpeak,21195,28566,74.1965974
2016-02-01,A DIVISION,4,1,peak,13664,22200,61.5495495
2016-02-01,A DIVISION,4,2,offpeak,7143,9371,76.2245225
2016-02-01,A DIVISION,4,2,peak,3916,5106,76.6940854
2016-02-01,A DIVISION,5,1,offpeak,16310,22894,71.2413733
2016-02-01,A DIVISION,5,1,peak,11222,18737,59.8921919
2016-02-01,A DIVISION,5,2,offpeak,2455,3350,73.2835821
2016-02-01,A DIVISION,5,2,peak,1404,1838,76.3873776
2016-02-01,A DIVISION,6,1,offpeak,18834,27327,68.9208475
2016-02-01,A DIVISION,6,1,peak,11663,20044,58.1869886
2016-02-01,A DIVISION,6,2,offpeak,5375,6270,85.7256778
2016-02-01,A DIVISION,6,2,peak,2829,3302,85.6753483
2016-02-01,A DIVISION,7,1,offpeak,13945,18009,77.4335055
2016-02-01,A DIVISION,7,1,peak,9984,15075,66.2288557
2016-02-01,A DIVISION,7,2,offpeak,3738,4678,79.9059427
2016-02-01,A DIVISION,7,2,peak,2170,2743,79.110463
2016-02-01,A DIVISION,S 42nd,1,offpeak,5227,5376,97.2284226
2016-02-01,A DIVISION,S 42nd,1,peak,4931,5529,89.184301
2016-02-01,A DIVISION,S 42nd,2,offpeak,1655,1704,97.1244131
2016-02-01,A DIVISION,S 42nd,2,peak,991,992,99.8991935
2016-02-01,B DIVISION,A,1,offpeak,11732,15806,74.2249779
2016-02-01,B DIVISION,A,1,peak,8470,12024,70.4424484
2016-02-01,B DIVISION,A,2,offpeak,3354,4187,80.1050872
2016-02-01,B DIVISION,A,2,peak,1707,2188,78.0164534
2016-02-01,B DIVISION,B,1,offpeak,7224,9174,78.7442773
2016-02-01,B DIVISION,B,1,peak,5664,7634,74.1943935
2016-02-01,B DIVISION,C,1,offpeak,7498,9377,79.9616082
2016-02-01,B DIVISION,C,1,peak,4663,6006,77.6390276
2016-02-01,B DIVISION,C,2,offpeak,2159,2592,83.2947531
2016-02-01,B DIVISION,C,2,peak,1188,1431,83.0188679
2016-02-01,B DIVISION,D,1,offpeak,10349,12704,81.4625315
2016-02-01,B DIVISION,D,1,peak,6139,8200,74.8658537
2016-02-01,B DIVISION,D,2,offpeak,3376,4163,81.0953639
2016-02-01,B DIVISION,D,2,peak,1775,2151,82.5197583
2016-02-01,B DIVISION,E,1,offpeak,10427,13702,76.0983798
2016-02-01,B DIVISION,E,1,peak,7361,10208,72.1101097
2016-02-01,B DIVISION,E,2,offpeak,2034,2349,86.5900383
2016-02-01,B DIVISION,E,2,peak,1031,1203,85.7024106
2016-02-01,B DIVISION,F,1,offpeak,19395,25443,76.2292183
2016-02-01,B DIVISION,F,1,peak,13359,18661,71.5878034
2016-02-01,B DIVISION,F,2,offpeak,4160,5141,80.9181093
2016-02-01,B DIVISION,F,2,peak,2096,2579,81.2718108
2016-02-01,B DIVISION,G,1,offpeak,8566,10153,84.369152
2016-02-01,B DIVISION,G,1,peak,5009,6149,81.4604001
2016-02-01,B DIVISION,G,2,offpeak,3204,3609,88.7780549
2016-02-01,B DIVISION,G,2,peak,1686,1876,89.8720682
2016-02-01,B DIVISION,JZ,1,offpeak,8372,10218,81.9338422
2016-02-01,B DIVISION,JZ,1,peak,5670,7736,73.2936918
2016-02-01,B DIVISION,JZ,2,offpeak,2274,2626,86.5955826
2016-02-01,B DIVISION,JZ,2,peak,1152,1379,83.5387962
2016-02-01,B DIVISION,L,1,offpeak,17547,22653,77.4599391
2016-02-01,B DIVISION,L,1,peak,10196,13750,74.1527273
2016-02-01,B DIVISION,L,2,offpeak,5654,7032,80.403868
2016-02-01,B DIVISION,L,2,peak,2762,3542,77.9785432
2016-02-01,B DIVISION,M,1,offpeak,10370,13076,79.305598
2016-02-01,B DIVISION,M,1,peak,7035,9548,73.6803519
2016-02-01,B DIVISION,M,2,offpeak,1150,1208,95.1986755
2016-02-01,B DIVISION,M,2,peak,607,635,95.5905512
2016-02-01,B DIVISION,N,1,offpeak,12647,15726,80.4209589
2016-02-01,B DIVISION,N,1,peak,6812,9092,74.9230092
2016-02-01,B DIVISION,N,2,offpeak,4793,5725,83.720524
2016-02-01,B DIVISION,N,2,peak,2445,2862,85.4297694
2016-02-01,B DIVISION,Q,1,offpeak,9742,12012,81.1022311
2016-02-01,B DIVISION,Q,1,peak,5891,7713,76.3775444
2016-02-01,B DIVISION,Q,2,offpeak,1425,1753,81.2892185
2016-02-01,B DIVISION,Q,2,peak,751,915,82.0765027
2016-02-01,B DIVISION,R,1,offpeak,11986,15457,77.5441548
2016-02-01,B DIVISION,R,1,peak,7888,10609,74.3519653
2016-02-01,B DIVISION,R,2,offpeak,3772,4988,75.6214916
2016-02-01,B DIVISION,R,2,peak,2057,2608,78.8726994
2016-02-01,B DIVISION,S Fkln,1,offpeak,1158,1183,97.8867287
2016-02-01,B DIVISION,S Fkln,1,peak,688,690,99.7101449
2016-02-01,B DIVISION,S Fkln,2,offpeak,422,450,93.7777778
2016-02-01,B DIVISION,S Fkln,2,peak,226,244,92.6229508
2016-02-01,B DIVISION,S Rock,1,offpeak,1618,1710,94.619883
2016-02-01,B DIVISION,S Rock,1,peak,807,859,93.9464494
2016-02-01,B DIVISION,S Rock,2,offpeak,555,560,99.1071429
2016-02-01,B DIVISION,S Rock,2,peak,302,305,99.0163934
2016-03-01,A DIVISION,1,1,offpeak,21385,27590,77.5099674
2016-03-01,A DIVISION,1,1,peak,13270,18377,72.2098275
2016-03-01,A DIVISION,1,2,offpeak,4822,5540,87.0397112
2016-03-01,A DIVISION,1,2,peak,2253,2701,83.4135505
2016-03-01,A DIVISION,2,1,offpeak,23077,30361,76.0086954
2016-03-01,A DIVISION,2,1,peak,13065,19550,66.8286445
2016-03-01,A DIVISION,2,2,offpeak,5345,7345,72.7705922
2016-03-01,A DIVISION,2,2,peak,2882,3742,77.0176376
2016-03-01,A DIVISION,3,1,offpeak,20405,25639,79.5857873
2016-03-01,A DIVISION,3,1,peak,11942,16652,71.7151093
2016-03-01,A DIVISION,3,2,offpeak,5025,5829,86.2068966
2016-03-01,A DIVISION,3,2,peak,2526,2941,85.8891533
2016-03-01,A DIVISION,4,1,offpeak,25810,33604,76.8063326
2016-03-01,A DIVISION,4,1,peak,16378,25515,64.1896923
2016-03-01,A DIVISION,4,2,offpeak,5485,7366,74.4637524
2016-03-01,A DIVISION,4,2,peak,2999,4051,74.0311034
2016-03-01,A DIVISION,5,1,offpeak,19652,26874,73.1264419
2016-03-01,A DIVISION,5,1,peak,13342,21550,61.9118329
2016-03-01,A DIVISION,5,2,offpeak,1304,1736,75.1152074
2016-03-01,A DIVISION,5,2,peak,756,944,80.0847458
2016-03-01,A DIVISION,6,1,offpeak,23498,32302,72.7447217
2016-03-01,A DIVISION,6,1,peak,14718,22695,64.8512888
2016-03-01,A DIVISION,6,2,offpeak,5387,6582,81.8444242
2016-03-01,A DIVISION,6,2,peak,2936,3550,82.7042254
2016-03-01,A DIVISION,7,1,offpeak,15387,19792,77.7435327
2016-03-01,A DIVISION,7,1,peak,11396,16440,69.3187348
2016-03-01,A DIVISION,7,2,offpeak,3243,4298,75.4536994
2016-03-01,A DIVISION,7,2,peak,2042,2560,79.765625
2016-03-01,A DIVISION,S 42nd,1,offpeak,6175,6508,94.8832207
2016-03-01,A DIVISION,S 42nd,1,peak,5936,6693,88.6896758
2016-03-01,A DIVISION,S 42nd,2,offpeak,1679,1704,98.5328638
2016-03-01,A DIVISION,S 42nd,2,peak,988,992,99.5967742
2016-03-01,B DIVISION,A,1,offpeak,12355,16067,76.8967449
2016-03-01,B DIVISION,A,1,peak,8837,12231,72.250838
2016-03-01,B DIVISION,A,2,offpeak,2757,3554,77.5745639
2016-03-01,B DIVISION,A,2,peak,1505,1900,79.2105263
2016-03-01,B DIVISION,B,1,offpeak,8392,10491,79.9923744
2016-03-01,B DIVISION,B,1,peak,6742,8908,75.6847777
2016-03-01,B DIVISION,C,1,offpeak,8400,11009,76.3012081
2016-03-01,B DIVISION,C,1,peak,5001,7008,71.3613014
2016-03-01,B DIVISION,C,2,offpeak,1881,2490,75.5421687
2016-03-01,B DIVISION,C,2,peak,1101,1382,79.6671491
2016-03-01,B DIVISION,D,1,offpeak,12427,15138,82.0914256
2016-03-01,B DIVISION,D,1,peak,7729,10006,77.2436538
2016-03-01,B DIVISION,D,2,offpeak,3792,4490,84.454343
2016-03-01,B DIVISION,D,2,peak,2009,2338,85.9281437
2016-03-01,B DIVISION,E,1,offpeak,12451,15974,77.9454113
2016-03-01,B DIVISION,E,1,peak,8503,11904,71.4297715
2016-03-01,B DIVISION,E,2,offpeak,2114,2467,85.6911228
2016-03-01,B DIVISION,E,2,peak,1072,1265,84.743083
2016-03-01,B DIVISION,F,1,offpeak,21835,29118,74.9879799
2016-03-01,B DIVISION,F,1,peak,15185,21148,71.8034802
2016-03-01,B DIVISION,F,2,offpeak,4682,5902,79.329041
2016-03-01,B DIVISION,F,2,peak,2356,2993,78.7170063
2016-03-01,B DIVISION,G,1,offpeak,9859,11766,83.7922828
2016-03-01,B DIVISION,G,1,peak,5712,7191,79.4326241
2016-03-01,B DIVISION,G,2,offpeak,3149,3557,88.5296598
2016-03-01,B DIVISION,G,2,peak,1678,1880,89.2553191
2016-03-01,B DIVISION,JZ,1,offpeak,9533,11767,81.0147021
2016-03-01,B DIVISION,JZ,1,peak,6537,8861,73.7727119
2016-03-01,B DIVISION,JZ,2,offpeak,3186,3617,88.0840476
2016-03-01,B DIVISION,JZ,2,peak,1755,1984,88.4576613
2016-03-01,B DIVISION,L,1,offpeak,20128,26010,77.3856209
2016-03-01,B DIVISION,L,1,peak,11571,15786,73.2991258
2016-03-01,B DIVISION,L,2,offpeak,5462,7005,77.9728765
2016-03-01,B DIVISION,L,2,peak,2909,3531,82.3845936
2016-03-01,B DIVISION,M,1,offpeak,13030,16450,79.2097264
2016-03-01,B DIVISION,M,1,peak,8349,11241,74.2727515
2016-03-01,B DIVISION,M,2,offpeak,1650,1759,93.8032973
2016-03-01,B DIVISION,M,2,peak,874,936,93.3760684
2016-03-01,B DIVISION,N,1,offpeak,14647,18322,79.9421461
2016-03-01,B DIVISION,N,1,peak,8448,10930,77.2918573
2016-03-01,B DIVISION,N,2,offpeak,4477,5289,84.6473814
2016-03-01,B DIVISION,N,2,peak,2257,2671,84.5001872
2016-03-01,B DIVISION,Q,1,offpeak,11054,13669,80.8691199
2016-03-01,B DIVISION,Q,1,peak,7107,9049,78.5390651
2016-03-01,B DIVISION,Q,2,offpeak,2857,3321,86.0283047
2016-03-01,B DIVISION,Q,2,peak,1523,1777,85.7062465
2016-03-01,B DIVISION,R,1,offpeak,14039,17998,78.0031115
2016-03-01,B DIVISION,R,1,peak,9441,12741,74.0993643
2016-03-01,B DIVISION,R,2,offpeak,3975,4910,80.9572301
2016-03-01,B DIVISION,R,2,peak,2147,2636,81.4491654
2016-03-01,B DIVISION,S Fkln,1,offpeak,1348,1430,94.2657343
2016-03-01,B DIVISION,S Fkln,1,peak,799,828,96.4975845
2016-03-01,B DIVISION,S Fkln,2,offpeak,372,396,93.9393939
2016-03-01,B DIVISION,S Fkln,2,peak,208,217,95.8525346
2016-03-01,B DIVISION,S Rock,1,offpeak,1776,1894,93.7697994
2016-03-01,B DIVISION,S Rock,1,peak,908,965,94.0932642
2016-03-01,B DIVISION,S Rock,2,offpeak,501,525,95.4285714
2016-03-01,B DIVISION,S Rock,2,peak,272,277,98.1949458
2016-04-01,A DIVISION,1,1,offpeak,20068,25149,79.7964134
2016-04-01,A DIVISION,1,1,peak,12572,16779,74.9269921
2016-04-01,A DIVISION,1,2,offpeak,5389,6239,86.3760218
2016-04-01,A DIVISION,1,2,peak,2695,3079,87.5284183
2016-04-01,A DIVISION,2,1,offpeak,20261,27340,74.1075347
2016-04-01,A DIVISION,2,1,peak,11570,17850,64.8179272
2016-04-01,A DIVISION,2,2,offpeak,5803,8117,71.4919305
2016-04-01,A DIVISION,2,2,peak,3134,4119,76.0864287
2016-04-01,A DIVISION,3,1,offpeak,17656,22281,79.2424038
2016-04-01,A DIVISION,3,1,peak,10839,15204,71.2904499
2016-04-01,A DIVISION,3,2,offpeak,5757,6838,84.191284
2016-04-01,A DIVISION,3,2,peak,3041,3490,87.1346705
2016-04-01,A DIVISION,4,1,offpeak,23160,30584,75.7258697
2016-04-01,A DIVISION,4,1,peak,14765,23310,63.3419133
2016-04-01,A DIVISION,4,2,offpeak,5660,8223,68.8313268
2016-04-01,A DIVISION,4,2,peak,3280,4647,70.5831719
2016-04-01,A DIVISION,5,1,offpeak,16684,24035,69.4154358
2016-04-01,A DIVISION,5,1,peak,11633,19672,59.1348109
2016-04-01,A DIVISION,5,2,offpeak,675,885,76.2711864
2016-04-01,A DIVISION,5,2,peak,444,493,90.0608519
2016-04-01,A DIVISION,6,1,offpeak,20174,28390,71.0602325
2016-04-01,A DIVISION,6,1,peak,13228,20685,63.949722
2016-04-01,A DIVISION,6,2,offpeak,5822,7329,79.4378496
2016-04-01,A DIVISION,6,2,peak,3208,3977,80.6638169
2016-04-01,A DIVISION,7,1,offpeak,14210,18062,78.6734581
2016-04-01,A DIVISION,7,1,peak,10103,14947,67.592159
2016-04-01,A DIVISION,7,2,offpeak,3256,3784,86.0465116
2016-04-01,A DIVISION,7,2,peak,1856,2212,83.9059675
2016-04-01,A DIVISION,S 42nd,1,offpeak,5756,5946,96.8045745
2016-04-01,A DIVISION,S 42nd,1,peak,5592,6111,91.5071183
2016-04-01,A DIVISION,S 42nd,2,offpeak,1844,1927,95.6927867
2016-04-01,A DIVISION,S 42nd,2,peak,1115,1132,98.4982332
2016-04-01,B DIVISION,A,1,offpeak,13170,17642,74.6514001
2016-04-01,B DIVISION,A,1,peak,9357,13466,69.4861132
2016-04-01,B DIVISION,A,2,offpeak,4163,5539,75.1579708
2016-04-01,B DIVISION,A,2,peak,2065,2862,72.152341
2016-04-01,B DIVISION,B,1,offpeak,7655,9740,78.5934292
2016-04-01,B DIVISION,B,1,peak,5949,8025,74.1308411
2016-04-01,B DIVISION,C,1,offpeak,8713,11191,77.8572067
2016-04-01,B DIVISION,C,1,peak,5307,7293,72.7684081
2016-04-01,B DIVISION,C,2,offpeak,2369,3037,78.0046098
2016-04-01,B DIVISION,C,2,peak,1255,1654,75.8766626
2016-04-01,B DIVISION,D,1,offpeak,11553,14077,82.0700433
2016-04-01,B DIVISION,D,1,peak,6993,9117,76.7028628
2016-04-01,B DIVISION,D,2,offpeak,3368,4168,80.806142
2016-04-01,B DIVISION,D,2,peak,1756,2129,82.4800376
2016-04-01,B DIVISION,E,1,offpeak,11406,14850,76.8080808
2016-04-01,B DIVISION,E,1,peak,7719,11166,69.1295003
2016-04-01,B DIVISION,E,2,offpeak,2861,3437,83.2411987
2016-04-01,B DIVISION,E,2,peak,1467,1779,82.4620573
2016-04-01,B DIVISION,F,1,offpeak,20108,27037,74.3721567
2016-04-01,B DIVISION,F,1,peak,13966,19727,70.7963705
2016-04-01,B DIVISION,F,2,offpeak,5254,6412,81.9401123
2016-04-01,B DIVISION,F,2,peak,2697,3284,82.1254568
2016-04-01,B DIVISION,G,1,offpeak,8959,10784,83.0767804
2016-04-01,B DIVISION,G,1,peak,5557,6768,82.106974
2016-04-01,B DIVISION,G,2,offpeak,3525,3977,88.6346492
2016-04-01,B DIVISION,G,2,peak,1824,2071,88.0733945
2016-04-01,B DIVISION,JZ,1,offpeak,8565,10716,79.9272116
2016-04-01,B DIVISION,JZ,1,peak,6122,8110,75.487053
2016-04-01,B DIVISION,JZ,2,offpeak,3667,4098,89.4826745
2016-04-01,B DIVISION,JZ,2,peak,2008,2241,89.6028559
2016-04-01,B DIVISION,L,1,offpeak,17429,21801,79.945874
2016-04-01,B DIVISION,L,1,peak,10971,14423,76.0660057
2016-04-01,B DIVISION,L,2,offpeak,5377,6233,86.2666453
2016-04-01,B DIVISION,L,2,peak,2734,3098,88.2504842
2016-04-01,B DIVISION,M,1,offpeak,11116,13820,80.4341534
2016-04-01,B DIVISION,M,1,peak,7630,10268,74.3085314
2016-04-01,B DIVISION,M,2,offpeak,1517,1606,94.4582814
2016-04-01,B DIVISION,M,2,peak,823,863,95.3650058
2016-04-01,B DIVISION,N,1,offpeak,13765,17070,80.6385472
2016-04-01,B DIVISION,N,1,peak,7804,9989,78.1259385
2016-04-01,B DIVISION,N,2,offpeak,5789,6976,82.9845183
2016-04-01,B DIVISION,N,2,peak,2887,3504,82.3915525
2016-04-01,B DIVISION,Q,1,offpeak,10277,12457,82.4997993
2016-04-01,B DIVISION,Q,1,peak,6567,8178,80.300807
2016-04-01,B DIVISION,Q,2,offpeak,3647,4143,88.027999
2016-04-01,B DIVISION,Q,2,peak,1947,2197,88.6208466
2016-04-01,B DIVISION,R,1,offpeak,13009,16545,78.6279843
2016-04-01,B DIVISION,R,1,peak,8547,11547,74.0192258
2016-04-01,B DIVISION,R,2,offpeak,4861,6289,77.2936874
2016-04-01,B DIVISION,R,2,peak,2712,3347,81.0277861
2016-04-01,B DIVISION,S Fkln,1,offpeak,1199,1240,96.6935484
2016-04-01,B DIVISION,S Fkln,1,peak,707,720,98.1944444
2016-04-01,B DIVISION,S Fkln,2,offpeak,508,511,99.4129159
2016-04-01,B DIVISION,S Fkln,2,peak,277,278,99.6402878
2016-04-01,B DIVISION,S Rock,1,offpeak,1669,1771,94.2405421
2016-04-01,B DIVISION,S Rock,1,peak,851,909,93.6193619
2016-04-01,B DIVISION,S Rock,2,offpeak,614,630,97.4603175
2016-04-01,B DIVISION,S Rock,2,peak,335,340,98.5294118
2016-05-01,A DIVISION,1,1,offpeak,20703,25396,81.5207119
2016-05-01,A DIVISION,1,1,peak,12730,16778,75.8731672
2016-05-01,A DIVISION,1,2,offpeak,5123,5680,90.193662
2016-05-01,A DIVISION,1,2,peak,2448,2775,88.2162162
2016-05-01,A DIVISION,2,1,offpeak,20338,27678,73.4807428
2016-05-01,A DIVISION,2,1,peak,11695,17850,65.5182073
2016-05-01,A DIVISION,2,2,offpeak,5790,8217,70.4636729
2016-05-01,A DIVISION,2,2,peak,2877,4157,69.2085639
2016-05-01,A DIVISION,3,1,offpeak,18202,23258,78.2612434
2016-05-01,A DIVISION,3,1,peak,10944,15204,71.9810576
2016-05-01,A DIVISION,3,2,offpeak,6115,7073,86.4555351
2016-05-01,A DIVISION,3,2,peak,3055,3548,86.1048478
2016-05-01,A DIVISION,4,1,offpeak,22590,30631,73.7488166
2016-05-01,A DIVISION,4,1,peak,14776,23310,63.3891034
2016-05-01,A DIVISION,4,2,offpeak,5984,7932,75.4412506
2016-05-01,A DIVISION,4,2,peak,3497,4326,80.8368007
2016-05-01,A DIVISION,5,1,offpeak,16822,24535,68.563277
2016-05-01,A DIVISION,5,1,peak,11686,19675,59.3951715
2016-05-01,A DIVISION,5,2,offpeak,2864,3787,75.6271455
2016-05-01,A DIVISION,5,2,peak,1541,2023,76.173999
2016-05-01,A DIVISION,6,1,offpeak,20379,28249,72.1406067
2016-05-01,A DIVISION,6,1,peak,13596,20685,65.728789
2016-05-01,A DIVISION,6,2,offpeak,5690,6633,85.7832052
2016-05-01,A DIVISION,6,2,peak,2970,3473,85.5168442
2016-05-01,A DIVISION,7,1,offpeak,14711,18828,78.1336308
2016-05-01,A DIVISION,7,1,peak,10787,15704,68.6895059
2016-05-01,A DIVISION,7,2,offpeak,4503,5437,82.8214089
2016-05-01,A DIVISION,7,2,peak,2653,3314,80.054315
2016-05-01,A DIVISION,S 42nd,1,offpeak,5467,5942,92.0060586
2016-05-01,A DIVISION,S 42nd,1,peak,5331,6107,87.29327
2016-05-01,A DIVISION,S 42nd,2,offpeak,1048,1054,99.43074
2016-05-01,A DIVISION,S 42nd,2,peak,601,604,99.5033113
2016-05-01,B DIVISION,A,1,offpeak,14208,19122,74.3018513
2016-05-01,B DIVISION,A,1,peak,10149,14690,69.0878148
2016-05-01,B DIVISION,A,2,offpeak,4161,5786,71.9149672
2016-05-01,B DIVISION,A,2,peak,2226,3055,72.8641571
2016-05-01,B DIVISION,B,1,offpeak,8167,9899,82.5032832
2016-05-01,B DIVISION,B,1,peak,6253,8201,76.2467992
2016-05-01,B DIVISION,C,1,offpeak,9091,11453,79.3765826
2016-05-01,B DIVISION,C,1,peak,5600,7466,75.006697
2016-05-01,B DIVISION,C,2,offpeak,2427,3149,77.0720864
2016-05-01,B DIVISION,C,2,peak,1328,1732,76.6743649
2016-05-01,B DIVISION,D,1,offpeak,11557,14032,82.3617446
2016-05-01,B DIVISION,D,1,peak,7321,9233,79.2916712
2016-05-01,B DIVISION,D,2,offpeak,3275,4042,81.0242454
2016-05-01,B DIVISION,D,2,peak,1753,2072,84.6042471
2016-05-01,B DIVISION,E,1,offpeak,11171,14450,77.3079585
2016-05-01,B DIVISION,E,1,peak,7938,11129,71.3271633
2016-05-01,B DIVISION,E,2,offpeak,2060,2403,85.7261756
2016-05-01,B DIVISION,E,2,peak,1024,1214,84.3492586
2016-05-01,B DIVISION,F,1,offpeak,20059,26573,75.486396
2016-05-01,B DIVISION,F,1,peak,14410,19856,72.5725222
2016-05-01,B DIVISION,F,2,offpeak,3958,5376,73.6235119
2016-05-01,B DIVISION,F,2,peak,2070,2704,76.5532544
2016-05-01,B DIVISION,G,1,offpeak,9156,10903,83.9768871
2016-05-01,B DIVISION,G,1,peak,5421,6738,80.4541407
2016-05-01,B DIVISION,G,2,offpeak,2337,2506,93.2561852
2016-05-01,B DIVISION,G,2,peak,1204,1305,92.2605364
2016-05-01,B DIVISION,JZ,1,offpeak,8779,10915,80.4306001
2016-05-01,B DIVISION,JZ,1,peak,6110,8149,74.978525
2016-05-01,B DIVISION,JZ,2,offpeak,3565,4212,84.6391263
2016-05-01,B DIVISION,JZ,2,peak,2015,2284,88.2224168
2016-05-01,B DIVISION,L,1,offpeak,16969,20948,81.0053466
2016-05-01,B DIVISION,L,1,peak,11017,14424,76.379645
2016-05-01,B DIVISION,L,2,offpeak,6744,8655,77.9202773
2016-05-01,B DIVISION,L,2,peak,3491,4355,80.1607348
2016-05-01,B DIVISION,M,1,offpeak,10854,13422,80.8672329
2016-05-01,B DIVISION,M,1,peak,7625,10096,75.5249604
2016-05-01,B DIVISION,M,2,offpeak,1784,1892,94.2917548
2016-05-01,B DIVISION,M,2,peak,934,988,94.534413
2016-05-01,B DIVISION,N,1,offpeak,13618,17189,79.2250858
2016-05-01,B DIVISION,N,1,peak,7563,10122,74.7184351
2016-05-01,B DIVISION,N,2,offpeak,5154,6100,84.4918033
2016-05-01,B DIVISION,N,2,peak,2659,3081,86.3031483
2016-05-01,B DIVISION,Q,1,offpeak,10319,12921,79.8622398
2016-05-01,B DIVISION,Q,1,peak,6449,8401,76.7646709
2016-05-01,B DIVISION,Q,2,offpeak,2968,3511,84.5343207
2016-05-01,B DIVISION,Q,2,peak,1539,1783,86.3151991
2016-05-01,B DIVISION,R,1,offpeak,12839,16342,78.5644352
2016-05-01,B DIVISION,R,1,peak,8458,11464,73.7787858
2016-05-01,B DIVISION,R,2,offpeak,3937,5096,77.2566719
2016-05-01,B DIVISION,R,2,peak,2169,2711,80.0073774
2016-05-01,B DIVISION,S Fkln,1,offpeak,1494,1522,98.1603154
2016-05-01,B DIVISION,S Fkln,1,peak,879,880,99.8863636
2016-05-01,B DIVISION,S Fkln,2,offpeak,513,531,96.6101695
2016-05-01,B DIVISION,S Fkln,2,peak,284,286,99.3006993
2016-05-01,B DIVISION,S Rock,1,offpeak,1749,1823,95.940757
2016-05-01,B DIVISION,S Rock,1,peak,874,918,95.2069717
2016-05-01,B DIVISION,S Rock,2,offpeak,607,622,97.5884244
2016-05-01,B DIVISION,S Rock,2,peak,324,327,99.0825688
2016-06-01,A DIVISION,1,1,offpeak,21117,26955,78.3416806
2016-06-01,A DIVISION,1,1,peak,13160,17648,74.5693563
2016-06-01,A DIVISION,1,2,offpeak,4924,5746,85.6943961
2016-06-01,A DIVISION,1,2,peak,2388,2791,85.5607309
2016-06-01,A DIVISION,2,1,offpeak,20911,29166,71.6964959
2016-06-01,A DIVISION,2,1,peak,12120,18966,63.9038279
2016-06-01,A DIVISION,2,2,offpeak,5407,7444,72.6356797
2016-06-01,A DIVISION,2,2,peak,2835,3814,74.3314106
2016-06-01,A DIVISION,3,1,offpeak,18608,24471,76.0410282
2016-06-01,A DIVISION,3,1,peak,11530,15956,72.2612184
2016-06-01,A DIVISION,3,2,offpeak,5063,6028,83.9913736
2016-06-01,A DIVISION,3,2,peak,2584,3072,84.1145833
2016-06-01,A DIVISION,4,1,offpeak,23523,32516,72.3428466
2016-06-01,A DIVISION,4,1,peak,15724,24448,64.3160995
2016-06-01,A DIVISION,4,2,offpeak,5045,6834,73.8220661
2016-06-01,A DIVISION,4,2,peak,2813,3746,75.093433
2016-06-01,A DIVISION,5,1,offpeak,17726,26108,67.8948981
2016-06-01,A DIVISION,5,1,peak,12545,20682,60.6566096
2016-06-01,A DIVISION,5,2,offpeak,2457,3547,69.2698055
2016-06-01,A DIVISION,5,2,peak,1306,1964,66.496945
2016-06-01,A DIVISION,6,1,offpeak,20950,30423,68.8623739
2016-06-01,A DIVISION,6,1,peak,14011,21985,63.7298158
2016-06-01,A DIVISION,6,2,offpeak,5151,6351,81.1053377
2016-06-01,A DIVISION,6,2,peak,2724,3371,80.8068822
2016-06-01,A DIVISION,7,1,offpeak,15715,19932,78.8430664
2016-06-01,A DIVISION,7,1,peak,11440,16566,69.0571049
2016-06-01,A DIVISION,7,2,offpeak,3923,4744,82.6939292
2016-06-01,A DIVISION,7,2,peak,2340,2935,79.7274276
2016-06-01,A DIVISION,S 42nd,1,offpeak,6395,6640,96.310241
2016-06-01,A DIVISION,S 42nd,1,peak,5583,6402,87.2071228
2016-06-01,A DIVISION,S 42nd,2,offpeak,1688,1728,97.6851852
2016-06-01,A DIVISION,S 42nd,2,peak,1014,1028,98.6381323
2016-06-01,B DIVISION,A,1,offpeak,14109,19572,72.0876763
2016-06-01,B DIVISION,A,1,peak,10045,14551,69.0330561
2016-06-01,B DIVISION,A,2,offpeak,3555,4762,74.6535069
2016-06-01,B DIVISION,A,2,peak,1868,2464,75.8116883
2016-06-01,B DIVISION,B,1,offpeak,8224,10362,79.3669176
2016-06-01,B DIVISION,B,1,peak,6318,8386,75.3398521
2016-06-01,B DIVISION,C,1,offpeak,9410,12239,76.8853665
2016-06-01,B DIVISION,C,1,peak,5655,7796,72.5371986
2016-06-01,B DIVISION,C,2,offpeak,2214,2823,78.4272051
2016-06-01,B DIVISION,C,2,peak,1262,1568,80.4846939
2016-06-01,B DIVISION,D,1,offpeak,12141,14839,81.8181818
2016-06-01,B DIVISION,D,1,peak,7457,9644,77.3226877
2016-06-01,B DIVISION,D,2,offpeak,3429,4605,74.4625407
2016-06-01,B DIVISION,D,2,peak,1679,2360,71.1440678
2016-06-01,B DIVISION,E,1,offpeak,9883,13119,75.3334858
2016-06-01,B DIVISION,E,1,peak,6390,9343,68.3934496
2016-06-01,B DIVISION,E,2,offpeak,1398,1580,88.4810127
2016-06-01,B DIVISION,E,2,peak,685,787,87.0393901
2016-06-01,B DIVISION,F,1,offpeak,19276,25861,74.5369475
2016-06-01,B DIVISION,F,1,peak,13025,18495,70.424439
2016-06-01,B DIVISION,F,2,offpeak,4230,5271,80.2504269
2016-06-01,B DIVISION,F,2,peak,2037,2630,77.4524715
2016-06-01,B DIVISION,G,1,offpeak,9638,11609,83.0217934
2016-06-01,B DIVISION,G,1,peak,5695,7220,78.8781163
2016-06-01,B DIVISION,G,2,offpeak,1428,1606,88.9165629
2016-06-01,B DIVISION,G,2,peak,738,825,89.4545455
2016-06-01,B DIVISION,JZ,1,offpeak,9711,11709,82.9362029
2016-06-01,B DIVISION,JZ,1,peak,6406,8554,74.8889408
2016-06-01,B DIVISION,JZ,2,offpeak,3213,3761,85.4294071
2016-06-01,B DIVISION,JZ,2,peak,1746,2029,86.0522425
2016-06-01,B DIVISION,L,1,offpeak,17927,23231,77.1684387
2016-06-01,B DIVISION,L,1,peak,11493,15104,76.0924258
2016-06-01,B DIVISION,L,2,offpeak,6165,7893,78.1071836
2016-06-01,B DIVISION,L,2,peak,3052,3835,79.5827901
2016-06-01,B DIVISION,M,1,offpeak,9989,12619,79.1584119
2016-06-01,B DIVISION,M,1,peak,6814,8995,75.7531962
2016-06-01,B DIVISION,M,2,offpeak,1604,1790,89.6089385
2016-06-01,B DIVISION,M,2,peak,843,952,88.5504202
2016-06-01,B DIVISION,N,1,offpeak,14454,18218,79.3391152
2016-06-01,B DIVISION,N,1,peak,8269,10736,77.021237
2016-06-01,B DIVISION,N,2,offpeak,4590,5532,82.9718004
2016-06-01,B DIVISION,N,2,peak,2336,2776,84.1498559
2016-06-01,B DIVISION,Q,1,offpeak,11227,14067,79.810905
2016-06-01,B DIVISION,Q,1,peak,6777,8623,78.5921373
2016-06-01,B DIVISION,Q,2,offpeak,2716,3127,86.8564119
2016-06-01,B DIVISION,Q,2,peak,1397,1605,87.0404984
2016-06-01,B DIVISION,R,1,offpeak,12293,15648,78.5595603
2016-06-01,B DIVISION,R,1,peak,8178,10898,75.041292
2016-06-01,B DIVISION,R,2,offpeak,3667,4452,82.3674753
2016-06-01,B DIVISION,R,2,peak,2015,2410,83.6099585
2016-06-01,B DIVISION,S Fkln,1,offpeak,1326,1370,96.7883212
2016-06-01,B DIVISION,S Fkln,1,peak,781,792,98.6111111
2016-06-01,B DIVISION,S Fkln,2,offpeak,452,477,94.7589099
2016-06-01,B DIVISION,S Fkln,2,peak,251,259,96.9111969
2016-06-01,B DIVISION,S Rock,1,offpeak,1694,1822,92.974753
2016-06-01,B DIVISION,S Rock,1,peak,849,928,91.487069
2016-06-01,B DIVISION,S Rock,2,offpeak,239,247,96.7611336
2016-06-01,B DIVISION,S Rock,2,peak,122,130,93.8461538
2016-07-01,A DIVISION,1,1,offpeak,19026,23479,81.0341156
2016-07-01,A DIVISION,1,1,peak,11498,15276,75.2683949
2016-07-01,A DIVISION,1,2,offpeak,6298,7282,86.4872288
2016-07-01,A DIVISION,1,2,peak,3203,3568,89.7701794
2016-07-01,A DIVISION,2,1,offpeak,18214,25310,71.9636507
2016-07-01,A DIVISION,2,1,peak,10473,16511,63.4304403
2016-07-01,A DIVISION,2,2,offpeak,6699,9161,73.1252047
2016-07-01,A DIVISION,2,2,peak,3587,4654,77.0734852
2016-07-01,A DIVISION,3,1,offpeak,15841,21131,74.9656902
2016-07-01,A DIVISION,3,1,peak,9931,13794,71.9950703
2016-07-01,A DIVISION,3,2,offpeak,6515,7683,84.7976051
2016-07-01,A DIVISION,3,2,peak,3400,3885,87.5160875
2016-07-01,A DIVISION,4,1,offpeak,20443,28275,72.3006189
2016-07-01,A DIVISION,4,1,peak,13497,21128,63.8820523
2016-07-01,A DIVISION,4,2,offpeak,6702,9009,74.3922744
2016-07-01,A DIVISION,4,2,peak,3588,4918,72.9564864
2016-07-01,A DIVISION,5,1,offpeak,15866,22732,69.7958825
2016-07-01,A DIVISION,5,1,peak,10766,17894,60.1654186
2016-07-01,A DIVISION,5,2,offpeak,2570,3270,78.5932722
2016-07-01,A DIVISION,5,2,peak,1453,1789,81.2185579
2016-07-01,A DIVISION,6,1,offpeak,18259,26767,68.2145926
2016-07-01,A DIVISION,6,1,peak,12110,19342,62.6098645
2016-07-01,A DIVISION,6,2,offpeak,5247,6713,78.1617757
2016-07-01,A DIVISION,6,2,peak,2788,3499,79.6799085
2016-07-01,A DIVISION,7,1,offpeak,14035,18159,77.2894983
2016-07-01,A DIVISION,7,1,peak,10431,15302,68.1675598
2016-07-01,A DIVISION,7,2,offpeak,4812,5897,81.600814
2016-07-01,A DIVISION,7,2,peak,2792,3508,79.5895097
2016-07-01,A DIVISION,S 42nd,1,offpeak,5481,5943,92.2261484
2016-07-01,A DIVISION,S 42nd,1,peak,4463,5529,80.7198408
2016-07-01,A DIVISION,S 42nd,2,offpeak,2098,2130,98.4976526
2016-07-01,A DIVISION,S 42nd,2,peak,1226,1240,98.8709677
2016-07-01,B DIVISION,A,1,offpeak,13455,18578,72.4243729
2016-07-01,B DIVISION,A,1,peak,9339,13656,68.387522
2016-07-01,B DIVISION,A,2,offpeak,4659,6483,71.8648774
2016-07-01,B DIVISION,A,2,peak,2379,3390,70.1769912
2016-07-01,B DIVISION,B,1,offpeak,7098,8818,80.4944432
2016-07-01,B DIVISION,B,1,peak,5061,6739,75.1001632
2016-07-01,B DIVISION,C,1,offpeak,7961,11035,72.1431808
2016-07-01,B DIVISION,C,1,peak,4926,7015,70.2209551
2016-07-01,B DIVISION,C,2,offpeak,2915,3657,79.7101449
2016-07-01,B DIVISION,C,2,peak,1550,2037,76.0922926
2016-07-01,B DIVISION,D,1,offpeak,10246,12883,79.5311651
2016-07-01,B DIVISION,D,1,peak,6304,8260,76.3196126
2016-07-01,B DIVISION,D,2,offpeak,4470,5512,81.095791
2016-07-01,B DIVISION,D,2,peak,2246,2766,81.2002892
2016-07-01,B DIVISION,E,1,offpeak,10578,14196,74.5139476
2016-07-01,B DIVISION,E,1,peak,7006,10145,69.0586496
2016-07-01,B DIVISION,E,2,offpeak,2813,3291,85.4755393
2016-07-01,B DIVISION,E,2,peak,1475,1663,88.6951293
2016-07-01,B DIVISION,F,1,offpeak,18441,25081,73.5257765
2016-07-01,B DIVISION,F,1,peak,12257,17721,69.1665256
2016-07-01,B DIVISION,F,2,offpeak,5887,7281,80.8542783
2016-07-01,B DIVISION,F,2,peak,2989,3640,82.1153846
2016-07-01,B DIVISION,G,1,offpeak,8849,10513,84.1719776
2016-07-01,B DIVISION,G,1,peak,5206,6536,79.6511628
2016-07-01,B DIVISION,G,2,offpeak,2769,2977,93.0131004
2016-07-01,B DIVISION,G,2,peak,1464,1556,94.0874036
2016-07-01,B DIVISION,JZ,1,offpeak,8128,10162,79.9842551
2016-07-01,B DIVISION,JZ,1,peak,5332,7352,72.5244831
2016-07-01,B DIVISION,JZ,2,offpeak,3979,4521,88.0115019
2016-07-01,B DIVISION,JZ,2,peak,2179,2447,89.0478136
2016-07-01,B DIVISION,L,1,offpeak,16975,22561,75.2404592
2016-07-01,B DIVISION,L,1,peak,10160,13717,74.0686739
2016-07-01,B DIVISION,L,2,offpeak,7500,9101,82.4085265
2016-07-01,B DIVISION,L,2,peak,3731,4578,81.4984709
2016-07-01,B DIVISION,M,1,offpeak,10776,13551,79.5218065
2016-07-01,B DIVISION,M,1,peak,6885,9467,72.7263125
2016-07-01,B DIVISION,M,2,offpeak,2233,2316,96.4162349
2016-07-01,B DIVISION,M,2,peak,1182,1239,95.3995157
2016-07-01,B DIVISION,N,1,offpeak,12449,16115,77.2510084
2016-07-01,B DIVISION,N,1,peak,6993,9559,73.1561879
2016-07-01,B DIVISION,N,2,offpeak,5633,6973,80.7830202
2016-07-01,B DIVISION,N,2,peak,2703,3399,79.5233892
2016-07-01,B DIVISION,Q,1,offpeak,10406,13359,77.895052
2016-07-01,B DIVISION,Q,1,peak,6490,8593,75.5265914
2016-07-01,B DIVISION,Q,2,offpeak,3495,3937,88.7731775
2016-07-01,B DIVISION,Q,2,peak,1788,1985,90.0755668
2016-07-01,B DIVISION,R,1,offpeak,11887,15409,77.143228
2016-07-01,B DIVISION,R,1,peak,7921,10901,72.6630584
2016-07-01,B DIVISION,R,2,offpeak,5152,6365,80.9426551
2016-07-01,B DIVISION,R,2,peak,2742,3317,82.6650588
2016-07-01,B DIVISION,S Fkln,1,offpeak,1253,1336,93.7874251
2016-07-01,B DIVISION,S Fkln,1,peak,730,774,94.3152455
2016-07-01,B DIVISION,S Fkln,2,offpeak,641,666,96.2462462
2016-07-01,B DIVISION,S Fkln,2,peak,338,365,92.6027397
2016-07-01,B DIVISION,S Rock,1,offpeak,1525,1610,94.7204969
2016-07-01,B DIVISION,S Rock,1,peak,789,819,96.3369963
2016-07-01,B DIVISION,S Rock,2,offpeak,432,460,93.9130435
2016-07-01,B DIVISION,S Rock,2,peak,225,251,89.6414343
2016-08-01,A DIVISION,1,1,offpeak,22741,28427,79.9978893
2016-08-01,A DIVISION,1,1,peak,13780,18492,74.5187108
2016-08-01,A DIVISION,1,2,offpeak,4261,5706,74.6757799
2016-08-01,A DIVISION,1,2,peak,2215,2765,80.1084991
2016-08-01,A DIVISION,2,1,offpeak,19262,26603,72.4053678
2016-08-01,A DIVISION,2,1,peak,11215,17380,64.5281933
2016-08-01,A DIVISION,2,2,offpeak,4151,5482,75.7205399
2016-08-01,A DIVISION,2,2,peak,2173,2790,77.8853047
2016-08-01,A DIVISION,3,1,offpeak,18909,25529,74.0687062
2016-08-01,A DIVISION,3,1,peak,11878,16698,71.1342676
2016-08-01,A DIVISION,3,2,offpeak,3983,4517,88.1779942
2016-08-01,A DIVISION,3,2,peak,2057,2332,88.2075472
2016-08-01,A DIVISION,4,1,offpeak,25645,34222,74.9371749
2016-08-01,A DIVISION,4,1,peak,16591,25576,64.8694088
2016-08-01,A DIVISION,4,2,offpeak,5996,8639,69.4061813
2016-08-01,A DIVISION,4,2,peak,3332,4720,70.5932203
2016-08-01,A DIVISION,5,1,offpeak,19084,27591,69.1674821
2016-08-01,A DIVISION,5,1,peak,13268,21663,61.247288
2016-08-01,A DIVISION,5,2,offpeak,1873,2433,76.9831484
2016-08-01,A DIVISION,5,2,peak,1002,1292,77.5541796
2016-08-01,A DIVISION,6,1,offpeak,21278,31694,67.1357355
2016-08-01,A DIVISION,6,1,peak,15029,22774,65.9919206
2016-08-01,A DIVISION,6,2,offpeak,5173,6264,82.583014
2016-08-01,A DIVISION,6,2,peak,2841,3304,85.9866828
2016-08-01,A DIVISION,7,1,offpeak,16327,20813,78.4461635
2016-08-01,A DIVISION,7,1,peak,12225,17627,69.3538322
2016-08-01,A DIVISION,7,2,offpeak,4185,5114,81.8341807
2016-08-01,A DIVISION,7,2,peak,2562,3256,78.6855037
2016-08-01,A DIVISION,S 42nd,1,offpeak,6884,7191,95.7307746
2016-08-01,A DIVISION,S 42nd,1,peak,5782,6693,86.3887644
2016-08-01,A DIVISION,S 42nd,2,offpeak,1692,1705,99.2375367
2016-08-01,A DIVISION,S 42nd,2,peak,955,992,96.2701613
2016-08-01,B DIVISION,A,1,offpeak,15971,21928,72.8338198
2016-08-01,B DIVISION,A,1,peak,10919,15856,68.8635217
2016-08-01,B DIVISION,A,2,offpeak,4269,5747,74.2822342
2016-08-01,B DIVISION,A,2,peak,2276,3052,74.5740498
2016-08-01,B DIVISION,B,1,offpeak,8704,10932,79.6194658
2016-08-01,B DIVISION,B,1,peak,6512,8835,73.7068478
2016-08-01,B DIVISION,C,1,offpeak,9913,13334,74.3437828
2016-08-01,B DIVISION,C,1,peak,5942,8239,72.120403
2016-08-01,B DIVISION,C,2,offpeak,2673,3556,75.1687289
2016-08-01,B DIVISION,C,2,peak,1441,2009,71.7272275
2016-08-01,B DIVISION,D,1,offpeak,12581,15624,80.5235535
2016-08-01,B DIVISION,D,1,peak,7600,10003,75.9772068
2016-08-01,B DIVISION,D,2,offpeak,3562,4168,85.4606526
2016-08-01,B DIVISION,D,2,peak,1761,2130,82.6760563
2016-08-01,B DIVISION,E,1,offpeak,13287,17800,74.6460674
2016-08-01,B DIVISION,E,1,peak,8558,12150,70.436214
2016-08-01,B DIVISION,E,2,offpeak,2270,2673,84.9233071
2016-08-01,B DIVISION,E,2,peak,1180,1367,86.3204097
2016-08-01,B DIVISION,F,1,offpeak,21703,28923,75.0371677
2016-08-01,B DIVISION,F,1,peak,14421,20213,71.3451739
2016-08-01,B DIVISION,F,2,offpeak,4560,5696,80.0561798
2016-08-01,B DIVISION,F,2,peak,2310,2879,80.2361931
2016-08-01,B DIVISION,G,1,offpeak,10454,12206,85.6464034
2016-08-01,B DIVISION,G,1,peak,6273,7687,81.6053077
2016-08-01,B DIVISION,G,2,offpeak,3187,3693,86.2984024
2016-08-01,B DIVISION,G,2,peak,1747,1983,88.0988401
2016-08-01,B DIVISION,JZ,1,offpeak,9665,12050,80.2074689
2016-08-01,B DIVISION,JZ,1,peak,6227,8699,71.5829406
2016-08-01,B DIVISION,JZ,2,offpeak,3301,3805,86.7542707
2016-08-01,B DIVISION,JZ,2,peak,1745,2068,84.3810445
2016-08-01,B DIVISION,L,1,offpeak,19750,25464,77.5604775
2016-08-01,B DIVISION,L,1,peak,11831,15792,74.9176798
2016-08-01,B DIVISION,L,2,offpeak,5155,6197,83.1854123
2016-08-01,B DIVISION,L,2,peak,2623,3060,85.7189542
2016-08-01,B DIVISION,M,1,offpeak,12526,16234,77.1590489
2016-08-01,B DIVISION,M,1,peak,7858,10932,71.8807172
2016-08-01,B DIVISION,M,2,offpeak,1222,1303,93.7835764
2016-08-01,B DIVISION,M,2,peak,622,656,94.8170732
2016-08-01,B DIVISION,N,1,offpeak,15265,19339,78.9337608
2016-08-01,B DIVISION,N,1,peak,8687,11417,76.0882894
2016-08-01,B DIVISION,N,2,offpeak,4545,5449,83.4098
2016-08-01,B DIVISION,N,2,peak,2325,2706,85.9201774
2016-08-01,B DIVISION,Q,1,offpeak,13338,16564,80.524028
2016-08-01,B DIVISION,Q,1,peak,8293,10793,76.8368387
2016-08-01,B DIVISION,Q,2,offpeak,2617,2896,90.3660221
2016-08-01,B DIVISION,Q,2,peak,1301,1460,89.109589
2016-08-01,B DIVISION,R,1,offpeak,14241,18357,77.5780356
2016-08-01,B DIVISION,R,1,peak,9208,12741,72.2706224
2016-08-01,B DIVISION,R,2,offpeak,4131,5039,81.9805517
2016-08-01,B DIVISION,R,2,peak,2174,2635,82.5047438
2016-08-01,B DIVISION,S Fkln,1,offpeak,1536,1581,97.1537002
2016-08-01,B DIVISION,S Fkln,1,peak,921,926,99.4600432
2016-08-01,B DIVISION,S Fkln,2,offpeak,498,500,99.6
2016-08-01,B DIVISION,S Fkln,2,peak,274,274,100
2016-08-01,B DIVISION,S Rock,1,offpeak,1767,1878,94.0894569
2016-08-01,B DIVISION,S Rock,1,peak,909,963,94.3925234
2016-08-01,B DIVISION,S Rock,2,offpeak,490,538,91.0780669
2016-08-01,B DIVISION,S Rock,2,peak,263,287,91.6376307
2016-09-01,A DIVISION,1,1,offpeak,20556,25935,79.2596877
2016-09-01,A DIVISION,1,1,peak,11638,16894,68.8883627
2016-09-01,A DIVISION,1,2,offpeak,3843,5432,70.7474227
2016-09-01,A DIVISION,1,2,peak,1902,2637,72.1274175
2016-09-01,A DIVISION,2,1,offpeak,19617,28068,69.8909791
2016-09-01,A DIVISION,2,1,peak,11075,18241,60.7148731
2016-09-01,A DIVISION,2,2,offpeak,3338,4381,76.1926501
2016-09-01,A DIVISION,2,2,peak,1661,2144,77.4720149
2016-09-01,A DIVISION,3,1,offpeak,17058,23116,73.7930438
2016-09-01,A DIVISION,3,1,peak,9661,15040,64.2353723
2016-09-01,A DIVISION,3,2,offpeak,2087,2330,89.5708155
2016-09-01,A DIVISION,3,2,peak,1015,1150,88.2608696
2016-09-01,A DIVISION,4,1,offpeak,22799,31274,72.9008122
2016-09-01,A DIVISION,4,1,peak,14593,23352,62.4914354
2016-09-01,A DIVISION,4,2,offpeak,5326,7429,71.6920178
2016-09-01,A DIVISION,4,2,peak,2870,4012,71.5353938
2016-09-01,A DIVISION,5,1,offpeak,17247,25219,68.3889131
2016-09-01,A DIVISION,5,1,peak,11361,19782,57.4309979
2016-09-01,A DIVISION,5,2,offpeak,3097,4068,76.1307768
2016-09-01,A DIVISION,5,2,peak,1666,2088,79.789272
2016-09-01,A DIVISION,6,1,offpeak,19621,29481,66.5547302
2016-09-01,A DIVISION,6,1,peak,13224,20795,63.5922097
2016-09-01,A DIVISION,6,2,offpeak,4605,5428,84.8378777
2016-09-01,A DIVISION,6,2,peak,2474,2859,86.5337531
2016-09-01,A DIVISION,7,1,offpeak,15132,18991,79.6798483
2016-09-01,A DIVISION,7,1,peak,11321,16095,70.3386145
2016-09-01,A DIVISION,7,2,offpeak,4278,5117,83.603674
2016-09-01,A DIVISION,7,2,peak,2637,3260,80.8895706
2016-09-01,A DIVISION,S 42nd,1,offpeak,6340,6572,96.4698722
2016-09-01,A DIVISION,S 42nd,1,peak,5270,6111,86.2379316
2016-09-01,A DIVISION,S 42nd,2,offpeak,1555,1706,91.1488863
2016-09-01,A DIVISION,S 42nd,2,peak,962,992,96.9758065
2016-09-01,B DIVISION,A,1,offpeak,13892,19300,71.9792746
2016-09-01,B DIVISION,A,1,peak,9564,14151,67.5853297
2016-09-01,B DIVISION,A,2,offpeak,4003,5291,75.6567757
2016-09-01,B DIVISION,A,2,peak,2086,2753,75.7718852
2016-09-01,B DIVISION,B,1,offpeak,7911,9960,79.4277108
2016-09-01,B DIVISION,B,1,peak,5935,8084,73.4166254
2016-09-01,B DIVISION,C,1,offpeak,8624,11756,73.3582851
2016-09-01,B DIVISION,C,1,peak,5109,7252,70.4495312
2016-09-01,B DIVISION,C,2,offpeak,2528,3191,79.2228142
2016-09-01,B DIVISION,C,2,peak,1410,1797,78.4641068
2016-09-01,B DIVISION,D,1,offpeak,11459,14212,80.6290459
2016-09-01,B DIVISION,D,1,peak,7121,9173,77.6300011
2016-09-01,B DIVISION,D,2,offpeak,3091,3797,81.4063735
2016-09-01,B DIVISION,D,2,peak,1571,1963,80.0305655
2016-09-01,B DIVISION,E,1,offpeak,12238,16475,74.2822458
2016-09-01,B DIVISION,E,1,peak,7845,11223,69.901096
2016-09-01,B DIVISION,E,2,offpeak,2267,2739,82.7674334
2016-09-01,B DIVISION,E,2,peak,1167,1405,83.0604982
2016-09-01,B DIVISION,F,1,offpeak,20213,27379,73.8266555
2016-09-01,B DIVISION,F,1,peak,13173,18889,69.7390015
2016-09-01,B DIVISION,F,2,offpeak,4271,5469,78.0947157
2016-09-01,B DIVISION,F,2,peak,2214,2772,79.8701299
2016-09-01,B DIVISION,G,1,offpeak,9593,11476,83.5918438
2016-09-01,B DIVISION,G,1,peak,5622,7076,79.4516676
2016-09-01,B DIVISION,G,2,offpeak,3321,3709,89.5389593
2016-09-01,B DIVISION,G,2,peak,1748,1985,88.0604534
2016-09-01,B DIVISION,JZ,1,offpeak,9260,11378,81.3851292
2016-09-01,B DIVISION,JZ,1,peak,5882,8147,72.1983552
2016-09-01,B DIVISION,JZ,2,offpeak,3092,3700,83.5675676
2016-09-01,B DIVISION,JZ,2,peak,1656,1995,83.0075188
2016-09-01,B DIVISION,L,1,offpeak,18021,23089,78.0501538
2016-09-01,B DIVISION,L,1,peak,11060,14441,76.5874939
2016-09-01,B DIVISION,L,2,offpeak,6487,8251,78.6207732
2016-09-01,B DIVISION,L,2,peak,3354,4143,80.9558291
2016-09-01,B DIVISION,M,1,offpeak,11434,14675,77.9148211
2016-09-01,B DIVISION,M,1,peak,7166,9978,71.8179996
2016-09-01,B DIVISION,M,2,offpeak,1415,1500,94.3333333
2016-09-01,B DIVISION,M,2,peak,738,761,96.977661
2016-09-01,B DIVISION,N,1,offpeak,13916,17660,78.799547
2016-09-01,B DIVISION,N,1,peak,7828,10461,74.8303221
2016-09-01,B DIVISION,N,2,offpeak,4701,5772,81.4449064
2016-09-01,B DIVISION,N,2,peak,2388,2904,82.231405
2016-09-01,B DIVISION,Q,1,offpeak,11592,14905,77.7725595
2016-09-01,B DIVISION,Q,1,peak,7366,9873,74.6075154
2016-09-01,B DIVISION,Q,2,offpeak,2802,3166,88.5028427
2016-09-01,B DIVISION,Q,2,peak,1477,1611,91.682185
2016-09-01,B DIVISION,R,1,offpeak,13222,16816,78.6274976
2016-09-01,B DIVISION,R,1,peak,8485,11792,71.9555631
2016-09-01,B DIVISION,R,2,offpeak,4004,5174,77.3869347
2016-09-01,B DIVISION,R,2,peak,2236,2777,80.5185452
2016-09-01,B DIVISION,S Fkln,1,offpeak,1803,1839,98.0424144
2016-09-01,B DIVISION,S Fkln,1,peak,1063,1067,99.6251172
2016-09-01,B DIVISION,S Fkln,2,offpeak,728,738,98.6449864
2016-09-01,B DIVISION,S Fkln,2,peak,420,425,98.8235294
2016-09-01,B DIVISION,S Rock,1,offpeak,1674,1788,93.6241611
2016-09-01,B DIVISION,S Rock,1,peak,833,891,93.4904602
2016-09-01,B DIVISION,S Rock,2,offpeak,546,594,91.9191919
2016-09-01,B DIVISION,S Rock,2,peak,295,317,93.0599369
2016-10-01,A DIVISION,1,1,offpeak,20589,25939,79.3746868
2016-10-01,A DIVISION,1,1,peak,11886,16894,70.3563395
2016-10-01,A DIVISION,1,2,offpeak,4743,7265,65.285616
2016-10-01,A DIVISION,1,2,peak,2342,3568,65.6390135
2016-10-01,A DIVISION,2,1,offpeak,20053,28065,71.4519865
2016-10-01,A DIVISION,2,1,peak,11410,18241,62.5513952
2016-10-01,A DIVISION,2,2,offpeak,4491,6114,73.454367
2016-10-01,A DIVISION,2,2,peak,2264,2979,75.9986573
2016-10-01,A DIVISION,3,1,offpeak,17342,23158,74.8855687
2016-10-01,A DIVISION,3,1,peak,10159,15035,67.5690057
2016-10-01,A DIVISION,3,2,offpeak,2484,3046,81.5495732
2016-10-01,A DIVISION,3,2,peak,1204,1548,77.7777778
2016-10-01,A DIVISION,4,1,offpeak,22667,31287,72.4486208
2016-10-01,A DIVISION,4,1,peak,14297,23352,61.223878
2016-10-01,A DIVISION,4,2,offpeak,7547,9934,75.9714113
2016-10-01,A DIVISION,4,2,peak,4175,5416,77.0864106
2016-10-01,A DIVISION,5,1,offpeak,16978,24666,68.83159
2016-10-01,A DIVISION,5,1,peak,11804,19784,59.6643753
2016-10-01,A DIVISION,5,2,offpeak,3952,4917,80.3742119
2016-10-01,A DIVISION,5,2,peak,2128,2509,84.8146672
2016-10-01,A DIVISION,6,1,offpeak,18834,29351,64.1681714
2016-10-01,A DIVISION,6,1,peak,13073,20765,62.9568986
2016-10-01,A DIVISION,6,2,offpeak,6304,7831,80.5005746
2016-10-01,A DIVISION,6,2,peak,3419,4131,82.7644638
2016-10-01,A DIVISION,7,1,offpeak,15023,19086,78.712145
2016-10-01,A DIVISION,7,1,peak,10693,16008,66.7978511
2016-10-01,A DIVISION,7,2,offpeak,4150,5300,78.3018868
2016-10-01,A DIVISION,7,2,peak,2504,3067,81.6432996
2016-10-01,A DIVISION,S 42nd,1,offpeak,6356,6570,96.7427702
2016-10-01,A DIVISION,S 42nd,1,peak,5345,6111,87.4652266
2016-10-01,A DIVISION,S 42nd,2,offpeak,2081,2132,97.6078799
2016-10-01,A DIVISION,S 42nd,2,peak,1226,1240,98.8709677
2016-10-01,B DIVISION,A,1,offpeak,13512,18870,71.6057234
2016-10-01,B DIVISION,A,1,peak,8852,13702,64.6037075
2016-10-01,B DIVISION,A,2,offpeak,4412,5750,76.7304348
2016-10-01,B DIVISION,A,2,peak,2312,3024,76.4550265
2016-10-01,B DIVISION,B,1,offpeak,7410,9905,74.8107017
2016-10-01,B DIVISION,B,1,peak,5651,7854,71.9505984
2016-10-01,B DIVISION,C,1,offpeak,8517,11194,76.0854029
2016-10-01,B DIVISION,C,1,peak,4820,6966,69.1932242
2016-10-01,B DIVISION,C,2,offpeak,2698,3421,78.8658287
2016-10-01,B DIVISION,C,2,peak,1442,1877,76.8247203
2016-10-01,B DIVISION,D,1,offpeak,11212,14131,79.3432878
2016-10-01,B DIVISION,D,1,peak,6882,9162,75.1146038
2016-10-01,B DIVISION,D,2,offpeak,3911,4767,82.0432138
2016-10-01,B DIVISION,D,2,peak,1917,2393,80.1086502
2016-10-01,B DIVISION,E,1,offpeak,10752,14448,74.4186047
2016-10-01,B DIVISION,E,1,peak,6472,9710,66.6529351
2016-10-01,B DIVISION,E,2,offpeak,2126,2581,82.371174
2016-10-01,B DIVISION,E,2,peak,1032,1346,76.6716196
2016-10-01,B DIVISION,F,1,offpeak,19417,26027,74.6032966
2016-10-01,B DIVISION,F,1,peak,12292,17650,69.6430595
2016-10-01,B DIVISION,F,2,offpeak,5834,7183,81.2195462
2016-10-01,B DIVISION,F,2,peak,2870,3613,79.4353723
2016-10-01,B DIVISION,G,1,offpeak,9551,11375,83.9648352
2016-10-01,B DIVISION,G,1,peak,5633,7052,79.8780488
2016-10-01,B DIVISION,G,2,offpeak,4244,4706,90.1827454
2016-10-01,B DIVISION,G,2,peak,2249,2496,90.1041667
2016-10-01,B DIVISION,JZ,1,offpeak,9218,11128,82.8360891
2016-10-01,B DIVISION,JZ,1,peak,5891,8012,73.5272092
2016-10-01,B DIVISION,JZ,2,offpeak,3632,4399,82.5642191
2016-10-01,B DIVISION,JZ,2,peak,1886,2341,80.5638616
2016-10-01,B DIVISION,L,1,offpeak,17217,22349,77.0370039
2016-10-01,B DIVISION,L,1,peak,10359,14413,71.872615
2016-10-01,B DIVISION,L,2,offpeak,8254,10302,80.120365
2016-10-01,B DIVISION,L,2,peak,4197,5184,80.9606481
2016-10-01,B DIVISION,M,1,offpeak,11114,14437,76.9827526
2016-10-01,B DIVISION,M,1,peak,6635,9102,72.8960668
2016-10-01,B DIVISION,M,2,offpeak,1759,1852,94.9784017
2016-10-01,B DIVISION,M,2,peak,879,947,92.8194298
2016-10-01,B DIVISION,N,1,offpeak,13187,17259,76.4065125
2016-10-01,B DIVISION,N,1,peak,7695,10290,74.7813411
2016-10-01,B DIVISION,N,2,offpeak,5988,7683,77.9383053
2016-10-01,B DIVISION,N,2,peak,3075,3824,80.4131799
2016-10-01,B DIVISION,Q,1,offpeak,10571,14362,73.6039549
2016-10-01,B DIVISION,Q,1,peak,6689,8849,75.5904622
2016-10-01,B DIVISION,Q,2,offpeak,3550,4141,85.728085
2016-10-01,B DIVISION,Q,2,peak,1843,2132,86.4446529
2016-10-01,B DIVISION,R,1,offpeak,11436,15078,75.8456029
2016-10-01,B DIVISION,R,1,peak,7531,10562,71.3027836
2016-10-01,B DIVISION,R,2,offpeak,5028,6449,77.9655761
2016-10-01,B DIVISION,R,2,peak,2792,3393,82.2870616
2016-10-01,B DIVISION,S Fkln,1,offpeak,1942,1991,97.5389252
2016-10-01,B DIVISION,S Fkln,1,peak,1118,1126,99.2895204
2016-10-01,B DIVISION,S Fkln,2,offpeak,1024,1034,99.032882
2016-10-01,B DIVISION,S Fkln,2,peak,538,562,95.7295374
2016-10-01,B DIVISION,S Rock,1,offpeak,1644,1789,91.8949134
2016-10-01,B DIVISION,S Rock,1,peak,845,896,94.3080357
2016-10-01,B DIVISION,S Rock,2,offpeak,676,693,97.5468975
2016-10-01,B DIVISION,S Rock,2,peak,350,360,97.2222222
2016-11-01,A DIVISION,1,1,offpeak,20237,25930,78.0447358
2016-11-01,A DIVISION,1,1,peak,11995,16777,71.4966919
2016-11-01,A DIVISION,1,2,offpeak,4355,5236,83.1741788
2016-11-01,A DIVISION,1,2,peak,2082,2551,81.6150529
2016-11-01,A DIVISION,2,1,offpeak,20607,27972,73.6700987
2016-11-01,A DIVISION,2,1,peak,11420,18186,62.795557
2016-11-01,A DIVISION,2,2,offpeak,5523,7842,70.4284621
2016-11-01,A DIVISION,2,2,peak,2982,4156,71.7516843
2016-11-01,A DIVISION,3,1,offpeak,17701,23359,75.7780727
2016-11-01,A DIVISION,3,1,peak,10321,15219,67.8165451
2016-11-01,A DIVISION,3,2,offpeak,4501,5353,84.0836914
2016-11-01,A DIVISION,3,2,peak,2322,2742,84.6827133
2016-11-01,A DIVISION,4,1,offpeak,22720,31218,72.7785252
2016-11-01,A DIVISION,4,1,peak,13777,23172,59.4553772
2016-11-01,A DIVISION,4,2,offpeak,4831,6451,74.8876143
2016-11-01,A DIVISION,4,2,peak,2706,3564,75.9259259
2016-11-01,A DIVISION,5,1,offpeak,17240,25135,68.5896161
2016-11-01,A DIVISION,5,1,peak,11249,19674,57.1769849
2016-11-01,A DIVISION,5,2,offpeak,1930,2513,76.8006367
2016-11-01,A DIVISION,5,2,peak,1077,1392,77.3706897
2016-11-01,A DIVISION,6,1,offpeak,20073,29772,67.4224103
2016-11-01,A DIVISION,6,1,peak,12511,20939,59.7497493
2016-11-01,A DIVISION,6,2,offpeak,4368,5543,78.8020927
2016-11-01,A DIVISION,6,2,peak,2389,2922,81.7590691
2016-11-01,A DIVISION,7,1,offpeak,15007,19214,78.1045071
2016-11-01,A DIVISION,7,1,peak,10879,15954,68.1897957
2016-11-01,A DIVISION,7,2,offpeak,3018,3574,84.4432009
2016-11-01,A DIVISION,7,2,peak,1695,1967,86.1718353
2016-11-01,A DIVISION,S 42nd,1,offpeak,6352,6567,96.7260545
2016-11-01,A DIVISION,S 42nd,1,peak,5396,6111,88.2997873
2016-11-01,A DIVISION,S 42nd,2,offpeak,1684,1704,98.8262911
2016-11-01,A DIVISION,S 42nd,2,peak,984,992,99.1935484
2016-11-01,B DIVISION,A,1,offpeak,13399,19095,70.1702016
2016-11-01,B DIVISION,A,1,peak,8884,14005,63.4344877
2016-11-01,B DIVISION,A,2,offpeak,3168,4261,74.3487444
2016-11-01,B DIVISION,A,2,peak,1663,2238,74.3074173
2016-11-01,B DIVISION,B,1,offpeak,7173,9485,75.6246705
2016-11-01,B DIVISION,B,1,peak,5288,7684,68.8183238
2016-11-01,B DIVISION,C,1,offpeak,8811,11592,76.0093168
2016-11-01,B DIVISION,C,1,peak,5192,7223,71.8814897
2016-11-01,B DIVISION,C,2,offpeak,2422,3052,79.3577982
2016-11-01,B DIVISION,C,2,peak,1427,1767,80.7583475
2016-11-01,B DIVISION,D,1,offpeak,11385,14212,80.1083591
2016-11-01,B DIVISION,D,1,peak,6729,9142,73.605338
2016-11-01,B DIVISION,D,2,offpeak,3223,3942,81.7605277
2016-11-01,B DIVISION,D,2,peak,1677,1992,84.186747
2016-11-01,B DIVISION,E,1,offpeak,11994,16056,74.7010463
2016-11-01,B DIVISION,E,1,peak,7234,10780,67.1057514
2016-11-01,B DIVISION,E,2,offpeak,2997,3681,81.4180929
2016-11-01,B DIVISION,E,2,peak,1597,1937,82.4470831
2016-11-01,B DIVISION,F,1,offpeak,19625,27178,72.2091397
2016-11-01,B DIVISION,F,1,peak,12154,18472,65.7968818
2016-11-01,B DIVISION,F,2,offpeak,3989,4983,80.0521774
2016-11-01,B DIVISION,F,2,peak,2045,2531,80.7981035
2016-11-01,B DIVISION,G,1,offpeak,9369,11219,83.5101168
2016-11-01,B DIVISION,G,1,peak,5509,6960,79.1522989
2016-11-01,B DIVISION,G,2,offpeak,2709,3187,85.0015689
2016-11-01,B DIVISION,G,2,peak,1433,1678,85.3992849
2016-11-01,B DIVISION,JZ,1,offpeak,9213,11267,81.7697701
2016-11-01,B DIVISION,JZ,1,peak,5787,8152,70.9887144
2016-11-01,B DIVISION,JZ,2,offpeak,2955,3298,89.5997574
2016-11-01,B DIVISION,JZ,2,peak,1512,1811,83.4897846
2016-11-01,B DIVISION,L,1,offpeak,16581,20797,79.7278454
2016-11-01,B DIVISION,L,1,peak,10321,13733,75.1547368
2016-11-01,B DIVISION,L,2,offpeak,5556,7278,76.3396538
2016-11-01,B DIVISION,L,2,peak,3033,3721,81.5103467
2016-11-01,B DIVISION,M,1,offpeak,12354,15730,78.5378258
2016-11-01,B DIVISION,M,1,peak,7291,10001,72.9027097
2016-11-01,B DIVISION,M,2,offpeak,1491,1553,96.007727
2016-11-01,B DIVISION,M,2,peak,784,813,96.4329643
2016-11-01,B DIVISION,N,1,offpeak,12978,16563,78.3553704
2016-11-01,B DIVISION,N,1,peak,7282,10378,70.1676624
2016-11-01,B DIVISION,N,2,offpeak,4275,5358,79.787234
2016-11-01,B DIVISION,N,2,peak,2166,2693,80.4307464
2016-11-01,B DIVISION,Q,1,offpeak,8739,11329,77.1383176
2016-11-01,B DIVISION,Q,1,peak,4810,6849,70.2292305
2016-11-01,B DIVISION,Q,2,offpeak,2550,3201,79.6626054
2016-11-01,B DIVISION,Q,2,peak,1322,1657,79.7827399
2016-11-01,B DIVISION,R,1,offpeak,13468,16893,79.72533
2016-11-01,B DIVISION,R,1,peak,8481,11474,73.9149381
2016-11-01,B DIVISION,R,2,offpeak,3866,5009,77.1810741
2016-11-01,B DIVISION,R,2,peak,2029,2609,77.7692603
2016-11-01,B DIVISION,S Fkln,1,offpeak,1840,1877,98.0287693
2016-11-01,B DIVISION,S Fkln,1,peak,1063,1072,99.1604478
2016-11-01,B DIVISION,S Fkln,2,offpeak,648,651,99.5391705
2016-11-01,B DIVISION,S Fkln,2,peak,353,353,100
2016-11-01,B DIVISION,S Rock,1,offpeak,1670,1800,92.7777778
2016-11-01,B DIVISION,S Rock,1,peak,834,906,92.0529801
2016-11-01,B DIVISION,S Rock,2,offpeak,490,509,96.2671906
2016-11-01,B DIVISION,S Rock,2,peak,270,274,98.540146
2016-11-01,B DIVISION,W,1,offpeak,5314,7237,73.4282161
2016-11-01,B DIVISION,W,1,peak,3035,4366,69.5144297
2016-12-01,A DIVISION,1,1,offpeak,21031,26010,80.8573626
2016-12-01,A DIVISION,1,1,peak,12101,16884,71.6714049
2016-12-01,A DIVISION,1,2,offpeak,6759,8111,83.3312785
2016-12-01,A DIVISION,1,2,peak,3453,3999,86.3465866
2016-12-01,A DIVISION,2,1,offpeak,20950,28329,73.9524869
2016-12-01,A DIVISION,2,1,peak,10977,18249,60.1512412
2016-12-01,A DIVISION,2,2,offpeak,8066,10639,75.8153962
2016-12-01,A DIVISION,2,2,peak,4065,5641,72.0616912
2016-12-01,A DIVISION,3,1,offpeak,17966,23420,76.7122118
2016-12-01,A DIVISION,3,1,peak,10395,15246,68.1818182
2016-12-01,A DIVISION,3,2,offpeak,6153,6938,88.6855001
2016-12-01,A DIVISION,3,2,peak,3055,3475,87.9136691
2016-12-01,A DIVISION,4,1,offpeak,23337,31683,73.6577976
2016-12-01,A DIVISION,4,1,peak,14144,23352,60.5686879
2016-12-01,A DIVISION,4,2,offpeak,8591,11653,73.7235047
2016-12-01,A DIVISION,4,2,peak,4693,6354,73.8589865
2016-12-01,A DIVISION,5,1,offpeak,17319,24930,69.4705174
2016-12-01,A DIVISION,5,1,peak,11266,19780,56.9565217
2016-12-01,A DIVISION,5,2,offpeak,3794,4488,84.5365419
2016-12-01,A DIVISION,5,2,peak,2040,2407,84.7528043
2016-12-01,A DIVISION,6,1,offpeak,19869,29691,66.9192685
2016-12-01,A DIVISION,6,1,peak,12534,21152,59.2568079
2016-12-01,A DIVISION,6,2,offpeak,6330,7802,81.1330428
2016-12-01,A DIVISION,6,2,peak,3377,4051,83.3621328
2016-12-01,A DIVISION,7,1,offpeak,14874,19290,77.1073095
2016-12-01,A DIVISION,7,1,peak,10383,15994,64.9180943
2016-12-01,A DIVISION,7,2,offpeak,4562,5712,79.8669468
2016-12-01,A DIVISION,7,2,peak,2862,3733,76.6675596
2016-12-01,A DIVISION,S 42nd,1,offpeak,6284,6572,95.6177724
2016-12-01,A DIVISION,S 42nd,1,peak,5618,6111,91.9325806
2016-12-01,A DIVISION,S 42nd,2,offpeak,1900,1926,98.6500519
2016-12-01,A DIVISION,S 42nd,2,peak,1118,1132,98.7632509
2016-12-01,B DIVISION,A,1,offpeak,14652,20334,72.0566539
2016-12-01,B DIVISION,A,1,peak,9970,14834,67.2104625
2016-12-01,B DIVISION,A,2,offpeak,5393,7314,73.7353022
2016-12-01,B DIVISION,A,2,peak,2773,3880,71.4690722
2016-12-01,B DIVISION,B,1,offpeak,7597,9849,77.1347345
2016-12-01,B DIVISION,B,1,peak,5492,7865,69.8283535
2016-12-01,B DIVISION,C,1,offpeak,9176,12414,73.9165458
2016-12-01,B DIVISION,C,1,peak,5456,7689,70.9585122
2016-12-01,B DIVISION,C,2,offpeak,4020,4997,80.448269
2016-12-01,B DIVISION,C,2,peak,2159,2714,79.550479
2016-12-01,B DIVISION,D,1,offpeak,10897,14114,77.2070285
2016-12-01,B DIVISION,D,1,peak,6686,9124,73.2792635
2016-12-01,B DIVISION,D,2,offpeak,4447,5397,82.3976283
2016-12-01,B DIVISION,D,2,peak,2197,2762,79.5438088
2016-12-01,B DIVISION,E,1,offpeak,11809,16146,73.1388579
2016-12-01,B DIVISION,E,1,peak,7377,10990,67.1246588
2016-12-01,B DIVISION,E,2,offpeak,3874,4688,82.6365188
2016-12-01,B DIVISION,E,2,peak,2065,2443,84.5272206
2016-12-01,B DIVISION,F,1,offpeak,19922,27266,73.0653561
2016-12-01,B DIVISION,F,1,peak,12980,19035,68.190176
2016-12-01,B DIVISION,F,2,offpeak,5210,6656,78.2752404
2016-12-01,B DIVISION,F,2,peak,2638,3399,77.6110621
2016-12-01,B DIVISION,G,1,offpeak,9599,11437,83.9293521
2016-12-01,B DIVISION,G,1,peak,5637,7049,79.9687899
2016-12-01,B DIVISION,G,2,offpeak,3281,3886,84.4312918
2016-12-01,B DIVISION,G,2,peak,1733,2094,82.7602674
2016-12-01,B DIVISION,JZ,1,offpeak,8871,11120,79.7751799
2016-12-01,B DIVISION,JZ,1,peak,5574,7960,70.0251256
2016-12-01,B DIVISION,JZ,2,offpeak,3566,4153,85.8656393
2016-12-01,B DIVISION,JZ,2,peak,1799,2226,80.8176101
2016-12-01,B DIVISION,L,1,offpeak,18378,23755,77.3647653
2016-12-01,B DIVISION,L,1,peak,11096,14431,76.8900284
2016-12-01,B DIVISION,L,2,offpeak,7472,9334,80.0514249
2016-12-01,B DIVISION,L,2,peak,3868,4756,81.3288478
2016-12-01,B DIVISION,M,1,offpeak,12455,16285,76.4814246
2016-12-01,B DIVISION,M,1,peak,7049,9955,70.8086389
2016-12-01,B DIVISION,M,2,offpeak,1433,1543,92.8710305
2016-12-01,B DIVISION,M,2,peak,714,770,92.7272727
2016-12-01,B DIVISION,N,1,offpeak,13119,17149,76.5000875
2016-12-01,B DIVISION,N,1,peak,7624,10981,69.4290138
2016-12-01,B DIVISION,N,2,offpeak,4927,6330,77.835703
2016-12-01,B DIVISION,N,2,peak,2554,3162,80.7716635
2016-12-01,B DIVISION,Q,1,offpeak,8082,10380,77.8612717
2016-12-01,B DIVISION,Q,1,peak,4463,6305,70.7850912
2016-12-01,B DIVISION,Q,2,offpeak,3097,3962,78.1675921
2016-12-01,B DIVISION,Q,2,peak,1643,2045,80.3422983
2016-12-01,B DIVISION,R,1,offpeak,13408,17381,77.1417065
2016-12-01,B DIVISION,R,1,peak,8156,11904,68.5147849
2016-12-01,B DIVISION,R,2,offpeak,4386,5981,73.3322187
2016-12-01,B DIVISION,R,2,peak,2446,3151,77.6261504
2016-12-01,B DIVISION,S Fkln,1,offpeak,1747,1796,97.2717149
2016-12-01,B DIVISION,S Fkln,1,peak,998,1022,97.6516634
2016-12-01,B DIVISION,S Fkln,2,offpeak,888,895,99.2178771
2016-12-01,B DIVISION,S Fkln,2,peak,485,491,98.7780041
2016-12-01,B DIVISION,S Rock,1,offpeak,1708,1813,94.2084942
2016-12-01,B DIVISION,S Rock,1,peak,853,918,92.91939
2016-12-01,B DIVISION,S Rock,2,offpeak,652,692,94.2196532
2016-12-01,B DIVISION,S Rock,2,peak,333,375,88.8
2016-12-01,B DIVISION,W,1,offpeak,5926,8232,71.9873664
2016-12-01,B DIVISION,W,1,peak,4084,5803,70.377391
2017-01-01,A DIVISION,1,1,offpeak,21374,26096,81.9052728
2017-01-01,A DIVISION,1,1,peak,12520,16777,74.625976
2017-01-01,A DIVISION,1,2,offpeak,4994,5984,83.4558824
2017-01-01,A DIVISION,1,2,peak,2542,2907,87.4441004
2017-01-01,A DIVISION,2,1,offpeak,20650,28321,72.914092
2017-01-01,A DIVISION,2,1,peak,10868,18186,59.7602551
2017-01-01,A DIVISION,2,2,offpeak,6166,9048,68.1476569
2017-01-01,A DIVISION,2,2,peak,3259,4670,69.7858672
2017-01-01,A DIVISION,3,1,offpeak,18057,23652,76.3444952
2017-01-01,A DIVISION,3,1,peak,10178,15219,66.8769302
2017-01-01,A DIVISION,3,2,offpeak,5026,6226,80.7259878
2017-01-01,A DIVISION,3,2,peak,2575,3107,82.8773737
2017-01-01,A DIVISION,4,1,offpeak,21950,30932,70.9621104
2017-01-01,A DIVISION,4,1,peak,13799,23172,59.5503194
2017-01-01,A DIVISION,4,2,offpeak,5600,7649,73.2121846
2017-01-01,A DIVISION,4,2,peak,2986,4044,73.8377844
2017-01-01,A DIVISION,5,1,offpeak,16457,24449,67.3115465
2017-01-01,A DIVISION,5,1,peak,10887,19673,55.3398058
2017-01-01,A DIVISION,5,2,offpeak,2476,3247,76.2550046
2017-01-01,A DIVISION,5,2,peak,1336,1672,79.9043062
2017-01-01,A DIVISION,6,1,offpeak,21093,29739,70.9270655
2017-01-01,A DIVISION,6,1,peak,12947,21017,61.6025123
2017-01-01,A DIVISION,6,2,offpeak,5856,7073,82.7937226
2017-01-01,A DIVISION,6,2,peak,3148,3685,85.4274084
2017-01-01,A DIVISION,7,1,offpeak,14799,19118,77.4087248
2017-01-01,A DIVISION,7,1,peak,10580,15771,67.0851563
2017-01-01,A DIVISION,7,2,offpeak,3851,4694,82.0409033
2017-01-01,A DIVISION,7,2,peak,2110,2493,84.6369836
2017-01-01,A DIVISION,S 42nd,1,offpeak,6254,6570,95.1902588
2017-01-01,A DIVISION,S 42nd,1,peak,5560,6111,90.9834724
2017-01-01,A DIVISION,S 42nd,2,offpeak,1669,1700,98.1764706
2017-01-01,A DIVISION,S 42nd,2,peak,960,992,96.7741935
2017-01-01,B DIVISION,A,1,offpeak,14765,20352,72.5481525
2017-01-01,B DIVISION,A,1,peak,9967,14749,67.5774629
2017-01-01,B DIVISION,A,2,offpeak,5691,7507,75.8092447
2017-01-01,B DIVISION,A,2,peak,2974,3982,74.6860874
2017-01-01,B DIVISION,B,1,offpeak,7609,9857,77.1938724
2017-01-01,B DIVISION,B,1,peak,5568,7953,70.0113165
2017-01-01,B DIVISION,C,1,offpeak,9095,12252,74.2327783
2017-01-01,B DIVISION,C,1,peak,5291,7613,69.4995403
2017-01-01,B DIVISION,C,2,offpeak,1698,2074,81.8707811
2017-01-01,B DIVISION,C,2,peak,998,1159,86.1087144
2017-01-01,B DIVISION,D,1,offpeak,10981,14109,77.8297541
2017-01-01,B DIVISION,D,1,peak,6466,8983,71.9804074
2017-01-01,B DIVISION,D,2,offpeak,4389,5440,80.6801471
2017-01-01,B DIVISION,D,2,peak,2216,2814,78.7491116
2017-01-01,B DIVISION,E,1,offpeak,11796,16454,71.6907743
2017-01-01,B DIVISION,E,1,peak,7580,11132,68.0919871
2017-01-01,B DIVISION,E,2,offpeak,1915,2315,82.7213823
2017-01-01,B DIVISION,E,2,peak,1004,1155,86.9264069
2017-01-01,B DIVISION,F,1,offpeak,19325,27126,71.2416132
2017-01-01,B DIVISION,F,1,peak,12902,18745,68.8290211
2017-01-01,B DIVISION,F,2,offpeak,4037,5169,78.1002128
2017-01-01,B DIVISION,F,2,peak,2017,2555,78.9432485
2017-01-01,B DIVISION,G,1,offpeak,9485,11433,82.9616024
2017-01-01,B DIVISION,G,1,peak,5520,7048,78.3200908
2017-01-01,B DIVISION,G,2,offpeak,3589,4205,85.3507729
2017-01-01,B DIVISION,G,2,peak,1779,2161,82.3229986
2017-01-01,B DIVISION,JZ,1,offpeak,9242,11283,81.9108393
2017-01-01,B DIVISION,JZ,1,peak,5761,8116,70.983243
2017-01-01,B DIVISION,JZ,2,offpeak,3471,3971,87.4087132
2017-01-01,B DIVISION,JZ,2,peak,1757,2020,86.980198
2017-01-01,B DIVISION,L,1,offpeak,18990,23648,80.302774
2017-01-01,B DIVISION,L,1,peak,10801,14411,74.9496912
2017-01-01,B DIVISION,L,2,offpeak,3800,4295,88.4749709
2017-01-01,B DIVISION,L,2,peak,1929,2101,91.8134222
2017-01-01,B DIVISION,M,1,offpeak,12278,16173,75.9166512
2017-01-01,B DIVISION,M,1,peak,7065,9993,70.6994896
2017-01-01,B DIVISION,M,2,offpeak,1973,2076,95.0385356
2017-01-01,B DIVISION,M,2,peak,1024,1096,93.4306569
2017-01-01,B DIVISION,N,1,offpeak,13170,17338,75.9603184
2017-01-01,B DIVISION,N,1,peak,7618,10798,70.5501019
2017-01-01,B DIVISION,N,2,offpeak,4955,6473,76.5487409
2017-01-01,B DIVISION,N,2,peak,2539,3200,79.34375
2017-01-01,B DIVISION,Q,1,offpeak,10297,13469,76.4496251
2017-01-01,B DIVISION,Q,1,peak,5956,8093,73.5944644
2017-01-01,B DIVISION,Q,2,offpeak,4327,5238,82.6078656
2017-01-01,B DIVISION,Q,2,peak,2219,2741,80.9558555
2017-01-01,B DIVISION,R,1,offpeak,13406,17585,76.2354279
2017-01-01,B DIVISION,R,1,peak,8468,11848,71.4719784
2017-01-01,B DIVISION,R,2,offpeak,4477,5992,74.7162884
2017-01-01,B DIVISION,R,2,peak,2286,2998,76.2508339
2017-01-01,B DIVISION,S Fkln,1,offpeak,1916,1927,99.4291645
2017-01-01,B DIVISION,S Fkln,1,peak,1091,1092,99.9084249
2017-01-01,B DIVISION,S Fkln,2,offpeak,902,909,99.229923
2017-01-01,B DIVISION,S Fkln,2,peak,514,520,98.8461538
2017-01-01,B DIVISION,S Rock,1,offpeak,1746,1822,95.8287596
2017-01-01,B DIVISION,S Rock,1,peak,871,917,94.9836423
2017-01-01,B DIVISION,S Rock,2,offpeak,641,677,94.6824225
2017-01-01,B DIVISION,S Rock,2,peak,341,368,92.6630435
2017-01-01,B DIVISION,W,1,offpeak,6430,9431,68.1794083
2017-01-01,B DIVISION,W,1,peak,3993,5782,69.0591491
2017-02-01,A DIVISION,1,1,offpeak,17757,23367,75.9917833
2017-02-01,A DIVISION,1,1,peak,10624,15266,69.5925586
2017-02-01,A DIVISION,1,2,offpeak,3295,4176,78.9032567
2017-02-01,A DIVISION,1,2,peak,1511,2023,74.6910529
2017-02-01,A DIVISION,2,1,offpeak,17947,25607,70.0863045
2017-02-01,A DIVISION,2,1,peak,10236,16399,62.4184401
2017-02-01,A DIVISION,2,2,offpeak,6062,8426,71.9439829
2017-02-01,A DIVISION,2,2,peak,3200,4344,73.664825
2017-02-01,A DIVISION,3,1,offpeak,15969,21290,75.0070456
2017-02-01,A DIVISION,3,1,peak,9222,13686,67.3827269
2017-02-01,A DIVISION,3,2,offpeak,5297,6670,79.4152924
2017-02-01,A DIVISION,3,2,peak,2702,3373,80.1067299
2017-02-01,A DIVISION,4,1,offpeak,20642,28397,72.6907772
2017-02-01,A DIVISION,4,1,peak,13001,21128,61.5344566
2017-02-01,A DIVISION,4,2,offpeak,4992,6630,75.2941176
2017-02-01,A DIVISION,4,2,peak,2683,3563,75.301712
2017-02-01,A DIVISION,5,1,offpeak,14950,22331,66.947293
2017-02-01,A DIVISION,5,1,peak,10209,17898,57.0398927
2017-02-01,A DIVISION,5,2,offpeak,2668,3291,81.0695837
2017-02-01,A DIVISION,5,2,peak,1486,1780,83.4831461
2017-02-01,A DIVISION,6,1,offpeak,18757,26572,70.5893422
2017-02-01,A DIVISION,6,1,peak,11786,19033,61.9240267
2017-02-01,A DIVISION,6,2,offpeak,5249,6340,82.7917981
2017-02-01,A DIVISION,6,2,peak,2921,3304,88.4079903
2017-02-01,A DIVISION,7,1,offpeak,13048,17409,74.9497386
2017-02-01,A DIVISION,7,1,peak,9084,14252,63.7384227
2017-02-01,A DIVISION,7,2,offpeak,3484,4115,84.6658566
2017-02-01,A DIVISION,7,2,peak,1850,2134,86.6916589
2017-02-01,A DIVISION,S 42nd,1,offpeak,5489,5942,92.3763043
2017-02-01,A DIVISION,S 42nd,1,peak,4908,5529,88.7683125
2017-02-01,A DIVISION,S 42nd,2,offpeak,1527,1695,90.0884956
2017-02-01,A DIVISION,S 42nd,2,peak,911,992,91.8346774
2017-02-01,B DIVISION,A,1,offpeak,12895,18395,70.1005708
2017-02-01,B DIVISION,A,1,peak,8894,13494,65.9107752
2017-02-01,B DIVISION,A,2,offpeak,4613,5958,77.4253105
2017-02-01,B DIVISION,A,2,peak,2449,3145,77.8696343
2017-02-01,B DIVISION,B,1,offpeak,6627,8502,77.9463656
2017-02-01,B DIVISION,B,1,peak,5303,7245,73.1953071
2017-02-01,B DIVISION,C,1,offpeak,8098,10946,73.9813631
2017-02-01,B DIVISION,C,1,peak,4800,6815,70.4328687
2017-02-01,B DIVISION,C,2,offpeak,2982,3659,81.497677
2017-02-01,B DIVISION,C,2,peak,1684,2066,81.5101646
2017-02-01,B DIVISION,D,1,offpeak,9071,11900,76.2268908
2017-02-01,B DIVISION,D,1,peak,5658,7931,71.3403102
2017-02-01,B DIVISION,D,2,offpeak,2031,2478,81.9612591
2017-02-01,B DIVISION,D,2,peak,1068,1268,84.2271293
2017-02-01,B DIVISION,E,1,offpeak,11098,15171,73.1527256
2017-02-01,B DIVISION,E,1,peak,7311,10524,69.4697834
2017-02-01,B DIVISION,E,2,offpeak,2925,3471,84.2696629
2017-02-01,B DIVISION,E,2,peak,1492,1742,85.6486797
2017-02-01,B DIVISION,F,1,offpeak,17630,24019,73.4002248
2017-02-01,B DIVISION,F,1,peak,12136,17166,70.6978912
2017-02-01,B DIVISION,F,2,offpeak,2867,3504,81.8207763
2017-02-01,B DIVISION,F,2,peak,1503,1786,84.1545353
2017-02-01,B DIVISION,G,1,offpeak,8473,10080,84.0575397
2017-02-01,B DIVISION,G,1,peak,5044,6281,80.3056838
2017-02-01,B DIVISION,G,2,offpeak,3259,3692,88.2719393
2017-02-01,B DIVISION,G,2,peak,1714,1974,86.8287741
2017-02-01,B DIVISION,JZ,1,offpeak,8084,9880,81.8218623
2017-02-01,B DIVISION,JZ,1,peak,5258,7298,72.0471362
2017-02-01,B DIVISION,JZ,2,offpeak,2978,3275,90.9312977
2017-02-01,B DIVISION,JZ,2,peak,1561,1753,89.0473474
2017-02-01,B DIVISION,L,1,offpeak,16996,21203,80.1584681
2017-02-01,B DIVISION,L,1,peak,9961,13067,76.2301982
2017-02-01,B DIVISION,L,2,offpeak,5268,6987,75.3971662
2017-02-01,B DIVISION,L,2,peak,2652,3525,75.2340426
2017-02-01,B DIVISION,M,1,offpeak,11097,14418,76.9662921
2017-02-01,B DIVISION,M,1,peak,6808,9293,73.2594426
2017-02-01,B DIVISION,M,2,offpeak,1853,2085,88.8729017
2017-02-01,B DIVISION,M,2,peak,997,1122,88.85918
2017-02-01,B DIVISION,N,1,offpeak,11475,15071,76.1396059
2017-02-01,B DIVISION,N,1,peak,6627,9419,70.3577875
2017-02-01,B DIVISION,N,2,offpeak,3973,4785,83.030303
2017-02-01,B DIVISION,N,2,peak,1982,2352,84.2687075
2017-02-01,B DIVISION,Q,1,offpeak,9490,12378,76.6682824
2017-02-01,B DIVISION,Q,1,peak,5733,7443,77.025393
2017-02-01,B DIVISION,Q,2,offpeak,3831,4810,79.6465696
2017-02-01,B DIVISION,Q,2,peak,2119,2502,84.6922462
2017-02-01,B DIVISION,R,1,offpeak,12131,15309,79.2409694
2017-02-01,B DIVISION,R,1,peak,7560,10299,73.405185
2017-02-01,B DIVISION,R,2,offpeak,4081,5044,80.9080095
2017-02-01,B DIVISION,R,2,peak,2089,2587,80.7499034
2017-02-01,B DIVISION,S Fkln,1,offpeak,1699,1716,99.009324
2017-02-01,B DIVISION,S Fkln,1,peak,992,997,99.4984955
2017-02-01,B DIVISION,S Fkln,2,offpeak,721,727,99.1746905
2017-02-01,B DIVISION,S Fkln,2,peak,405,406,99.7536946
2017-02-01,B DIVISION,S Rock,1,offpeak,1537,1653,92.9824561
2017-02-01,B DIVISION,S Rock,1,peak,764,826,92.4939467
2017-02-01,B DIVISION,S Rock,2,offpeak,557,578,96.366782
2017-02-01,B DIVISION,S Rock,2,peak,308,314,98.089172
2017-02-01,B DIVISION,W,1,offpeak,5296,7281,72.7372614
2017-02-01,B DIVISION,W,1,peak,3516,5127,68.5781159
2017-03-01,A DIVISION,1,1,offpeak,22435,27284,82.2276792
2017-03-01,A DIVISION,1,1,peak,12548,17683,70.9608098
2017-03-01,A DIVISION,1,2,offpeak,3184,5308,59.9849284
2017-03-01,A DIVISION,1,2,peak,1602,2551,62.7989024
2017-03-01,A DIVISION,2,1,offpeak,21306,29639,71.8850164
2017-03-01,A DIVISION,2,1,peak,11473,18677,61.4284949
2017-03-01,A DIVISION,2,2,offpeak,5064,7347,68.9260923
2017-03-01,A DIVISION,2,2,peak,2540,3660,69.3989071
2017-03-01,A DIVISION,3,1,offpeak,18486,24392,75.7871433
2017-03-01,A DIVISION,3,1,peak,10241,15704,65.2126847
2017-03-01,A DIVISION,3,2,offpeak,4534,6009,75.4534864
2017-03-01,A DIVISION,3,2,peak,2289,2961,77.3049645
2017-03-01,A DIVISION,4,1,offpeak,24392,33176,73.5230287
2017-03-01,A DIVISION,4,1,peak,14644,24464,59.8593852
2017-03-01,A DIVISION,4,2,offpeak,5697,8171,69.7221882
2017-03-01,A DIVISION,4,2,peak,2943,4425,66.5084746
2017-03-01,A DIVISION,5,1,offpeak,17650,26051,67.7517178
2017-03-01,A DIVISION,5,1,peak,11315,20575,54.9939247
2017-03-01,A DIVISION,5,2,offpeak,634,781,81.177977
2017-03-01,A DIVISION,5,2,peak,360,410,87.804878
2017-03-01,A DIVISION,6,1,offpeak,21981,31008,70.8881579
2017-03-01,A DIVISION,6,1,peak,13692,22171,61.7563484
2017-03-01,A DIVISION,6,2,offpeak,5258,6323,83.1567294
2017-03-01,A DIVISION,6,2,peak,2799,3304,84.7154964
2017-03-01,A DIVISION,7,1,offpeak,14670,19862,73.8596315
2017-03-01,A DIVISION,7,1,peak,10528,16423,64.1052183
2017-03-01,A DIVISION,7,2,offpeak,2243,2561,87.5829754
2017-03-01,A DIVISION,7,2,peak,1226,1348,90.9495549
2017-03-01,A DIVISION,S 42nd,1,offpeak,6000,7036,85.2757248
2017-03-01,A DIVISION,S 42nd,1,peak,5234,6631,78.9322877
2017-03-01,A DIVISION,S 42nd,2,offpeak,1666,1703,97.8273635
2017-03-01,A DIVISION,S 42nd,2,peak,972,992,97.983871
2017-03-01,B DIVISION,A,1,offpeak,14861,21119,70.3679151
2017-03-01,B DIVISION,A,1,peak,10360,15612,66.3592109
2017-03-01,B DIVISION,A,2,offpeak,3698,5078,72.8239464
2017-03-01,B DIVISION,A,2,peak,1887,2626,71.8583397
2017-03-01,B DIVISION,B,1,offpeak,7734,10032,77.0933014
2017-03-01,B DIVISION,B,1,peak,5945,8421,70.5973162
2017-03-01,B DIVISION,C,1,offpeak,9712,12874,75.438869
2017-03-01,B DIVISION,C,1,peak,5785,8026,72.0782457
2017-03-01,B DIVISION,C,2,offpeak,1675,2108,79.459203
2017-03-01,B DIVISION,C,2,peak,946,1196,79.09699
2017-03-01,B DIVISION,D,1,offpeak,11248,14587,77.1097553
2017-03-01,B DIVISION,D,1,peak,6857,9423,72.7687573
2017-03-01,B DIVISION,D,2,offpeak,3896,5028,77.486078
2017-03-01,B DIVISION,D,2,peak,2015,2652,75.9803922
2017-03-01,B DIVISION,E,1,offpeak,12335,16891,73.0270558
2017-03-01,B DIVISION,E,1,peak,7950,11796,67.3957274
2017-03-01,B DIVISION,E,2,offpeak,2921,3575,81.7062937
2017-03-01,B DIVISION,E,2,peak,1496,1808,82.7433628
2017-03-01,B DIVISION,F,1,offpeak,20376,28123,72.4531522
2017-03-01,B DIVISION,F,1,peak,13616,19799,68.7711501
2017-03-01,B DIVISION,F,2,offpeak,4692,5912,79.3640054
2017-03-01,B DIVISION,F,2,peak,2399,3063,78.3219066
2017-03-01,B DIVISION,G,1,offpeak,9863,11894,82.9241634
2017-03-01,B DIVISION,G,1,peak,5949,7524,79.0669856
2017-03-01,B DIVISION,G,2,offpeak,3266,3674,88.8949374
2017-03-01,B DIVISION,G,2,peak,1636,1894,86.3780359
2017-03-01,B DIVISION,JZ,1,offpeak,8832,11274,78.3395423
2017-03-01,B DIVISION,JZ,1,peak,5595,8025,69.7196262
2017-03-01,B DIVISION,JZ,2,offpeak,3152,3562,88.4896126
2017-03-01,B DIVISION,JZ,2,peak,1626,1877,86.6275972
2017-03-01,B DIVISION,L,1,offpeak,19197,23913,80.2785096
2017-03-01,B DIVISION,L,1,peak,11505,15120,76.0912698
2017-03-01,B DIVISION,L,2,offpeak,6578,8211,80.1120448
2017-03-01,B DIVISION,L,2,peak,3477,4145,83.8841978
2017-03-01,B DIVISION,M,1,offpeak,12824,16718,76.7077402
2017-03-01,B DIVISION,M,1,peak,7556,10447,72.3269838
2017-03-01,B DIVISION,M,2,offpeak,870,904,96.2389381
2017-03-01,B DIVISION,M,2,peak,455,487,93.4291581
2017-03-01,B DIVISION,N,1,offpeak,13449,17952,74.9164439
2017-03-01,B DIVISION,N,1,peak,7980,11309,70.5632682
2017-03-01,B DIVISION,N,2,offpeak,4225,5393,78.3422956
2017-03-01,B DIVISION,N,2,peak,2141,2717,78.8001472
2017-03-01,B DIVISION,Q,1,offpeak,10488,14102,74.3724294
2017-03-01,B DIVISION,Q,1,peak,6225,8466,73.5294118
2017-03-01,B DIVISION,Q,2,offpeak,4049,4724,85.7112616
2017-03-01,B DIVISION,Q,2,peak,2096,2459,85.2379016
2017-03-01,B DIVISION,R,1,offpeak,13942,17771,78.4536605
2017-03-01,B DIVISION,R,1,peak,8665,12083,71.7123231
2017-03-01,B DIVISION,R,2,offpeak,4293,5188,82.7486507
2017-03-01,B DIVISION,R,2,peak,2260,2663,84.8666917
2017-03-01,B DIVISION,S Fkln,1,offpeak,1835,1874,97.9188901
2017-03-01,B DIVISION,S Fkln,1,peak,1049,1057,99.243141
2017-03-01,B DIVISION,S Fkln,2,offpeak,759,768,98.828125
2017-03-01,B DIVISION,S Fkln,2,peak,432,436,99.0825688
2017-03-01,B DIVISION,S Rock,1,offpeak,1765,1890,93.3862434
2017-03-01,B DIVISION,S Rock,1,peak,913,961,95.0052029
2017-03-01,B DIVISION,S Rock,2,offpeak,538,545,98.7155963
2017-03-01,B DIVISION,S Rock,2,peak,281,288,97.5694444
2017-03-01,B DIVISION,W,1,offpeak,5859,8759,66.8911976
2017-03-01,B DIVISION,W,1,peak,4081,6056,67.3877147
2017-04-01,A DIVISION,1,1,offpeak,19993,24889,80.3286592
2017-04-01,A DIVISION,1,1,peak,12062,16080,75.0124378
2017-04-01,A DIVISION,1,2,offpeak,5917,7211,82.0551935
2017-04-01,A DIVISION,1,2,peak,2927,3482,84.0608845
2017-04-01,A DIVISION,2,1,offpeak,19504,26937,72.4059843
2017-04-01,A DIVISION,2,1,peak,10730,17175,62.4745269
2017-04-01,A DIVISION,2,2,offpeak,6653,8870,75.005637
2017-04-01,A DIVISION,2,2,peak,3550,4492,79.0293856
2017-04-01,A DIVISION,3,1,offpeak,17103,22270,76.7983835
2017-04-01,A DIVISION,3,1,peak,9986,14395,69.3713095
2017-04-01,A DIVISION,3,2,offpeak,6229,7219,86.2861892
2017-04-01,A DIVISION,3,2,peak,3098,3603,85.9839023
2017-04-01,A DIVISION,4,1,offpeak,21805,30055,72.5503244
2017-04-01,A DIVISION,4,1,peak,13319,22240,59.8875899
2017-04-01,A DIVISION,4,2,offpeak,6123,8219,74.4981141
2017-04-01,A DIVISION,4,2,peak,3154,4441,71.0200405
2017-04-01,A DIVISION,5,1,offpeak,16241,23796,68.2509665
2017-04-01,A DIVISION,5,1,peak,10633,18837,56.4474173
2017-04-01,A DIVISION,5,2,offpeak,1855,2349,78.9697744
2017-04-01,A DIVISION,5,2,peak,973,1252,77.715655
2017-04-01,A DIVISION,6,1,offpeak,20484,27858,73.5300452
2017-04-01,A DIVISION,6,1,peak,12876,20147,63.9102596
2017-04-01,A DIVISION,6,2,offpeak,6465,7923,81.5978796
2017-04-01,A DIVISION,6,2,peak,3392,4130,82.1307506
2017-04-01,A DIVISION,7,1,offpeak,13563,18336,73.9692408
2017-04-01,A DIVISION,7,1,peak,9340,14885,62.7477326
2017-04-01,A DIVISION,7,2,offpeak,4667,5956,78.3579584
2017-04-01,A DIVISION,7,2,peak,2716,3589,75.6756757
2017-04-01,A DIVISION,S 42nd,1,offpeak,5247,5419,96.8259827
2017-04-01,A DIVISION,S 42nd,1,peak,4117,4580,89.8908297
2017-04-01,A DIVISION,S 42nd,2,offpeak,2092,2130,98.2159624
2017-04-01,A DIVISION,S 42nd,2,peak,1225,1240,98.7903226
2017-04-01,B DIVISION,A,1,offpeak,13964,19665,71.0094076
2017-04-01,B DIVISION,A,1,peak,9547,14287,66.8229859
2017-04-01,B DIVISION,A,2,offpeak,5524,7171,77.032492
2017-04-01,B DIVISION,A,2,peak,2975,3740,79.5454545
2017-04-01,B DIVISION,B,1,offpeak,7100,9151,77.5871489
2017-04-01,B DIVISION,B,1,peak,5319,7410,71.7813765
2017-04-01,B DIVISION,C,1,offpeak,8765,11796,74.3048491
2017-04-01,B DIVISION,C,1,peak,5245,7237,72.4747824
2017-04-01,B DIVISION,C,2,offpeak,3422,4246,80.5934998
2017-04-01,B DIVISION,C,2,peak,1951,2358,82.7396098
2017-04-01,B DIVISION,D,1,offpeak,9923,13468,73.6783487
2017-04-01,B DIVISION,D,1,peak,6163,8603,71.6378008
2017-04-01,B DIVISION,D,2,offpeak,3836,4840,79.2561983
2017-04-01,B DIVISION,D,2,peak,1987,2467,80.5431698
2017-04-01,B DIVISION,E,1,offpeak,11369,15832,71.8102577
2017-04-01,B DIVISION,E,1,peak,7481,10908,68.5826916
2017-04-01,B DIVISION,E,2,offpeak,2210,2729,80.9820447
2017-04-01,B DIVISION,E,2,peak,1172,1346,87.0728083
2017-04-01,B DIVISION,F,1,offpeak,18244,25638,71.1599969
2017-04-01,B DIVISION,F,1,peak,12328,17823,69.1690512
2017-04-01,B DIVISION,F,2,offpeak,5639,7089,79.5457751
2017-04-01,B DIVISION,F,2,peak,2893,3596,80.4505006
2017-04-01,B DIVISION,G,1,offpeak,9137,10886,83.9334926
2017-04-01,B DIVISION,G,1,peak,5361,6812,78.6993541
2017-04-01,B DIVISION,G,2,offpeak,3562,4081,87.2825288
2017-04-01,B DIVISION,G,2,peak,1936,2169,89.2577225
2017-04-01,B DIVISION,JZ,1,offpeak,8488,10814,78.4908452
2017-04-01,B DIVISION,JZ,1,peak,5599,7773,72.0313907
2017-04-01,B DIVISION,JZ,2,offpeak,4008,4539,88.301388
2017-04-01,B DIVISION,JZ,2,peak,2090,2422,86.2923204
2017-04-01,B DIVISION,L,1,offpeak,17786,22198,80.1243355
2017-04-01,B DIVISION,L,1,peak,10291,13672,75.2706261
2017-04-01,B DIVISION,L,2,offpeak,7197,9206,78.1772757
2017-04-01,B DIVISION,L,2,peak,3700,4668,79.2630677
2017-04-01,B DIVISION,M,1,offpeak,11090,14553,76.2042191
2017-04-01,B DIVISION,M,1,peak,6841,9695,70.5621454
2017-04-01,B DIVISION,M,2,offpeak,1233,1340,92.0149254
2017-04-01,B DIVISION,M,2,peak,677,726,93.2506887
2017-04-01,B DIVISION,N,1,offpeak,12422,16669,74.521567
2017-04-01,B DIVISION,N,1,peak,7486,10541,71.01793
2017-04-01,B DIVISION,N,2,offpeak,5535,6965,79.4687724
2017-04-01,B DIVISION,N,2,peak,2894,3511,82.4266591
2017-04-01,B DIVISION,Q,1,offpeak,9838,12731,77.2759406
2017-04-01,B DIVISION,Q,1,peak,5842,7712,75.7520747
2017-04-01,B DIVISION,Q,2,offpeak,4804,5675,84.6519824
2017-04-01,B DIVISION,Q,2,peak,2474,2937,84.2356146
2017-04-01,B DIVISION,R,1,offpeak,14357,19142,75.0026121
2017-04-01,B DIVISION,R,1,peak,9000,12870,69.9300699
2017-04-01,B DIVISION,R,2,offpeak,5454,7292,74.7942951
2017-04-01,B DIVISION,R,2,peak,2852,3718,76.7079075
2017-04-01,B DIVISION,S Fkln,1,offpeak,1837,1853,99.1365353
2017-04-01,B DIVISION,S Fkln,1,peak,1033,1036,99.7104247
2017-04-01,B DIVISION,S Fkln,2,offpeak,1016,1024,99.21875
2017-04-01,B DIVISION,S Fkln,2,peak,571,573,99.6509599
2017-04-01,B DIVISION,S Rock,1,offpeak,1648,1713,96.2054874
2017-04-01,B DIVISION,S Rock,1,peak,848,871,97.3593571
2017-04-01,B DIVISION,S Rock,2,offpeak,653,659,99.0895296
2017-04-01,B DIVISION,S Rock,2,peak,330,338,97.6331361
2017-04-01,B DIVISION,W,1,offpeak,5437,7547,72.0418709
2017-04-01,B DIVISION,W,1,peak,3659,5472,66.8676901
2017-05-01,A DIVISION,1,1,offpeak,21802,27371,79.653648
2017-05-01,A DIVISION,1,1,peak,12781,17702,72.2008813
2017-05-01,A DIVISION,1,2,offpeak,4518,5963,75.7672313
2017-05-01,A DIVISION,1,2,peak,2340,2874,81.4196242
2017-05-01,A DIVISION,2,1,offpeak,20376,29671,68.6731152
2017-05-01,A DIVISION,2,1,peak,11649,19049,61.1528164
2017-05-01,A DIVISION,2,2,offpeak,5952,7921,75.1420275
2017-05-01,A DIVISION,2,2,peak,3086,3997,77.2079059
2017-05-01,A DIVISION,3,1,offpeak,18115,24651,73.4858626
2017-05-01,A DIVISION,3,1,peak,10636,15726,67.6332189
2017-05-01,A DIVISION,3,2,offpeak,5562,6429,86.5142324
2017-05-01,A DIVISION,3,2,peak,2739,3204,85.4868914
2017-05-01,A DIVISION,4,1,offpeak,22760,32993,68.98433
2017-05-01,A DIVISION,4,1,peak,14702,24464,60.0964683
2017-05-01,A DIVISION,4,2,offpeak,4495,5837,77.0087374
2017-05-01,A DIVISION,4,2,peak,2426,3179,76.3133061
2017-05-01,A DIVISION,5,1,offpeak,16874,26103,64.6439107
2017-05-01,A DIVISION,5,1,peak,11181,20715,53.9753802
2017-05-01,A DIVISION,5,2,offpeak,1235,1449,85.2311939
2017-05-01,A DIVISION,5,2,peak,711,778,91.3881748
2017-05-01,A DIVISION,6,1,offpeak,22327,30980,72.0690768
2017-05-01,A DIVISION,6,1,peak,14070,22164,63.4813211
2017-05-01,A DIVISION,6,2,offpeak,5205,6584,79.0552855
2017-05-01,A DIVISION,6,2,peak,2816,3489,80.7108054
2017-05-01,A DIVISION,7,1,offpeak,15314,20158,75.9698383
2017-05-01,A DIVISION,7,1,peak,10774,16491,65.3326057
2017-05-01,A DIVISION,7,2,offpeak,3938,5056,77.8876582
2017-05-01,A DIVISION,7,2,peak,2432,3187,76.3100094
2017-05-01,A DIVISION,S 42nd,1,offpeak,5815,5960,97.5671141
2017-05-01,A DIVISION,S 42nd,1,peak,4597,5038,91.2465264
2017-05-01,A DIVISION,S 42nd,2,offpeak,1687,1704,99.0023474
2017-05-01,A DIVISION,S 42nd,2,peak,985,992,99.2943548
2017-05-01,B DIVISION,A,1,offpeak,15185,21642,70.164495
2017-05-01,B DIVISION,A,1,peak,10243,15769,64.9565603
2017-05-01,B DIVISION,A,2,offpeak,4398,5704,77.1037868
2017-05-01,B DIVISION,A,2,peak,2365,2969,79.65645
2017-05-01,B DIVISION,B,1,offpeak,7732,10128,76.342812
2017-05-01,B DIVISION,B,1,peak,5909,8265,71.4942529
2017-05-01,B DIVISION,C,1,offpeak,9491,12973,73.1596393
2017-05-01,B DIVISION,C,1,peak,5619,8065,69.6714197
2017-05-01,B DIVISION,C,2,offpeak,2811,3547,79.2500705
2017-05-01,B DIVISION,C,2,peak,1606,1990,80.7035176
2017-05-01,B DIVISION,D,1,offpeak,11095,14843,74.74904
2017-05-01,B DIVISION,D,1,peak,6791,9597,70.7616964
2017-05-01,B DIVISION,D,2,offpeak,3008,3667,82.0289065
2017-05-01,B DIVISION,D,2,peak,1545,1885,81.9628647
2017-05-01,B DIVISION,E,1,offpeak,12159,17688,68.7415197
2017-05-01,B DIVISION,E,1,peak,7998,12379,64.6094192
2017-05-01,B DIVISION,E,2,offpeak,2892,3650,79.2328767
2017-05-01,B DIVISION,E,2,peak,1508,1863,80.9447128
2017-05-01,B DIVISION,F,1,offpeak,19640,28298,69.4041982
2017-05-01,B DIVISION,F,1,peak,13000,19858,65.4648001
2017-05-01,B DIVISION,F,2,offpeak,4504,5712,78.8515406
2017-05-01,B DIVISION,F,2,peak,2385,2898,82.2981366
2017-05-01,B DIVISION,G,1,offpeak,9556,11585,82.4859732
2017-05-01,B DIVISION,G,1,peak,5707,7304,78.1352683
2017-05-01,B DIVISION,G,2,offpeak,2561,2937,87.1978209
2017-05-01,B DIVISION,G,2,peak,1359,1549,87.7340219
2017-05-01,B DIVISION,JZ,1,offpeak,9164,11543,79.3901066
2017-05-01,B DIVISION,JZ,1,peak,6175,8471,72.895762
2017-05-01,B DIVISION,JZ,2,offpeak,2918,3491,83.5863649
2017-05-01,B DIVISION,JZ,2,peak,1538,1885,81.5915119
2017-05-01,B DIVISION,L,1,offpeak,19857,24748,80.2367868
2017-05-01,B DIVISION,L,1,peak,11534,15106,76.3537667
2017-05-01,B DIVISION,L,2,offpeak,3672,4374,83.9506173
2017-05-01,B DIVISION,L,2,peak,1732,2149,80.5956259
2017-05-01,B DIVISION,M,1,offpeak,11456,15364,74.5639156
2017-05-01,B DIVISION,M,1,peak,7608,10775,70.6078886
2017-05-01,B DIVISION,M,2,offpeak,1752,2224,78.7769784
2017-05-01,B DIVISION,M,2,peak,877,1074,81.6573557
2017-05-01,B DIVISION,N,1,offpeak,13580,18406,73.780289
2017-05-01,B DIVISION,N,1,peak,8018,11478,69.8553755
2017-05-01,B DIVISION,N,2,offpeak,3728,4690,79.4882729
2017-05-01,B DIVISION,N,2,peak,1993,2387,83.4939254
2017-05-01,B DIVISION,Q,1,offpeak,9495,12643,75.1008463
2017-05-01,B DIVISION,Q,1,peak,5725,7655,74.7877204
2017-05-01,B DIVISION,Q,2,offpeak,2951,3666,80.4964539
2017-05-01,B DIVISION,Q,2,peak,1612,1945,82.8791774
2017-05-01,B DIVISION,R,1,offpeak,14861,19535,76.0737138
2017-05-01,B DIVISION,R,1,peak,9355,13226,70.7318917
2017-05-01,B DIVISION,R,2,offpeak,4067,5605,72.5602141
2017-05-01,B DIVISION,R,2,peak,2131,2911,73.2050842
2017-05-01,B DIVISION,S Fkln,1,offpeak,1890,1922,98.3350676
2017-05-01,B DIVISION,S Fkln,1,peak,1024,1039,98.5563041
2017-05-01,B DIVISION,S Fkln,2,offpeak,727,731,99.4528044
2017-05-01,B DIVISION,S Fkln,2,peak,394,396,99.4949495
2017-05-01,B DIVISION,S Rock,1,offpeak,1787,1892,94.4503171
2017-05-01,B DIVISION,S Rock,1,peak,872,954,91.4046122
2017-05-01,B DIVISION,S Rock,2,offpeak,542,563,96.2699822
2017-05-01,B DIVISION,S Rock,2,peak,288,293,98.2935154
2017-05-01,B DIVISION,W,1,offpeak,4857,6650,73.037594
2017-05-01,B DIVISION,W,1,peak,4021,5984,67.1958556
2017-06-01,A DIVISION,1,1,offpeak,20614,26864,76.7346635
2017-06-01,A DIVISION,1,1,peak,12481,17747,70.3273793
2017-06-01,A DIVISION,1,2,offpeak,4970,6403,77.6198657
2017-06-01,A DIVISION,1,2,peak,2539,3097,81.9825638
2017-06-01,A DIVISION,2,1,offpeak,20635,29616,69.6751756
2017-06-01,A DIVISION,2,1,peak,11778,19098,61.6713792
2017-06-01,A DIVISION,2,2,offpeak,4334,5595,77.4620197
2017-06-01,A DIVISION,2,2,peak,2207,2805,78.6809269
2017-06-01,A DIVISION,3,1,offpeak,17794,24531,72.5367902
2017-06-01,A DIVISION,3,1,peak,10132,15942,63.5553883
2017-06-01,A DIVISION,3,2,offpeak,4013,4630,86.6738661
2017-06-01,A DIVISION,3,2,peak,2060,2361,87.2511648
2017-06-01,A DIVISION,4,1,offpeak,23703,33118,71.5713509
2017-06-01,A DIVISION,4,1,peak,14850,24464,60.7014388
2017-06-01,A DIVISION,4,2,offpeak,6098,8089,75.3863271
2017-06-01,A DIVISION,4,2,peak,3107,4328,71.7883549
2017-06-01,A DIVISION,5,1,offpeak,17470,26246,66.5625238
2017-06-01,A DIVISION,5,1,peak,11626,20724,56.0992086
2017-06-01,A DIVISION,5,2,offpeak,1898,2483,76.4397906
2017-06-01,A DIVISION,5,2,peak,1076,1322,81.3918306
2017-06-01,A DIVISION,6,1,offpeak,23148,31286,73.9883654
2017-06-01,A DIVISION,6,1,peak,14073,22138,63.5694281
2017-06-01,A DIVISION,6,2,offpeak,5373,6418,83.7176691
2017-06-01,A DIVISION,6,2,peak,2824,3371,83.773361
2017-06-01,A DIVISION,7,1,offpeak,15232,20349,74.8538012
2017-06-01,A DIVISION,7,1,peak,10736,16579,64.7566198
2017-06-01,A DIVISION,7,2,offpeak,3917,5090,76.9548134
2017-06-01,A DIVISION,7,2,peak,2361,3247,72.7132738
2017-06-01,A DIVISION,S 42nd,1,offpeak,5629,5960,94.4463087
2017-06-01,A DIVISION,S 42nd,1,peak,4435,5038,88.0309647
2017-06-01,A DIVISION,S 42nd,2,offpeak,1610,1728,93.1712963
2017-06-01,A DIVISION,S 42nd,2,peak,982,1028,95.5252918
2017-06-01,B DIVISION,A,1,offpeak,14605,21587,67.6564599
2017-06-01,B DIVISION,A,1,peak,10099,15966,63.253163
2017-06-01,B DIVISION,A,2,offpeak,4579,6338,72.2467655
2017-06-01,B DIVISION,A,2,peak,2500,3350,74.6268657
2017-06-01,B DIVISION,B,1,offpeak,7366,9744,75.5952381
2017-06-01,B DIVISION,B,1,peak,5850,8197,71.3675735
2017-06-01,B DIVISION,C,1,offpeak,8696,12388,70.1969648
2017-06-01,B DIVISION,C,1,peak,5381,7882,68.2694748
2017-06-01,B DIVISION,C,2,offpeak,3002,3820,78.5863874
2017-06-01,B DIVISION,C,2,peak,1802,2180,82.6605505
2017-06-01,B DIVISION,D,1,offpeak,10849,14741,73.5974493
2017-06-01,B DIVISION,D,1,peak,6907,9624,71.7684954
2017-06-01,B DIVISION,D,2,offpeak,3262,4313,75.6318108
2017-06-01,B DIVISION,D,2,peak,1645,2177,75.562701
2017-06-01,B DIVISION,E,1,offpeak,12666,18023,70.2768684
2017-06-01,B DIVISION,E,1,peak,8438,12999,64.9126856
2017-06-01,B DIVISION,E,2,offpeak,2810,3522,79.7842135
2017-06-01,B DIVISION,E,2,peak,1368,1752,78.0821918
2017-06-01,B DIVISION,F,1,offpeak,18855,26946,69.9732799
2017-06-01,B DIVISION,F,1,peak,12811,19089,67.1119493
2017-06-01,B DIVISION,F,2,offpeak,3903,4998,78.0912365
2017-06-01,B DIVISION,F,2,peak,1995,2515,79.3240557
2017-06-01,B DIVISION,G,1,offpeak,10034,12504,80.2463212
2017-06-01,B DIVISION,G,1,peak,5997,7673,78.1571745
2017-06-01,B DIVISION,G,2,offpeak,2610,3080,84.7402597
2017-06-01,B DIVISION,G,2,peak,1367,1663,82.2008419
2017-06-01,B DIVISION,JZ,1,offpeak,9414,11822,79.6311961
2017-06-01,B DIVISION,JZ,1,peak,6103,8548,71.396818
2017-06-01,B DIVISION,JZ,2,offpeak,2966,3429,86.4975211
2017-06-01,B DIVISION,JZ,2,peak,1559,1826,85.3778751
2017-06-01,B DIVISION,L,1,offpeak,18014,22222,81.0638106
2017-06-01,B DIVISION,L,1,peak,11992,15300,78.379085
2017-06-01,B DIVISION,L,2,offpeak,6652,8330,79.8559424
2017-06-01,B DIVISION,L,2,peak,3412,4191,81.4125507
2017-06-01,B DIVISION,M,1,offpeak,12193,16552,73.6648139
2017-06-01,B DIVISION,M,1,peak,7666,11144,68.7903805
2017-06-01,B DIVISION,M,2,offpeak,1051,1142,92.0315236
2017-06-01,B DIVISION,M,2,peak,524,596,87.9194631
2017-06-01,B DIVISION,N,1,offpeak,13554,18381,73.7391872
2017-06-01,B DIVISION,N,1,peak,8013,11649,68.7870203
2017-06-01,B DIVISION,N,2,offpeak,3820,5097,74.9460467
2017-06-01,B DIVISION,N,2,peak,1908,2501,76.2894842
2017-06-01,B DIVISION,Q,1,offpeak,9594,12823,74.8186852
2017-06-01,B DIVISION,Q,1,peak,6021,7936,75.8694556
2017-06-01,B DIVISION,Q,2,offpeak,3481,4159,83.6980043
2017-06-01,B DIVISION,Q,2,peak,1821,2208,82.4728261
2017-06-01,B DIVISION,R,1,offpeak,14643,19704,74.3148599
2017-06-01,B DIVISION,R,1,peak,9264,13501,68.6171395
2017-06-01,B DIVISION,R,2,offpeak,3733,5633,66.2701935
2017-06-01,B DIVISION,R,2,peak,1947,2818,69.0915543
2017-06-01,B DIVISION,S Fkln,1,offpeak,2004,2016,99.4047619
2017-06-01,B DIVISION,S Fkln,1,peak,1163,1165,99.8283262
2017-06-01,B DIVISION,S Fkln,2,offpeak,845,853,99.0621336
2017-06-01,B DIVISION,S Fkln,2,peak,439,456,96.2719298
2017-06-01,B DIVISION,S Rock,1,offpeak,1815,1890,96.031746
2017-06-01,B DIVISION,S Rock,1,peak,896,955,93.8219895
2017-06-01,B DIVISION,S Rock,2,offpeak,556,601,92.5124792
2017-06-01,B DIVISION,S Rock,2,peak,305,330,92.4242424
2017-06-01,B DIVISION,W,1,offpeak,6505,8855,73.4613213
2017-06-01,B DIVISION,W,1,peak,4448,6173,72.0557266
2017-07-01,A DIVISION,1,1,offpeak,18834,25188,74.7737018
2017-07-01,A DIVISION,1,1,peak,11591,16348,70.9016393
2017-07-01,A DIVISION,1,2,offpeak,6128,7604,80.5891636
2017-07-01,A DIVISION,1,2,peak,2921,3660,79.8087432
2017-07-01,A DIVISION,2,1,offpeak,18369,26962,68.1292189
2017-07-01,A DIVISION,2,1,peak,10895,17380,62.6869965
2017-07-01,A DIVISION,2,2,offpeak,4661,7708,60.4696419
2017-07-01,A DIVISION,2,2,peak,2572,4035,63.7422553
2017-07-01,A DIVISION,3,1,offpeak,15998,22258,71.8752808
2017-07-01,A DIVISION,3,1,peak,9730,14500,67.1034483
2017-07-01,A DIVISION,3,2,offpeak,3600,3871,92.999225
2017-07-01,A DIVISION,3,2,peak,1878,2035,92.2850123
2017-07-01,A DIVISION,4,1,offpeak,21268,30161,70.5149034
2017-07-01,A DIVISION,4,1,peak,13860,22240,62.3201439
2017-07-01,A DIVISION,4,2,offpeak,8263,11603,71.2143411
2017-07-01,A DIVISION,4,2,peak,4449,6238,71.3209362
2017-07-01,A DIVISION,5,1,offpeak,15500,23866,64.9459482
2017-07-01,A DIVISION,5,1,peak,10814,18838,57.4052447
2017-07-01,A DIVISION,5,2,offpeak,6031,7950,75.8616352
2017-07-01,A DIVISION,5,2,peak,2910,3968,73.3366935
2017-07-01,A DIVISION,6,1,offpeak,20973,28446,73.7291711
2017-07-01,A DIVISION,6,1,peak,13272,20053,66.1846108
2017-07-01,A DIVISION,6,2,offpeak,6118,7665,79.8173516
2017-07-01,A DIVISION,6,2,peak,3257,3992,81.5881764
2017-07-01,A DIVISION,7,1,offpeak,13469,17998,74.8360929
2017-07-01,A DIVISION,7,1,peak,9477,14439,65.6347392
2017-07-01,A DIVISION,7,2,offpeak,4802,6381,75.2546623
2017-07-01,A DIVISION,7,2,peak,2853,4049,70.4618424
2017-07-01,A DIVISION,S 42nd,1,offpeak,5335,5460,97.7106227
2017-07-01,A DIVISION,S 42nd,1,peak,4212,4642,90.7367514
2017-07-01,A DIVISION,S 42nd,2,offpeak,2058,2130,96.6197183
2017-07-01,A DIVISION,S 42nd,2,peak,1189,1240,95.8870968
2017-07-01,B DIVISION,A,1,offpeak,13816,19677,70.2139554
2017-07-01,B DIVISION,A,1,peak,9392,14646,64.126724
2017-07-01,B DIVISION,A,2,offpeak,5513,7600,72.5394737
2017-07-01,B DIVISION,A,2,peak,2830,3976,71.1770624
2017-07-01,B DIVISION,B,1,offpeak,7013,9238,75.9147002
2017-07-01,B DIVISION,B,1,peak,5789,7768,74.5236869
2017-07-01,B DIVISION,C,1,offpeak,8598,11647,73.821585
2017-07-01,B DIVISION,C,1,peak,5304,7481,70.8996124
2017-07-01,B DIVISION,C,2,offpeak,3437,4388,78.3272562
2017-07-01,B DIVISION,C,2,peak,1927,2460,78.3333333
2017-07-01,B DIVISION,D,1,offpeak,10279,13478,76.2650245
2017-07-01,B DIVISION,D,1,peak,6489,8791,73.8141281
2017-07-01,B DIVISION,D,2,offpeak,4314,5257,82.0620126
2017-07-01,B DIVISION,D,2,peak,2223,2663,83.4772813
2017-07-01,B DIVISION,E,1,offpeak,11110,15930,69.742624
2017-07-01,B DIVISION,E,1,peak,6891,10646,64.7285365
2017-07-01,B DIVISION,E,2,offpeak,3663,4477,81.8181818
2017-07-01,B DIVISION,E,2,peak,1836,2247,81.7089453
2017-07-01,B DIVISION,F,1,offpeak,18135,25172,72.044335
2017-07-01,B DIVISION,F,1,peak,11574,17316,66.8399168
2017-07-01,B DIVISION,F,2,offpeak,5673,7302,77.6910435
2017-07-01,B DIVISION,F,2,peak,2964,3725,79.5704698
2017-07-01,B DIVISION,G,1,offpeak,9678,11716,82.6049846
2017-07-01,B DIVISION,G,1,peak,5688,7090,80.22567
2017-07-01,B DIVISION,G,2,offpeak,2778,3201,86.7853796
2017-07-01,B DIVISION,G,2,peak,1400,1666,84.0336134
2017-07-01,B DIVISION,JZ,1,offpeak,8696,10762,80.8028248
2017-07-01,B DIVISION,JZ,1,peak,5908,7751,76.2224229
2017-07-01,B DIVISION,JZ,2,offpeak,4096,4756,86.1227923
2017-07-01,B DIVISION,JZ,2,peak,2223,2559,86.869871
2017-07-01,B DIVISION,L,1,offpeak,15764,19512,80.7913079
2017-07-01,B DIVISION,L,1,peak,9361,12342,75.8467023
2017-07-01,B DIVISION,L,2,offpeak,8301,11234,73.8917572
2017-07-01,B DIVISION,L,2,peak,4468,5743,77.7990597
2017-07-01,B DIVISION,M,1,offpeak,11627,15861,73.3055923
2017-07-01,B DIVISION,M,1,peak,6315,9133,69.1448593
2017-07-01,B DIVISION,M,2,offpeak,1771,1938,91.3828689
2017-07-01,B DIVISION,M,2,peak,969,1050,92.2857143
2017-07-01,B DIVISION,N,1,offpeak,12502,16604,75.2951096
2017-07-01,B DIVISION,N,1,peak,7464,10314,72.3676556
2017-07-01,B DIVISION,N,2,offpeak,5295,6807,77.7875716
2017-07-01,B DIVISION,N,2,peak,2651,3363,78.828427
2017-07-01,B DIVISION,Q,1,offpeak,8437,11259,74.9356071
2017-07-01,B DIVISION,Q,1,peak,5466,7072,77.290724
2017-07-01,B DIVISION,Q,2,offpeak,4577,5568,82.2018678
2017-07-01,B DIVISION,Q,2,peak,2386,2888,82.6177285
2017-07-01,B DIVISION,R,1,offpeak,13262,17630,75.2240499
2017-07-01,B DIVISION,R,1,peak,8401,12046,69.7409929
2017-07-01,B DIVISION,R,2,offpeak,4180,5513,75.8207872
2017-07-01,B DIVISION,R,2,peak,2123,2766,76.7534346
2017-07-01,B DIVISION,S Fkln,1,offpeak,2081,2100,99.0952381
2017-07-01,B DIVISION,S Fkln,1,peak,1152,1155,99.7402597
2017-07-01,B DIVISION,S Fkln,2,offpeak,971,979,99.1828396
2017-07-01,B DIVISION,S Fkln,2,peak,521,527,98.8614801
2017-07-01,B DIVISION,S Rock,1,offpeak,1605,1716,93.5314685
2017-07-01,B DIVISION,S Rock,1,peak,817,862,94.7795824
2017-07-01,B DIVISION,S Rock,2,offpeak,705,752,93.75
2017-07-01,B DIVISION,S Rock,2,peak,361,397,90.9319899
2017-07-01,B DIVISION,W,1,offpeak,5017,6481,77.4108934
2017-07-01,B DIVISION,W,1,peak,3885,5269,73.7331562
2017-08-01,A DIVISION,1,1,offpeak,22881,28963,79.0007941
2017-08-01,A DIVISION,1,1,peak,13566,18806,72.1365522
2017-08-01,A DIVISION,1,2,offpeak,5507,6350,86.7244094
2017-08-01,A DIVISION,1,2,peak,2702,3074,87.8985036
2017-08-01,A DIVISION,2,1,offpeak,21227,31021,68.4278392
2017-08-01,A DIVISION,2,1,peak,12237,19987,61.2247961
2017-08-01,A DIVISION,2,2,offpeak,3996,5566,71.7930291
2017-08-01,A DIVISION,2,2,peak,2059,2906,70.8534067
2017-08-01,A DIVISION,3,1,offpeak,18401,25598,71.8845222
2017-08-01,A DIVISION,3,1,peak,10971,16675,65.7931034
2017-08-01,A DIVISION,3,2,offpeak,2945,3100,95
2017-08-01,A DIVISION,3,2,peak,1556,1628,95.5773956
2017-08-01,A DIVISION,4,1,offpeak,25335,34677,73.0599533
2017-08-01,A DIVISION,4,1,peak,15767,25576,61.6476384
2017-08-01,A DIVISION,4,2,offpeak,6758,9496,71.1668071
2017-08-01,A DIVISION,4,2,peak,3498,5118,68.3470106
2017-08-01,A DIVISION,5,1,offpeak,17991,27453,65.5338214
2017-08-01,A DIVISION,5,1,peak,12018,21658,55.4898883
2017-08-01,A DIVISION,5,2,offpeak,5510,7259,75.9057721
2017-08-01,A DIVISION,5,2,peak,2706,3615,74.8547718
2017-08-01,A DIVISION,6,1,offpeak,24332,32822,74.1332033
2017-08-01,A DIVISION,6,1,peak,15307,23040,66.4366319
2017-08-01,A DIVISION,6,2,offpeak,4492,5379,83.5099461
2017-08-01,A DIVISION,6,2,peak,2338,2762,84.6488052
2017-08-01,A DIVISION,7,1,offpeak,16146,21756,74.2140099
2017-08-01,A DIVISION,7,1,peak,11277,17227,65.4611946
2017-08-01,A DIVISION,7,2,offpeak,3923,4681,83.8068789
2017-08-01,A DIVISION,7,2,peak,2258,2781,81.1938152
2017-08-01,A DIVISION,S 42nd,1,offpeak,7062,7171,98.4799888
2017-08-01,A DIVISION,S 42nd,1,peak,6067,6601,91.9103166
2017-08-01,A DIVISION,S 42nd,2,offpeak,1698,1704,99.6478873
2017-08-01,A DIVISION,S 42nd,2,peak,984,992,99.1935484
2017-08-01,B DIVISION,A,1,offpeak,16448,23097,71.2127116
2017-08-01,B DIVISION,A,1,peak,11166,16992,65.7132768
2017-08-01,B DIVISION,A,2,offpeak,4638,6389,72.5935201
2017-08-01,B DIVISION,A,2,peak,2415,3352,72.0465394
2017-08-01,B DIVISION,B,1,offpeak,7899,10376,76.1276022
2017-08-01,B DIVISION,B,1,peak,6324,8692,72.7565578
2017-08-01,B DIVISION,C,1,offpeak,10275,13781,74.5591757
2017-08-01,B DIVISION,C,1,peak,6068,8621,70.3862661
2017-08-01,B DIVISION,C,2,offpeak,3076,3940,78.071066
2017-08-01,B DIVISION,C,2,peak,1752,2189,80.0365464
2017-08-01,B DIVISION,D,1,offpeak,12074,15710,76.855506
2017-08-01,B DIVISION,D,1,peak,7342,10076,72.8662168
2017-08-01,B DIVISION,D,2,offpeak,3272,4142,78.9956543
2017-08-01,B DIVISION,D,2,peak,1695,2115,80.141844
2017-08-01,B DIVISION,E,1,offpeak,12667,18381,68.913552
2017-08-01,B DIVISION,E,1,peak,8035,12896,62.3061414
2017-08-01,B DIVISION,E,2,offpeak,2679,3212,83.4059776
2017-08-01,B DIVISION,E,2,peak,1322,1622,81.5043157
2017-08-01,B DIVISION,F,1,offpeak,19816,27840,71.1781609
2017-08-01,B DIVISION,F,1,peak,12468,19042,65.4763155
2017-08-01,B DIVISION,F,2,offpeak,4061,5262,77.1759787
2017-08-01,B DIVISION,F,2,peak,2082,2664,78.1531532
2017-08-01,B DIVISION,G,1,offpeak,11099,13584,81.7064193
2017-08-01,B DIVISION,G,1,peak,6444,8203,78.5566256
2017-08-01,B DIVISION,G,2,offpeak,2474,2861,86.4732611
2017-08-01,B DIVISION,G,2,peak,1330,1498,88.7850467
2017-08-01,B DIVISION,JZ,1,offpeak,9713,12336,78.7370298
2017-08-01,B DIVISION,JZ,1,peak,6570,8779,74.8376808
2017-08-01,B DIVISION,JZ,2,offpeak,3083,3695,83.4370771
2017-08-01,B DIVISION,JZ,2,peak,1620,1989,81.4479638
2017-08-01,B DIVISION,L,1,offpeak,18886,24202,78.0348732
2017-08-01,B DIVISION,L,1,peak,11036,14539,75.9061834
2017-08-01,B DIVISION,L,2,offpeak,7068,9005,78.4897279
2017-08-01,B DIVISION,L,2,peak,3694,4591,80.461773
2017-08-01,B DIVISION,M,1,offpeak,12586,17759,70.8711076
2017-08-01,B DIVISION,M,1,peak,7181,10644,67.4652386
2017-08-01,B DIVISION,M,2,offpeak,1367,1541,88.7086308
2017-08-01,B DIVISION,M,2,peak,742,838,88.5441527
2017-08-01,B DIVISION,N,1,offpeak,14212,19402,73.2501804
2017-08-01,B DIVISION,N,1,peak,8474,12201,69.4533235
2017-08-01,B DIVISION,N,2,offpeak,3774,4836,78.0397022
2017-08-01,B DIVISION,N,2,peak,1861,2382,78.1276238
2017-08-01,B DIVISION,Q,1,offpeak,9972,13052,76.402084
2017-08-01,B DIVISION,Q,1,peak,6130,8040,76.2437811
2017-08-01,B DIVISION,Q,2,offpeak,3551,4212,84.3067426
2017-08-01,B DIVISION,Q,2,peak,1839,2192,83.8959854
2017-08-01,B DIVISION,R,1,offpeak,15334,20789,73.7601616
2017-08-01,B DIVISION,R,1,peak,9498,13979,67.9447743
2017-08-01,B DIVISION,R,2,offpeak,4039,5398,74.8240089
2017-08-01,B DIVISION,R,2,peak,2107,2665,79.0619137
2017-08-01,B DIVISION,S Fkln,1,offpeak,1975,2010,98.2587065
2017-08-01,B DIVISION,S Fkln,1,peak,1107,1113,99.4609164
2017-08-01,B DIVISION,S Fkln,2,offpeak,897,899,99.7775306
2017-08-01,B DIVISION,S Fkln,2,peak,488,488,100
2017-08-01,B DIVISION,S Rock,1,offpeak,1878,1988,94.4668008
2017-08-01,B DIVISION,S Rock,1,peak,956,1010,94.6534653
2017-08-01,B DIVISION,S Rock,2,offpeak,568,610,93.1147541
2017-08-01,B DIVISION,S Rock,2,peak,309,326,94.7852761
2017-08-01,B DIVISION,W,1,offpeak,5167,6745,76.6048925
2017-08-01,B DIVISION,W,1,peak,4306,6213,69.3062933
2017-09-01,A DIVISION,1,1,offpeak,20228,25190,80.301707
2017-09-01,A DIVISION,1,1,peak,11459,16360,70.0427873
2017-09-01,A DIVISION,1,2,offpeak,5958,7549,78.9243608
2017-09-01,A DIVISION,1,2,peak,2959,3677,80.4732119
2017-09-01,A DIVISION,2,1,offpeak,18301,26974,67.8468155
2017-09-01,A DIVISION,2,1,peak,10353,17378,59.5753251
2017-09-01,A DIVISION,2,2,offpeak,3642,5856,62.192623
2017-09-01,A DIVISION,2,2,peak,1866,3015,61.8905473
2017-09-01,A DIVISION,3,1,offpeak,16242,22318,72.7753383
2017-09-01,A DIVISION,3,1,peak,9121,14500,62.9034483
2017-09-01,A DIVISION,3,2,offpeak,3056,3494,87.4642244
2017-09-01,A DIVISION,3,2,peak,1672,1840,90.8695652
2017-09-01,A DIVISION,4,1,offpeak,21446,30128,71.1829527
2017-09-01,A DIVISION,4,1,peak,13124,22200,59.1171171
2017-09-01,A DIVISION,4,2,offpeak,7697,10742,71.6533234
2017-09-01,A DIVISION,4,2,peak,4046,5837,69.3164297
2017-09-01,A DIVISION,5,1,offpeak,14225,22667,62.7564301
2017-09-01,A DIVISION,5,1,peak,9766,18090,53.9856274
2017-09-01,A DIVISION,5,2,offpeak,5631,8028,70.142003
2017-09-01,A DIVISION,5,2,peak,2932,3998,73.3366683
2017-09-01,A DIVISION,6,1,offpeak,19942,28302,70.4614515
2017-09-01,A DIVISION,6,1,peak,11756,19110,61.5175301
2017-09-01,A DIVISION,6,2,offpeak,6153,7192,85.5533927
2017-09-01,A DIVISION,6,2,peak,3201,3749,85.3827687
2017-09-01,A DIVISION,7,1,offpeak,14646,18957,77.25906
2017-09-01,A DIVISION,7,1,peak,10269,15119,67.9211588
2017-09-01,A DIVISION,7,2,offpeak,4664,5828,80.0274537
2017-09-01,A DIVISION,7,2,peak,2831,3723,76.0408273
2017-09-01,A DIVISION,S 42nd,1,offpeak,6135,6258,98.0345158
2017-09-01,A DIVISION,S 42nd,1,peak,5257,5820,90.3264605
2017-09-01,A DIVISION,S 42nd,2,offpeak,1913,1928,99.2219917
2017-09-01,A DIVISION,S 42nd,2,peak,1125,1132,99.3816254
2017-09-01,B DIVISION,A,1,offpeak,14366,20061,71.6115847
2017-09-01,B DIVISION,A,1,peak,9761,14761,66.1269562
2017-09-01,B DIVISION,A,2,offpeak,5098,7198,70.8252292
2017-09-01,B DIVISION,A,2,peak,2741,3799,72.1505659
2017-09-01,B DIVISION,B,1,offpeak,7289,9276,78.5791289
2017-09-01,B DIVISION,B,1,peak,5758,7758,74.2201598
2017-09-01,B DIVISION,C,1,offpeak,8832,11828,74.6702739
2017-09-01,B DIVISION,C,1,peak,5294,7425,71.2996633
2017-09-01,B DIVISION,C,2,offpeak,3330,4373,76.1490967
2017-09-01,B DIVISION,C,2,peak,1930,2509,76.9230769
2017-09-01,B DIVISION,D,1,offpeak,10424,13602,76.6357889
2017-09-01,B DIVISION,D,1,peak,6457,8765,73.6679977
2017-09-01,B DIVISION,D,2,offpeak,3119,3943,79.1022064
2017-09-01,B DIVISION,D,2,peak,1576,2016,78.1746032
2017-09-01,B DIVISION,E,1,offpeak,11110,16098,69.0147844
2017-09-01,B DIVISION,E,1,peak,7634,11643,65.5672937
2017-09-01,B DIVISION,E,2,offpeak,2073,2647,78.3150737
2017-09-01,B DIVISION,E,2,peak,1100,1338,82.2122571
2017-09-01,B DIVISION,F,1,offpeak,18141,25677,70.650777
2017-09-01,B DIVISION,F,1,peak,12685,18544,68.4048749
2017-09-01,B DIVISION,F,2,offpeak,3656,4759,76.8228619
2017-09-01,B DIVISION,F,2,peak,1903,2391,79.5901297
2017-09-01,B DIVISION,G,1,offpeak,9875,11955,82.601422
2017-09-01,B DIVISION,G,1,peak,5724,7191,79.5994994
2017-09-01,B DIVISION,G,2,offpeak,2621,3210,81.6510903
2017-09-01,B DIVISION,G,2,peak,1455,1693,85.9421146
2017-09-01,B DIVISION,JZ,1,offpeak,8540,10861,78.6299604
2017-09-01,B DIVISION,JZ,1,peak,5777,7760,74.4458763
2017-09-01,B DIVISION,JZ,2,offpeak,3479,4029,86.34897
2017-09-01,B DIVISION,JZ,2,peak,1862,2155,86.4037123
2017-09-01,B DIVISION,L,1,offpeak,17700,22388,79.0602108
2017-09-01,B DIVISION,L,1,peak,10666,14511,73.5028599
2017-09-01,B DIVISION,L,2,offpeak,6423,8894,72.2172251
2017-09-01,B DIVISION,L,2,peak,3341,4409,75.7768201
2017-09-01,B DIVISION,M,1,offpeak,11132,15183,73.3188434
2017-09-01,B DIVISION,M,1,peak,6979,9863,70.7594038
2017-09-01,B DIVISION,M,2,offpeak,1422,1564,90.9207161
2017-09-01,B DIVISION,M,2,peak,680,855,79.5321637
2017-09-01,B DIVISION,N,1,offpeak,12535,16996,73.7526477
2017-09-01,B DIVISION,N,1,peak,7351,10678,68.8424799
2017-09-01,B DIVISION,N,2,offpeak,4127,5659,72.9280792
2017-09-01,B DIVISION,N,2,peak,2032,2761,73.596523
2017-09-01,B DIVISION,Q,1,offpeak,8384,10986,76.3153104
2017-09-01,B DIVISION,Q,1,peak,5265,6933,75.941151
2017-09-01,B DIVISION,Q,2,offpeak,3947,4816,81.9559801
2017-09-01,B DIVISION,Q,2,peak,2041,2485,82.1327968
2017-09-01,B DIVISION,R,1,offpeak,13853,18433,75.1532577
2017-09-01,B DIVISION,R,1,peak,8922,12661,70.4683674
2017-09-01,B DIVISION,R,2,offpeak,4019,5808,69.1976584
2017-09-01,B DIVISION,R,2,peak,2127,3039,69.9901283
2017-09-01,B DIVISION,S Fkln,1,offpeak,1824,1843,98.9690722
2017-09-01,B DIVISION,S Fkln,1,peak,1014,1018,99.6070727
2017-09-01,B DIVISION,S Fkln,2,offpeak,902,921,97.937025
2017-09-01,B DIVISION,S Fkln,2,peak,507,510,99.4117647
2017-09-01,B DIVISION,S Rock,1,offpeak,1644,1751,93.8892062
2017-09-01,B DIVISION,S Rock,1,peak,845,878,96.2414579
2017-09-01,B DIVISION,S Rock,2,offpeak,592,625,94.72
2017-09-01,B DIVISION,S Rock,2,peak,322,340,94.7058824
2017-09-01,B DIVISION,W,1,offpeak,5028,6585,76.3553531
2017-09-01,B DIVISION,W,1,peak,4001,5607,71.357232
2017-10-01,A DIVISION,1,1,offpeak,21426,26667,80.3464957
2017-10-01,A DIVISION,1,1,peak,13190,18005,73.2574285
2017-10-01,A DIVISION,1,2,offpeak,6095,7478,81.5057502
2017-10-01,A DIVISION,1,2,peak,2941,3605,81.5811373
2017-10-01,A DIVISION,2,1,offpeak,19567,29041,67.3771564
2017-10-01,A DIVISION,2,1,peak,11736,19117,61.3903855
2017-10-01,A DIVISION,2,2,offpeak,3630,5845,62.1043627
2017-10-01,A DIVISION,2,2,peak,1997,3005,66.4559068
2017-10-01,A DIVISION,3,1,offpeak,16897,23270,72.6128062
2017-10-01,A DIVISION,3,1,peak,10401,15950,65.2100313
2017-10-01,A DIVISION,3,2,offpeak,3106,3481,89.2272336
2017-10-01,A DIVISION,3,2,peak,1606,1817,88.3874518
2017-10-01,A DIVISION,4,1,offpeak,23389,33185,70.4806388
2017-10-01,A DIVISION,4,1,peak,14801,24376,60.7195602
2017-10-01,A DIVISION,4,2,offpeak,6794,10512,64.630898
2017-10-01,A DIVISION,4,2,peak,3464,5618,61.6589534
2017-10-01,A DIVISION,5,1,offpeak,16585,26125,63.4832536
2017-10-01,A DIVISION,5,1,peak,10877,19949,54.5240363
2017-10-01,A DIVISION,5,2,offpeak,5534,8346,66.307213
2017-10-01,A DIVISION,5,2,peak,2857,4157,68.7274477
2017-10-01,A DIVISION,6,1,offpeak,21196,30456,69.595482
2017-10-01,A DIVISION,6,1,peak,12514,19967,62.6734111
2017-10-01,A DIVISION,6,2,offpeak,5286,6920,76.3872832
2017-10-01,A DIVISION,6,2,peak,2775,3604,76.9977802
2017-10-01,A DIVISION,7,1,offpeak,15898,20795,76.45107
2017-10-01,A DIVISION,7,1,peak,10776,16440,65.5474453
2017-10-01,A DIVISION,7,2,offpeak,4405,5251,83.8887831
2017-10-01,A DIVISION,7,2,peak,2593,3119,83.1356204
2017-10-01,A DIVISION,S 42nd,1,offpeak,6706,6882,97.4426039
2017-10-01,A DIVISION,S 42nd,1,peak,5944,6402,92.8459856
2017-10-01,A DIVISION,S 42nd,2,offpeak,1845,1905,96.8503937
2017-10-01,A DIVISION,S 42nd,2,peak,1051,1100,95.5454545
2017-10-01,B DIVISION,A,1,offpeak,15250,21922,69.5648207
2017-10-01,B DIVISION,A,1,peak,10425,16104,64.7354694
2017-10-01,B DIVISION,A,2,offpeak,4988,7037,70.8824783
2017-10-01,B DIVISION,A,2,peak,2603,3688,70.5802603
2017-10-01,B DIVISION,B,1,offpeak,7639,10361,73.7284046
2017-10-01,B DIVISION,B,1,peak,5993,8634,69.4116284
2017-10-01,B DIVISION,C,1,offpeak,8929,13150,67.9011407
2017-10-01,B DIVISION,C,1,peak,5250,8222,63.8530771
2017-10-01,B DIVISION,C,2,offpeak,3142,4190,74.9880668
2017-10-01,B DIVISION,C,2,peak,1798,2317,77.6003453
2017-10-01,B DIVISION,D,1,offpeak,11250,14935,75.3264145
2017-10-01,B DIVISION,D,1,peak,6885,9603,71.6963449
2017-10-01,B DIVISION,D,2,offpeak,2781,3576,77.7684564
2017-10-01,B DIVISION,D,2,peak,1425,1808,78.8163717
2017-10-01,B DIVISION,E,1,offpeak,12883,18127,71.0707784
2017-10-01,B DIVISION,E,1,peak,8443,12977,65.0612622
2017-10-01,B DIVISION,E,2,offpeak,2891,3607,80.1497089
2017-10-01,B DIVISION,E,2,peak,1485,1824,81.4144737
2017-10-01,B DIVISION,F,1,offpeak,20858,29447,70.8323429
2017-10-01,B DIVISION,F,1,peak,13958,20744,67.2869263
2017-10-01,B DIVISION,F,2,offpeak,3981,5117,77.7994919
2017-10-01,B DIVISION,F,2,peak,2083,2578,80.799069
2017-10-01,B DIVISION,G,1,offpeak,10993,13178,83.4193353
2017-10-01,B DIVISION,G,1,peak,6213,7882,78.8251713
2017-10-01,B DIVISION,G,2,offpeak,3367,3895,86.4441592
2017-10-01,B DIVISION,G,2,peak,1745,2023,86.2580326
2017-10-01,B DIVISION,JZ,1,offpeak,9333,12018,77.6585122
2017-10-01,B DIVISION,JZ,1,peak,6206,8580,72.3310023
2017-10-01,B DIVISION,JZ,2,offpeak,3451,4015,85.9526775
2017-10-01,B DIVISION,JZ,2,peak,1821,2154,84.54039
2017-10-01,B DIVISION,L,1,offpeak,18510,23481,78.8296921
2017-10-01,B DIVISION,L,1,peak,11863,15937,74.4368451
2017-10-01,B DIVISION,L,2,offpeak,7224,9626,75.0467484
2017-10-01,B DIVISION,L,2,peak,3872,4941,78.3647035
2017-10-01,B DIVISION,M,1,offpeak,12686,17512,72.4417542
2017-10-01,B DIVISION,M,1,peak,7617,10951,69.5552918
2017-10-01,B DIVISION,M,2,offpeak,1546,1677,92.1884317
2017-10-01,B DIVISION,M,2,peak,767,883,86.8629672
2017-10-01,B DIVISION,N,1,offpeak,13799,18575,74.2880215
2017-10-01,B DIVISION,N,1,peak,8246,11660,70.7204117
2017-10-01,B DIVISION,N,2,offpeak,4536,6198,73.1848984
2017-10-01,B DIVISION,N,2,peak,2360,3054,77.275704
2017-10-01,B DIVISION,Q,1,offpeak,8958,11524,77.7334259
2017-10-01,B DIVISION,Q,1,peak,5122,6885,74.3936093
2017-10-01,B DIVISION,Q,2,offpeak,3856,4699,82.0600128
2017-10-01,B DIVISION,Q,2,peak,2006,2405,83.4095634
2017-10-01,B DIVISION,R,1,offpeak,15142,20396,74.2400471
2017-10-01,B DIVISION,R,1,peak,9369,13703,68.3718894
2017-10-01,B DIVISION,R,2,offpeak,4065,6109,66.5411688
2017-10-01,B DIVISION,R,2,peak,2137,3194,66.9067001
2017-10-01,B DIVISION,S Fkln,1,offpeak,2106,2158,97.5903614
2017-10-01,B DIVISION,S Fkln,1,peak,1176,1200,98
2017-10-01,B DIVISION,S Fkln,2,offpeak,844,861,98.0255517
2017-10-01,B DIVISION,S Fkln,2,peak,462,464,99.5689655
2017-10-01,B DIVISION,S Rock,1,offpeak,1783,1906,93.5466946
2017-10-01,B DIVISION,S Rock,1,peak,924,959,96.350365
2017-10-01,B DIVISION,S Rock,2,offpeak,622,647,96.1360124
2017-10-01,B DIVISION,S Rock,2,peak,347,352,98.5795455
2017-10-01,B DIVISION,W,1,offpeak,5848,8115,72.0640789
2017-10-01,B DIVISION,W,1,peak,4118,6077,67.7636992
2017-11-01,A DIVISION,1,1,offpeak,20360,25642,79.4009828
2017-11-01,A DIVISION,1,1,peak,12612,17189,73.3725057
2017-11-01,A DIVISION,1,2,offpeak,3960,6210,63.7681159
2017-11-01,A DIVISION,1,2,peak,1940,3019,64.2596886
2017-11-01,A DIVISION,2,1,offpeak,18849,27957,67.4213971
2017-11-01,A DIVISION,2,1,peak,11115,18220,61.0043908
2017-11-01,A DIVISION,2,2,offpeak,3082,5077,60.7051408
2017-11-01,A DIVISION,2,2,peak,1446,2684,53.8748137
2017-11-01,A DIVISION,3,1,offpeak,16292,22562,72.2099105
2017-11-01,A DIVISION,3,1,peak,9642,15220,63.3508541
2017-11-01,A DIVISION,3,2,offpeak,2378,2870,82.8571429
2017-11-01,A DIVISION,3,2,peak,1240,1521,81.5253123
2017-11-01,A DIVISION,4,1,offpeak,21440,31301,68.4962142
2017-11-01,A DIVISION,4,1,peak,13910,23263,59.7945235
2017-11-01,A DIVISION,4,2,offpeak,5161,8294,62.2257053
2017-11-01,A DIVISION,4,2,peak,2751,4420,62.239819
2017-11-01,A DIVISION,5,1,offpeak,14962,24125,62.0186528
2017-11-01,A DIVISION,5,1,peak,10636,19103,55.6771188
2017-11-01,A DIVISION,5,2,offpeak,4630,6975,66.3799283
2017-11-01,A DIVISION,5,2,peak,2385,3498,68.1818182
2017-11-01,A DIVISION,6,1,offpeak,19585,28834,67.923285
2017-11-01,A DIVISION,6,1,peak,11745,18661,62.9387493
2017-11-01,A DIVISION,6,2,offpeak,3456,4624,74.7404844
2017-11-01,A DIVISION,6,2,peak,1743,2330,74.806867
2017-11-01,A DIVISION,7,1,offpeak,15091,20166,74.8338788
2017-11-01,A DIVISION,7,1,peak,10239,15799,64.8078992
2017-11-01,A DIVISION,7,2,offpeak,3104,3501,88.6603827
2017-11-01,A DIVISION,7,2,peak,1646,1868,88.1156317
2017-11-01,A DIVISION,S 42nd,1,offpeak,6356,6461,98.3748646
2017-11-01,A DIVISION,S 42nd,1,peak,5414,5971,90.6715793
2017-11-01,A DIVISION,S 42nd,2,offpeak,1532,1559,98.2681206
2017-11-01,A DIVISION,S 42nd,2,peak,914,924,98.9177489
2017-11-01,B DIVISION,A,1,offpeak,14528,21029,69.0855485
2017-11-01,B DIVISION,A,1,peak,9859,15462,63.7627733
2017-11-01,B DIVISION,A,2,offpeak,3974,6270,63.3811802
2017-11-01,B DIVISION,A,2,peak,2050,3281,62.4809509
2017-11-01,B DIVISION,B,1,offpeak,6483,9170,70.697928
2017-11-01,B DIVISION,B,1,peak,5621,8242,68.1994661
2017-11-01,B DIVISION,C,1,offpeak,8615,12372,69.6330424
2017-11-01,B DIVISION,C,1,peak,5185,7877,65.8245525
2017-11-01,B DIVISION,C,2,offpeak,2616,3911,66.8882639
2017-11-01,B DIVISION,C,2,peak,1480,2158,68.5820204
2017-11-01,B DIVISION,D,1,offpeak,10120,14355,70.4980843
2017-11-01,B DIVISION,D,1,peak,6422,9239,69.5096872
2017-11-01,B DIVISION,D,2,offpeak,2726,3715,73.3781965
2017-11-01,B DIVISION,D,2,peak,1382,1897,72.8518714
2017-11-01,B DIVISION,E,1,offpeak,11850,17032,69.5749178
2017-11-01,B DIVISION,E,1,peak,8153,12260,66.5008157
2017-11-01,B DIVISION,E,2,offpeak,2558,3281,77.9640354
2017-11-01,B DIVISION,E,2,peak,1262,1617,78.0457638
2017-11-01,B DIVISION,F,1,offpeak,20018,28352,70.6052483
2017-11-01,B DIVISION,F,1,peak,13603,19865,68.4772212
2017-11-01,B DIVISION,F,2,offpeak,4866,6142,79.2250081
2017-11-01,B DIVISION,F,2,peak,2393,3117,76.7725377
2017-11-01,B DIVISION,G,1,offpeak,10187,12478,81.6396858
2017-11-01,B DIVISION,G,1,peak,5814,7508,77.4374001
2017-11-01,B DIVISION,G,2,offpeak,2683,3218,83.3747669
2017-11-01,B DIVISION,G,2,peak,1412,1650,85.5757576
2017-11-01,B DIVISION,JZ,1,offpeak,9047,11394,79.4014394
2017-11-01,B DIVISION,JZ,1,peak,5973,8219,72.6730746
2017-11-01,B DIVISION,JZ,2,offpeak,2530,3077,82.2229444
2017-11-01,B DIVISION,JZ,2,peak,1344,1676,80.1909308
2017-11-01,B DIVISION,L,1,offpeak,17631,22182,79.4833649
2017-11-01,B DIVISION,L,1,peak,11575,15234,75.9813575
2017-11-01,B DIVISION,L,2,offpeak,6133,7581,80.8996175
2017-11-01,B DIVISION,L,2,peak,3157,3869,81.597312
2017-11-01,B DIVISION,M,1,offpeak,12751,17113,74.510606
2017-11-01,B DIVISION,M,1,peak,7444,10527,70.7134036
2017-11-01,B DIVISION,M,2,offpeak,1311,1388,94.4524496
2017-11-01,B DIVISION,M,2,peak,650,712,91.2921348
2017-11-01,B DIVISION,N,1,offpeak,12142,16973,71.5371472
2017-11-01,B DIVISION,N,1,peak,7771,11146,69.720079
2017-11-01,B DIVISION,N,2,offpeak,4184,5690,73.5325132
2017-11-01,B DIVISION,N,2,peak,2036,2775,73.3693694
2017-11-01,B DIVISION,Q,1,offpeak,7899,10556,74.8294809
2017-11-01,B DIVISION,Q,1,peak,5231,7068,74.0096208
2017-11-01,B DIVISION,Q,2,offpeak,3211,3973,80.8205386
2017-11-01,B DIVISION,Q,2,peak,1697,2039,83.2270721
2017-11-01,B DIVISION,R,1,offpeak,13089,17910,73.0820771
2017-11-01,B DIVISION,R,1,peak,8623,12687,67.9672105
2017-11-01,B DIVISION,R,2,offpeak,3512,5315,66.0771402
2017-11-01,B DIVISION,R,2,peak,1893,2806,67.4625802
2017-11-01,B DIVISION,S Fkln,1,offpeak,1926,1985,97.0277078
2017-11-01,B DIVISION,S Fkln,1,peak,1216,1239,98.1436642
2017-11-01,B DIVISION,S Fkln,2,offpeak,811,825,98.3030303
2017-11-01,B DIVISION,S Fkln,2,peak,446,457,97.5929978
2017-11-01,B DIVISION,S Rock,1,offpeak,1544,1666,92.6770708
2017-11-01,B DIVISION,S Rock,1,peak,859,913,94.0854326
2017-11-01,B DIVISION,S Rock,2,offpeak,417,439,94.9886105
2017-11-01,B DIVISION,S Rock,2,peak,241,248,97.1774194
2017-11-01,B DIVISION,W,1,offpeak,4556,6430,70.8553655
2017-11-01,B DIVISION,W,1,peak,4075,5997,67.950642
2017-12-01,A DIVISION,1,1,offpeak,19572,24632,79.4576161
2017-12-01,A DIVISION,1,1,peak,12007,16189,74.1676447
2017-12-01,A DIVISION,1,2,offpeak,5768,8299,69.5023497
2017-12-01,A DIVISION,1,2,peak,2888,4030,71.662531
2017-12-01,A DIVISION,2,1,offpeak,18389,26919,68.3123444
2017-12-01,A DIVISION,2,1,peak,11100,17150,64.7230321
2017-12-01,A DIVISION,2,2,offpeak,4239,7342,57.7363116
2017-12-01,A DIVISION,2,2,peak,2165,3870,55.9431525
2017-12-01,A DIVISION,3,1,offpeak,16158,22281,72.5191868
2017-12-01,A DIVISION,3,1,peak,9323,13904,67.0526467
2017-12-01,A DIVISION,3,2,offpeak,3148,3896,80.8008214
2017-12-01,A DIVISION,3,2,peak,1597,2035,78.4766585
2017-12-01,A DIVISION,4,1,offpeak,20343,29847,68.1576038
2017-12-01,A DIVISION,4,1,peak,12835,21818,58.8275736
2017-12-01,A DIVISION,4,2,offpeak,7929,11763,67.4062739
2017-12-01,A DIVISION,4,2,peak,4310,6320,68.1962025
2017-12-01,A DIVISION,5,1,offpeak,15048,22622,66.5193175
2017-12-01,A DIVISION,5,1,peak,10974,18579,59.0666882
2017-12-01,A DIVISION,5,2,offpeak,6539,9590,68.18561
2017-12-01,A DIVISION,5,2,peak,3333,4804,69.3796836
2017-12-01,A DIVISION,6,1,offpeak,17830,27337,65.2229579
2017-12-01,A DIVISION,6,1,peak,10638,18057,58.9134408
2017-12-01,A DIVISION,6,2,offpeak,6594,8117,81.2369102
2017-12-01,A DIVISION,6,2,peak,3441,4180,82.3205742
2017-12-01,A DIVISION,7,1,offpeak,13762,19013,72.3820544
2017-12-01,A DIVISION,7,1,peak,9398,15074,62.3457609
2017-12-01,A DIVISION,7,2,offpeak,5174,6394,80.9196121
2017-12-01,A DIVISION,7,2,peak,3049,4073,74.8588264
2017-12-01,A DIVISION,S 42nd,1,offpeak,5777,6061,95.3143046
2017-12-01,A DIVISION,S 42nd,1,peak,5001,5820,85.9278351
2017-12-01,A DIVISION,S 42nd,2,offpeak,2146,2183,98.3050847
2017-12-01,A DIVISION,S 42nd,2,peak,1221,1240,98.4677419
2017-12-01,B DIVISION,A,1,offpeak,13199,19653,67.16023
2017-12-01,B DIVISION,A,1,peak,9205,14662,62.7813395
2017-12-01,B DIVISION,A,2,offpeak,5918,8278,71.4906982
2017-12-01,B DIVISION,A,2,peak,3045,4320,70.4861111
2017-12-01,B DIVISION,B,1,offpeak,6413,8909,71.9833876
2017-12-01,B DIVISION,B,1,peak,5114,7842,65.2129559
2017-12-01,B DIVISION,C,1,offpeak,7893,11701,67.455773
2017-12-01,B DIVISION,C,1,peak,4902,7476,65.5698234
2017-12-01,B DIVISION,C,2,offpeak,3880,5252,73.8766184
2017-12-01,B DIVISION,C,2,peak,2082,2823,73.7513284
2017-12-01,B DIVISION,D,1,offpeak,9410,13533,69.5337324
2017-12-01,B DIVISION,D,1,peak,6086,8770,69.395667
2017-12-01,B DIVISION,D,2,offpeak,3886,5871,66.1897462
2017-12-01,B DIVISION,D,2,peak,1959,3021,64.8460775
2017-12-01,B DIVISION,E,1,offpeak,9993,14575,68.5626072
2017-12-01,B DIVISION,E,1,peak,6544,10540,62.0872865
2017-12-01,B DIVISION,E,2,offpeak,3523,4856,72.5494234
2017-12-01,B DIVISION,E,2,peak,1867,2464,75.7711039
2017-12-01,B DIVISION,F,1,offpeak,18545,26936,68.8483813
2017-12-01,B DIVISION,F,1,peak,12228,18858,64.8425072
2017-12-01,B DIVISION,F,2,offpeak,6630,10095,65.6760773
2017-12-01,B DIVISION,F,2,peak,3505,5162,67.9000387
2017-12-01,B DIVISION,G,1,offpeak,9210,11594,79.4376402
2017-12-01,B DIVISION,G,1,peak,5517,7156,77.0961431
2017-12-01,B DIVISION,G,2,offpeak,3146,3605,87.2676838
2017-12-01,B DIVISION,G,2,peak,1627,1876,86.7270789
2017-12-01,B DIVISION,JZ,1,offpeak,8376,10744,77.9597915
2017-12-01,B DIVISION,JZ,1,peak,5539,7789,71.1131082
2017-12-01,B DIVISION,JZ,2,offpeak,3700,4199,88.1162181
2017-12-01,B DIVISION,JZ,2,peak,1919,2250,85.2888889
2017-12-01,B DIVISION,L,1,offpeak,17946,22988,78.0668175
2017-12-01,B DIVISION,L,1,peak,10567,14503,72.8607874
2017-12-01,B DIVISION,L,2,offpeak,7859,10396,75.5963832
2017-12-01,B DIVISION,L,2,peak,4087,5139,79.5290913
2017-12-01,B DIVISION,M,1,offpeak,9438,13586,69.4685706
2017-12-01,B DIVISION,M,1,peak,5730,8746,65.5156643
2017-12-01,B DIVISION,M,2,offpeak,2001,2254,88.7755102
2017-12-01,B DIVISION,M,2,peak,1016,1185,85.7383966
2017-12-01,B DIVISION,N,1,offpeak,11767,16418,71.6713363
2017-12-01,B DIVISION,N,1,peak,7225,10626,67.9936006
2017-12-01,B DIVISION,N,2,offpeak,5378,7661,70.1997128
2017-12-01,B DIVISION,N,2,peak,2601,3779,68.8277322
2017-12-01,B DIVISION,Q,1,offpeak,6907,9365,73.7533369
2017-12-01,B DIVISION,Q,1,peak,4436,6119,72.4955058
2017-12-01,B DIVISION,Q,2,offpeak,3452,4900,70.4489796
2017-12-01,B DIVISION,Q,2,peak,1746,2515,69.4234592
2017-12-01,B DIVISION,R,1,offpeak,12689,17683,71.7581858
2017-12-01,B DIVISION,R,1,peak,8311,12551,66.2178312
2017-12-01,B DIVISION,R,2,offpeak,4872,7413,65.7223796
2017-12-01,B DIVISION,R,2,peak,2569,3807,67.4809561
2017-12-01,B DIVISION,S Fkln,1,offpeak,1939,1964,98.7270876
2017-12-01,B DIVISION,S Fkln,1,peak,1102,1129,97.6085031
2017-12-01,B DIVISION,S Fkln,2,offpeak,901,915,98.4699454
2017-12-01,B DIVISION,S Fkln,2,peak,488,491,99.389002
2017-12-01,B DIVISION,S Rock,1,offpeak,874,957,91.3270637
2017-12-01,B DIVISION,S Rock,1,peak,763,855,89.2397661
2017-12-01,B DIVISION,S Rock,2,offpeak,284,298,95.3020134
2017-12-01,B DIVISION,S Rock,2,peak,153,164,93.2926829
2017-12-01,B DIVISION,W,1,offpeak,3909,5570,70.1795332
2017-12-01,B DIVISION,W,1,peak,3892,5631,69.1173859
2018-01-01,A DIVISION,1,1,offpeak,21340,27212,78.4212847
2018-01-01,A DIVISION,1,1,peak,12481,17721,70.4305626
2018-01-01,A DIVISION,1,2,offpeak,4970,6681,74.3900614
2018-01-01,A DIVISION,1,2,peak,2355,3236,72.7750309
2018-01-01,A DIVISION,2,1,offpeak,18681,29378,63.5883995
2018-01-01,A DIVISION,2,1,peak,11177,18952,58.975306
2018-01-01,A DIVISION,2,2,offpeak,3954,6269,63.0722603
2018-01-01,A DIVISION,2,2,peak,1929,3253,59.2991085
2018-01-01,A DIVISION,3,1,offpeak,15746,23324,67.5098611
2018-01-01,A DIVISION,3,1,peak,9668,15581,62.0499326
2018-01-01,A DIVISION,3,2,offpeak,2622,3103,84.4988721
2018-01-01,A DIVISION,3,2,peak,1383,1625,85.1076923
2018-01-01,A DIVISION,4,1,offpeak,21764,32794,66.3657986
2018-01-01,A DIVISION,4,1,peak,13394,23980,55.8548791
2018-01-01,A DIVISION,4,2,offpeak,5754,9079,63.3770239
2018-01-01,A DIVISION,4,2,peak,2961,4865,60.8633094
2018-01-01,A DIVISION,5,1,offpeak,15423,24434,63.1210608
2018-01-01,A DIVISION,5,1,peak,10977,20362,53.9092427
2018-01-01,A DIVISION,5,2,offpeak,3586,4679,76.6403078
2018-01-01,A DIVISION,5,2,peak,1777,2338,76.0051326
2018-01-01,A DIVISION,6,1,offpeak,20379,31152,65.4179507
2018-01-01,A DIVISION,6,1,peak,11504,19995,57.5343836
2018-01-01,A DIVISION,6,2,offpeak,4375,6324,69.1808982
2018-01-01,A DIVISION,6,2,peak,2362,3306,71.445856
2018-01-01,A DIVISION,7,1,offpeak,14465,20402,70.8999118
2018-01-01,A DIVISION,7,1,peak,9794,16497,59.36837
2018-01-01,A DIVISION,7,2,offpeak,3485,4172,83.5330777
2018-01-01,A DIVISION,7,2,peak,1810,2208,81.9746377
2018-01-01,A DIVISION,S 42nd,1,offpeak,6649,6839,97.2218161
2018-01-01,A DIVISION,S 42nd,1,peak,5850,6402,91.3776945
2018-01-01,A DIVISION,S 42nd,2,offpeak,1655,1681,98.4533016
2018-01-01,A DIVISION,S 42nd,2,peak,965,981,98.3690112
2018-01-01,B DIVISION,A,1,offpeak,13692,21372,64.0651319
2018-01-01,B DIVISION,A,1,peak,9524,16065,59.2841581
2018-01-01,B DIVISION,A,2,offpeak,4270,6230,68.5393258
2018-01-01,B DIVISION,A,2,peak,2267,3263,69.4759424
2018-01-01,B DIVISION,B,1,offpeak,6295,9396,66.9965943
2018-01-01,B DIVISION,B,1,peak,5276,8511,61.9903654
2018-01-01,B DIVISION,C,1,offpeak,7244,12409,58.3769844
2018-01-01,B DIVISION,C,1,peak,5050,8217,61.457953
2018-01-01,B DIVISION,C,2,offpeak,2540,3965,64.0605296
2018-01-01,B DIVISION,C,2,peak,1490,2205,67.5736961
2018-01-01,B DIVISION,D,1,offpeak,10063,14657,68.6566146
2018-01-01,B DIVISION,D,1,peak,6267,9539,65.6987106
2018-01-01,B DIVISION,D,2,offpeak,2180,2911,74.8883545
2018-01-01,B DIVISION,D,2,peak,1064,1460,72.8767123
2018-01-01,B DIVISION,E,1,offpeak,10987,17679,62.1471803
2018-01-01,B DIVISION,E,1,peak,8337,13150,63.3992395
2018-01-01,B DIVISION,E,2,offpeak,2881,3637,79.2136376
2018-01-01,B DIVISION,E,2,peak,1470,1794,81.9397993
2018-01-01,B DIVISION,F,1,offpeak,19175,29271,65.5085238
2018-01-01,B DIVISION,F,1,peak,13570,20919,64.8692576
2018-01-01,B DIVISION,F,2,offpeak,3363,4397,76.4839663
2018-01-01,B DIVISION,F,2,peak,1651,2203,74.9432592
2018-01-01,B DIVISION,G,1,offpeak,10023,12977,77.2366495
2018-01-01,B DIVISION,G,1,peak,5793,7821,74.069812
2018-01-01,B DIVISION,G,2,offpeak,3301,4046,81.5867523
2018-01-01,B DIVISION,G,2,peak,1752,2100,83.4285714
2018-01-01,B DIVISION,JZ,1,offpeak,8889,11819,75.2094086
2018-01-01,B DIVISION,JZ,1,peak,5778,8536,67.6897844
2018-01-01,B DIVISION,JZ,2,offpeak,2884,3571,80.7616914
2018-01-01,B DIVISION,JZ,2,peak,1531,1896,80.7489451
2018-01-01,B DIVISION,L,1,offpeak,19005,26559,71.5576641
2018-01-01,B DIVISION,L,1,peak,10787,15968,67.5538577
2018-01-01,B DIVISION,L,2,offpeak,6155,8181,75.2353013
2018-01-01,B DIVISION,L,2,peak,3108,4074,76.2886598
2018-01-01,B DIVISION,M,1,offpeak,11486,16862,68.117661
2018-01-01,B DIVISION,M,1,peak,7485,11484,65.1776385
2018-01-01,B DIVISION,M,2,offpeak,472,512,92.1875
2018-01-01,B DIVISION,M,2,peak,218,236,92.3728814
2018-01-01,B DIVISION,N,1,offpeak,12856,18324,70.1593539
2018-01-01,B DIVISION,N,1,peak,7724,11590,66.6436583
2018-01-01,B DIVISION,N,2,offpeak,3866,5483,70.5088455
2018-01-01,B DIVISION,N,2,peak,2007,2693,74.5265503
2018-01-01,B DIVISION,Q,1,offpeak,8506,11795,72.1153031
2018-01-01,B DIVISION,Q,1,peak,4996,7403,67.4861543
2018-01-01,B DIVISION,Q,2,offpeak,3380,4149,81.4654134
2018-01-01,B DIVISION,Q,2,peak,1651,2126,77.6575729
2018-01-01,B DIVISION,R,1,offpeak,13876,20547,67.5329732
2018-01-01,B DIVISION,R,1,peak,9276,14279,64.9625324
2018-01-01,B DIVISION,R,2,offpeak,4102,5866,69.928401
2018-01-01,B DIVISION,R,2,peak,2167,3038,71.3298223
2018-01-01,B DIVISION,S Fkln,1,offpeak,2298,2386,96.3118189
2018-01-01,B DIVISION,S Fkln,1,peak,1345,1392,96.6235632
2018-01-01,B DIVISION,S Fkln,2,offpeak,820,845,97.0414201
2018-01-01,B DIVISION,S Fkln,2,peak,426,439,97.0387244
2018-01-01,B DIVISION,S Rock,1,offpeak,1659,1819,91.2039582
2018-01-01,B DIVISION,S Rock,1,peak,800,901,88.7902331
2018-01-01,B DIVISION,S Rock,2,offpeak,570,604,94.3708609
2018-01-01,B DIVISION,S Rock,2,peak,298,330,90.3030303
2018-01-01,B DIVISION,W,1,offpeak,6141,9155,67.0780994
2018-01-01,B DIVISION,W,1,peak,4095,6139,66.704675
2018-02-01,A DIVISION,1,1,offpeak,18196,23281,78.1581547
2018-02-01,A DIVISION,1,1,peak,11053,15271,72.3790191
2018-02-01,A DIVISION,1,2,offpeak,4538,5914,76.7331755
2018-02-01,A DIVISION,1,2,peak,2263,2865,78.9877836
2018-02-01,A DIVISION,2,1,offpeak,16663,25549,65.2197738
2018-02-01,A DIVISION,2,1,peak,10441,16453,63.4595514
2018-02-01,A DIVISION,2,2,offpeak,3320,5557,59.7444664
2018-02-01,A DIVISION,2,2,peak,1688,2916,57.8875171
2018-02-01,A DIVISION,3,1,offpeak,13706,19687,69.6195459
2018-02-01,A DIVISION,3,1,peak,8710,13530,64.3754619
2018-02-01,A DIVISION,3,2,offpeak,1266,1551,81.6247582
2018-02-01,A DIVISION,3,2,peak,675,810,83.3333333
2018-02-01,A DIVISION,4,1,offpeak,19619,28613,68.5667354
2018-02-01,A DIVISION,4,1,peak,12554,20702,60.6414839
2018-02-01,A DIVISION,4,2,offpeak,5207,8973,58.0296445
2018-02-01,A DIVISION,4,2,peak,2820,4752,59.3434343
2018-02-01,A DIVISION,5,1,offpeak,13616,21329,63.8379671
2018-02-01,A DIVISION,5,1,peak,10181,17630,57.7481566
2018-02-01,A DIVISION,5,2,offpeak,4259,7021,60.6608745
2018-02-01,A DIVISION,5,2,peak,2447,3556,68.8132733
2018-02-01,A DIVISION,6,1,offpeak,18005,27138,66.346083
2018-02-01,A DIVISION,6,1,peak,10622,17358,61.1936859
2018-02-01,A DIVISION,6,2,offpeak,4063,5080,79.980315
2018-02-01,A DIVISION,6,2,peak,2003,2563,78.1506048
2018-02-01,A DIVISION,7,1,offpeak,12477,18121,68.853816
2018-02-01,A DIVISION,7,1,peak,8857,14147,62.6069131
2018-02-01,A DIVISION,7,2,offpeak,3170,4412,71.8495014
2018-02-01,A DIVISION,7,2,peak,1779,2593,68.6077902
2018-02-01,A DIVISION,S 42nd,1,offpeak,5667,5794,97.8080773
2018-02-01,A DIVISION,S 42nd,1,peak,5091,5529,92.0781335
2018-02-01,A DIVISION,S 42nd,2,offpeak,1669,1700,98.1764706
2018-02-01,A DIVISION,S 42nd,2,peak,988,992,99.5967742
2018-02-01,B DIVISION,A,1,offpeak,12899,18954,68.0542366
2018-02-01,B DIVISION,A,1,peak,8907,14006,63.5941739
2018-02-01,B DIVISION,A,2,offpeak,4582,6468,70.8410637
2018-02-01,B DIVISION,A,2,peak,2392,3397,70.4150721
2018-02-01,B DIVISION,B,1,offpeak,5623,7793,72.1544976
2018-02-01,B DIVISION,B,1,peak,4990,7337,68.0114488
2018-02-01,B DIVISION,C,1,offpeak,7435,10995,67.6216462
2018-02-01,B DIVISION,C,1,peak,4719,7120,66.2780899
2018-02-01,B DIVISION,C,2,offpeak,2972,4067,73.0759774
2018-02-01,B DIVISION,C,2,peak,1614,2213,72.9326706
2018-02-01,B DIVISION,D,1,offpeak,8651,12446,69.5082758
2018-02-01,B DIVISION,D,1,peak,5727,8335,68.7102579
2018-02-01,B DIVISION,D,2,offpeak,2755,3615,76.2102351
2018-02-01,B DIVISION,D,2,peak,1351,1818,74.3124312
2018-02-01,B DIVISION,E,1,offpeak,9711,14995,64.7615872
2018-02-01,B DIVISION,E,1,peak,7016,11360,61.7605634
2018-02-01,B DIVISION,E,2,offpeak,2471,3070,80.4885993
2018-02-01,B DIVISION,E,2,peak,1281,1536,83.3984375
2018-02-01,B DIVISION,F,1,offpeak,16550,25347,65.2937231
2018-02-01,B DIVISION,F,1,peak,11468,18096,63.3731211
2018-02-01,B DIVISION,F,2,offpeak,4411,5801,76.038614
2018-02-01,B DIVISION,F,2,peak,2276,2902,78.4286699
2018-02-01,B DIVISION,G,1,offpeak,8983,11241,79.9128191
2018-02-01,B DIVISION,G,1,peak,5385,6807,79.10974
2018-02-01,B DIVISION,G,2,offpeak,2910,3743,77.7451242
2018-02-01,B DIVISION,G,2,peak,1486,1900,78.2105263
2018-02-01,B DIVISION,JZ,1,offpeak,7813,10252,76.2095201
2018-02-01,B DIVISION,JZ,1,peak,5251,7372,71.2289745
2018-02-01,B DIVISION,JZ,2,offpeak,2517,2960,85.0337838
2018-02-01,B DIVISION,JZ,2,peak,1400,1599,87.5547217
2018-02-01,B DIVISION,L,1,offpeak,17166,22976,74.7127437
2018-02-01,B DIVISION,L,1,peak,10053,13811,72.7898052
2018-02-01,B DIVISION,L,2,offpeak,7006,8960,78.1919643
2018-02-01,B DIVISION,L,2,peak,3666,4599,79.7129811
2018-02-01,B DIVISION,M,1,offpeak,10238,14399,71.1021599
2018-02-01,B DIVISION,M,1,peak,6703,9931,67.4957205
2018-02-01,B DIVISION,M,2,offpeak,490,512,95.703125
2018-02-01,B DIVISION,M,2,peak,233,236,98.7288136
2018-02-01,B DIVISION,N,1,offpeak,11309,15883,71.201914
2018-02-01,B DIVISION,N,1,peak,6660,10037,66.3544884
2018-02-01,B DIVISION,N,2,offpeak,3624,5224,69.3721286
2018-02-01,B DIVISION,N,2,peak,1837,2609,70.4101188
2018-02-01,B DIVISION,Q,1,offpeak,6475,8786,73.6967903
2018-02-01,B DIVISION,Q,1,peak,3877,5402,71.7697149
2018-02-01,B DIVISION,Q,2,offpeak,3195,4059,78.713969
2018-02-01,B DIVISION,Q,2,peak,1594,2098,75.9771211
2018-02-01,B DIVISION,R,1,offpeak,11867,17054,69.5848481
2018-02-01,B DIVISION,R,1,peak,8007,12400,64.5725806
2018-02-01,B DIVISION,R,2,offpeak,4073,5626,72.3960185
2018-02-01,B DIVISION,R,2,peak,2128,2897,73.4552986
2018-02-01,B DIVISION,S Fkln,1,offpeak,1921,1963,97.8604177
2018-02-01,B DIVISION,S Fkln,1,peak,1076,1107,97.1996387
2018-02-01,B DIVISION,S Fkln,2,offpeak,809,821,98.5383678
2018-02-01,B DIVISION,S Fkln,2,peak,436,447,97.5391499
2018-02-01,B DIVISION,S Rock,1,offpeak,1550,1648,94.0533981
2018-02-01,B DIVISION,S Rock,1,peak,781,832,93.8701923
2018-02-01,B DIVISION,S Rock,2,offpeak,509,529,96.2192817
2018-02-01,B DIVISION,S Rock,2,peak,266,284,93.6619718
2018-02-01,B DIVISION,W,1,offpeak,5557,7665,72.4983692
2018-02-01,B DIVISION,W,1,peak,3578,5290,67.637051
2018-03-01,A DIVISION,1,1,offpeak,22017,27229,80.8586434
2018-03-01,A DIVISION,1,1,peak,13155,17780,73.9876265
2018-03-01,A DIVISION,1,2,offpeak,5525,6758,81.7549571
2018-03-01,A DIVISION,1,2,peak,2716,3313,81.9800785
2018-03-01,A DIVISION,2,1,offpeak,20403,29789,68.4917251
2018-03-01,A DIVISION,2,1,peak,12218,18999,64.3086478
2018-03-01,A DIVISION,2,2,offpeak,3197,4633,69.0049644
2018-03-01,A DIVISION,2,2,peak,1619,2462,65.7595451
2018-03-01,A DIVISION,3,1,offpeak,16760,23279,71.9962198
2018-03-01,A DIVISION,3,1,peak,10392,15560,66.7866324
2018-03-01,A DIVISION,3,2,offpeak,1699,1945,87.3521851
2018-03-01,A DIVISION,3,2,peak,843,1024,82.3242188
2018-03-01,A DIVISION,4,1,offpeak,22858,33078,69.1033315
2018-03-01,A DIVISION,4,1,peak,14205,23953,59.3036363
2018-03-01,A DIVISION,4,2,offpeak,5848,9122,64.1087481
2018-03-01,A DIVISION,4,2,peak,3115,4920,63.3130081
2018-03-01,A DIVISION,5,1,offpeak,16322,24883,65.5949845
2018-03-01,A DIVISION,5,1,peak,11493,20385,56.3796909
2018-03-01,A DIVISION,5,2,offpeak,5307,7659,69.2910302
2018-03-01,A DIVISION,5,2,peak,2766,3848,71.8814969
2018-03-01,A DIVISION,6,1,offpeak,20967,31207,67.1868491
2018-03-01,A DIVISION,6,1,peak,11912,19860,59.979859
2018-03-01,A DIVISION,6,2,offpeak,3950,5356,73.7490665
2018-03-01,A DIVISION,6,2,peak,2131,2729,78.0872114
2018-03-01,A DIVISION,7,1,offpeak,14292,20805,68.6950252
2018-03-01,A DIVISION,7,1,peak,9660,16372,59.0031762
2018-03-01,A DIVISION,7,2,offpeak,3276,4180,78.3732057
2018-03-01,A DIVISION,7,2,peak,1963,2704,72.5961538
2018-03-01,A DIVISION,S 42nd,1,offpeak,6616,6829,96.8809489
2018-03-01,A DIVISION,S 42nd,1,peak,5808,6366,91.2346843
2018-03-01,A DIVISION,S 42nd,2,offpeak,1702,1727,98.552403
2018-03-01,A DIVISION,S 42nd,2,peak,1006,1024,98.2421875
2018-03-01,B DIVISION,A,1,offpeak,15136,21960,68.9253188
2018-03-01,B DIVISION,A,1,peak,10512,16186,64.9450142
2018-03-01,B DIVISION,A,2,offpeak,4338,6083,71.3134966
2018-03-01,B DIVISION,A,2,peak,2282,3164,72.1238938
2018-03-01,B DIVISION,B,1,offpeak,7096,9271,76.5397476
2018-03-01,B DIVISION,B,1,peak,6204,8694,71.3595583
2018-03-01,B DIVISION,C,1,offpeak,9659,13170,73.3409263
2018-03-01,B DIVISION,C,1,peak,5835,8261,70.6330953
2018-03-01,B DIVISION,C,2,offpeak,2923,3827,76.3783643
2018-03-01,B DIVISION,C,2,peak,1688,2226,75.8310872
2018-03-01,B DIVISION,D,1,offpeak,10782,14846,72.6256231
2018-03-01,B DIVISION,D,1,peak,6886,9600,71.7291667
2018-03-01,B DIVISION,D,2,offpeak,2769,3757,73.7024221
2018-03-01,B DIVISION,D,2,peak,1458,1927,75.6616502
2018-03-01,B DIVISION,E,1,offpeak,12475,18199,68.5477224
2018-03-01,B DIVISION,E,1,peak,8361,13177,63.4514685
2018-03-01,B DIVISION,E,2,offpeak,3415,4376,78.0393053
2018-03-01,B DIVISION,E,2,peak,1774,2261,78.460858
2018-03-01,B DIVISION,F,1,offpeak,19832,29127,68.0880283
2018-03-01,B DIVISION,F,1,peak,13832,20631,67.0447385
2018-03-01,B DIVISION,F,2,offpeak,4361,5481,79.5657727
2018-03-01,B DIVISION,F,2,peak,2237,2787,80.2655185
2018-03-01,B DIVISION,G,1,offpeak,10539,12923,81.5522711
2018-03-01,B DIVISION,G,1,peak,6116,7901,77.407923
2018-03-01,B DIVISION,G,2,offpeak,3453,3971,86.9554268
2018-03-01,B DIVISION,G,2,peak,1844,2152,85.6877323
2018-03-01,B DIVISION,JZ,1,offpeak,9506,11887,79.9697148
2018-03-01,B DIVISION,JZ,1,peak,6154,8541,72.0524529
2018-03-01,B DIVISION,JZ,2,offpeak,2387,2818,84.7054649
2018-03-01,B DIVISION,JZ,2,peak,1355,1589,85.2737571
2018-03-01,B DIVISION,L,1,offpeak,20255,26518,76.3820801
2018-03-01,B DIVISION,L,1,peak,11426,15950,71.6363636
2018-03-01,B DIVISION,L,2,offpeak,6173,7919,77.9517616
2018-03-01,B DIVISION,L,2,peak,3266,4062,80.403742
2018-03-01,B DIVISION,M,1,offpeak,13514,17611,76.7361308
2018-03-01,B DIVISION,M,1,peak,8306,11551,71.9071942
2018-03-01,B DIVISION,M,2,offpeak,904,958,94.3632568
2018-03-01,B DIVISION,M,2,peak,472,532,88.7218045
2018-03-01,B DIVISION,N,1,offpeak,13044,18368,71.0148084
2018-03-01,B DIVISION,N,1,peak,7990,11651,68.5778045
2018-03-01,B DIVISION,N,2,offpeak,2856,3782,75.5156002
2018-03-01,B DIVISION,N,2,peak,1445,1846,78.2773564
2018-03-01,B DIVISION,Q,1,offpeak,9759,12480,78.1971154
2018-03-01,B DIVISION,Q,1,peak,5876,7756,75.7607014
2018-03-01,B DIVISION,Q,2,offpeak,3234,4224,76.5625
2018-03-01,B DIVISION,Q,2,peak,1783,2283,78.0989926
2018-03-01,B DIVISION,R,1,offpeak,15480,21010,73.6792004
2018-03-01,B DIVISION,R,1,peak,9737,14475,67.2677029
2018-03-01,B DIVISION,R,2,offpeak,4073,5397,75.4678525
2018-03-01,B DIVISION,R,2,peak,2159,2870,75.2264808
2018-03-01,B DIVISION,S Fkln,1,offpeak,2057,2105,97.719715
2018-03-01,B DIVISION,S Fkln,1,peak,1190,1209,98.4284533
2018-03-01,B DIVISION,S Fkln,2,offpeak,843,855,98.5964912
2018-03-01,B DIVISION,S Fkln,2,peak,482,486,99.1769547
2018-03-01,B DIVISION,S Rock,1,offpeak,1566,1650,94.9090909
2018-03-01,B DIVISION,S Rock,1,peak,881,938,93.9232409
2018-03-01,B DIVISION,S Rock,2,offpeak,491,527,93.1688805
2018-03-01,B DIVISION,S Rock,2,peak,263,282,93.2624113
2018-03-01,B DIVISION,W,1,offpeak,7089,9679,73.2410373
2018-03-01,B DIVISION,W,1,peak,4370,6268,69.7192087
2018-04-01,A DIVISION,1,1,offpeak,20965,26454,79.2507749
2018-04-01,A DIVISION,1,1,peak,12588,16989,74.0950026
2018-04-01,A DIVISION,1,2,offpeak,6076,7166,84.7892827
2018-04-01,A DIVISION,1,2,peak,2991,3440,86.9476744
2018-04-01,A DIVISION,2,1,offpeak,19622,28190,69.6062433
2018-04-01,A DIVISION,2,1,peak,11627,18186,63.9337952
2018-04-01,A DIVISION,2,2,offpeak,4493,6299,71.3287823
2018-04-01,A DIVISION,2,2,peak,2320,3290,70.5167173
2018-04-01,A DIVISION,3,1,offpeak,16680,22720,73.415493
2018-04-01,A DIVISION,3,1,peak,10382,14952,69.435527
2018-04-01,A DIVISION,3,2,offpeak,2903,3098,93.7056165
2018-04-01,A DIVISION,3,2,peak,1548,1628,95.0859951
2018-04-01,A DIVISION,4,1,offpeak,22884,31690,72.2120543
2018-04-01,A DIVISION,4,1,peak,14357,22890,62.7217125
2018-04-01,A DIVISION,4,2,offpeak,6979,10370,67.2999036
2018-04-01,A DIVISION,4,2,peak,3734,5492,67.9898034
2018-04-01,A DIVISION,5,1,offpeak,16087,23755,67.7204799
2018-04-01,A DIVISION,5,1,peak,11682,19688,59.3356359
2018-04-01,A DIVISION,5,2,offpeak,5650,7706,73.3194913
2018-04-01,A DIVISION,5,2,peak,2870,3788,75.7655755
2018-04-01,A DIVISION,6,1,offpeak,21114,29671,71.1603923
2018-04-01,A DIVISION,6,1,peak,12325,19439,63.4034673
2018-04-01,A DIVISION,6,2,offpeak,4526,5650,80.1061947
2018-04-01,A DIVISION,6,2,peak,2356,2846,82.7828531
2018-04-01,A DIVISION,7,1,offpeak,13276,19642,67.5898585
2018-04-01,A DIVISION,7,1,peak,9175,15726,58.3428717
2018-04-01,A DIVISION,7,2,offpeak,3272,3901,83.8759292
2018-04-01,A DIVISION,7,2,peak,1798,2237,80.3755029
2018-04-01,A DIVISION,S 42nd,1,offpeak,6419,6568,97.7314251
2018-04-01,A DIVISION,S 42nd,1,peak,5503,6060,90.8085809
2018-04-01,A DIVISION,S 42nd,2,offpeak,1892,1906,99.2654774
2018-04-01,A DIVISION,S 42nd,2,peak,1079,1100,98.0909091
2018-04-01,B DIVISION,A,1,offpeak,14327,20530,69.7856795
2018-04-01,B DIVISION,A,1,peak,9685,14981,64.6485548
2018-04-01,B DIVISION,A,2,offpeak,5027,7020,71.6096866
2018-04-01,B DIVISION,A,2,peak,2681,3652,73.4118291
2018-04-01,B DIVISION,B,1,offpeak,6786,8738,77.6607919
2018-04-01,B DIVISION,B,1,peak,5981,8278,72.2517516
2018-04-01,B DIVISION,C,1,offpeak,9184,12387,74.1422459
2018-04-01,B DIVISION,C,1,peak,5360,7784,68.8591984
2018-04-01,B DIVISION,C,2,offpeak,2694,3967,67.9102596
2018-04-01,B DIVISION,C,2,peak,1560,2166,72.0221607
2018-04-01,B DIVISION,D,1,offpeak,10035,13937,72.0025831
2018-04-01,B DIVISION,D,1,peak,6673,9163,72.8254938
2018-04-01,B DIVISION,D,2,offpeak,2996,4027,74.3978148
2018-04-01,B DIVISION,D,2,peak,1599,2060,77.6213592
2018-04-01,B DIVISION,E,1,offpeak,11586,17284,67.0330942
2018-04-01,B DIVISION,E,1,peak,7773,12510,62.1342926
2018-04-01,B DIVISION,E,2,offpeak,3877,4831,80.2525357
2018-04-01,B DIVISION,E,2,peak,2008,2470,81.2955466
2018-04-01,B DIVISION,F,1,offpeak,19747,27903,70.7701681
2018-04-01,B DIVISION,F,1,peak,13253,19722,67.199067
2018-04-01,B DIVISION,F,2,offpeak,4644,5878,79.0064648
2018-04-01,B DIVISION,F,2,peak,2433,2992,81.3168449
2018-04-01,B DIVISION,G,1,offpeak,10029,12227,82.0233909
2018-04-01,B DIVISION,G,1,peak,5898,7534,78.2851075
2018-04-01,B DIVISION,G,2,offpeak,3740,4302,86.9363087
2018-04-01,B DIVISION,G,2,peak,1942,2210,87.8733032
2018-04-01,B DIVISION,JZ,1,offpeak,8765,11357,77.1770714
2018-04-01,B DIVISION,JZ,1,peak,5899,8191,72.0180686
2018-04-01,B DIVISION,JZ,2,offpeak,2921,3493,83.6243916
2018-04-01,B DIVISION,JZ,2,peak,1572,1868,84.1541756
2018-04-01,B DIVISION,L,1,offpeak,18631,23390,79.6536982
2018-04-01,B DIVISION,L,1,peak,11508,15230,75.561392
2018-04-01,B DIVISION,L,2,offpeak,7884,10018,78.698343
2018-04-01,B DIVISION,L,2,peak,4121,5119,80.5040047
2018-04-01,B DIVISION,M,1,offpeak,11794,16593,71.0781655
2018-04-01,B DIVISION,M,1,peak,7609,10959,69.4315175
2018-04-01,B DIVISION,M,2,offpeak,1405,1520,92.4342105
2018-04-01,B DIVISION,M,2,peak,700,779,89.8587933
2018-04-01,B DIVISION,N,1,offpeak,12662,17593,71.971807
2018-04-01,B DIVISION,N,1,peak,7747,11152,69.4673601
2018-04-01,B DIVISION,N,2,offpeak,4265,5853,72.8686144
2018-04-01,B DIVISION,N,2,peak,2099,2867,73.2124172
2018-04-01,B DIVISION,Q,1,offpeak,10150,12915,78.5907859
2018-04-01,B DIVISION,Q,1,peak,5908,7929,74.5112877
2018-04-01,B DIVISION,Q,2,offpeak,4166,5157,80.7834012
2018-04-01,B DIVISION,Q,2,peak,2213,2684,82.4515648
2018-04-01,B DIVISION,R,1,offpeak,14801,19934,74.2500251
2018-04-01,B DIVISION,R,1,peak,9433,13741,68.64857
2018-04-01,B DIVISION,R,2,offpeak,5232,6969,75.0753336
2018-04-01,B DIVISION,R,2,peak,2705,3520,76.8465909
2018-04-01,B DIVISION,S Fkln,1,offpeak,2020,2047,98.6809966
2018-04-01,B DIVISION,S Fkln,1,peak,1133,1149,98.6074848
2018-04-01,B DIVISION,S Fkln,2,offpeak,861,878,98.0637813
2018-04-01,B DIVISION,S Fkln,2,peak,426,435,97.9310345
2018-04-01,B DIVISION,S Rock,1,offpeak,914,948,96.4135021
2018-04-01,B DIVISION,S Rock,1,peak,477,491,97.1486762
2018-04-01,B DIVISION,S Rock,2,offpeak,369,382,96.5968586
2018-04-01,B DIVISION,S Rock,2,peak,185,191,96.8586387
2018-04-01,B DIVISION,W,1,offpeak,6741,9247,72.8993187
2018-04-01,B DIVISION,W,1,peak,4199,5936,70.7378706
2018-05-01,A DIVISION,1,1,offpeak,21654,27670,78.2580412
2018-05-01,A DIVISION,1,1,peak,13156,17798,73.9184178
2018-05-01,A DIVISION,1,2,offpeak,5205,6052,86.0046266
2018-05-01,A DIVISION,1,2,peak,2517,2913,86.4057673
2018-05-01,A DIVISION,2,1,offpeak,20457,29005,70.5292191
2018-05-01,A DIVISION,2,1,peak,12319,19032,64.7278268
2018-05-01,A DIVISION,2,2,offpeak,4377,5837,74.9871509
2018-05-01,A DIVISION,2,2,peak,2271,3077,73.8056549
2018-05-01,A DIVISION,3,1,offpeak,16712,22939,72.8540913
2018-05-01,A DIVISION,3,1,peak,10713,15664,68.3924923
2018-05-01,A DIVISION,3,2,offpeak,2855,3100,92.0967742
2018-05-01,A DIVISION,3,2,peak,1492,1628,91.6461916
2018-05-01,A DIVISION,4,1,offpeak,23709,33119,71.5873064
2018-05-01,A DIVISION,4,1,peak,14930,23933,62.3824844
2018-05-01,A DIVISION,4,2,offpeak,6568,9501,69.1295653
2018-05-01,A DIVISION,4,2,peak,3603,5085,70.8554572
2018-05-01,A DIVISION,5,1,offpeak,17263,24606,70.1576851
2018-05-01,A DIVISION,5,1,peak,12280,20633,59.5163088
2018-05-01,A DIVISION,5,2,offpeak,5335,7253,73.55577
2018-05-01,A DIVISION,5,2,peak,2831,3594,78.7701725
2018-05-01,A DIVISION,6,1,offpeak,22095,30874,71.5650709
2018-05-01,A DIVISION,6,1,peak,12989,20452,63.5096812
2018-05-01,A DIVISION,6,2,offpeak,3916,4378,89.4472362
2018-05-01,A DIVISION,6,2,peak,1996,2222,89.8289829
2018-05-01,A DIVISION,7,1,offpeak,14679,20593,71.2815034
2018-05-01,A DIVISION,7,1,peak,10165,16609,61.2017581
2018-05-01,A DIVISION,7,2,offpeak,3537,4282,82.601588
2018-05-01,A DIVISION,7,2,peak,1993,2526,78.8994458
2018-05-01,A DIVISION,S 42nd,1,offpeak,6734,6884,97.8210343
2018-05-01,A DIVISION,S 42nd,1,peak,5890,6402,92.0024992
2018-05-01,A DIVISION,S 42nd,2,offpeak,1692,1704,99.2957746
2018-05-01,A DIVISION,S 42nd,2,peak,985,992,99.2943548
2018-05-01,B DIVISION,A,1,offpeak,14549,21213,68.5853015
2018-05-01,B DIVISION,A,1,peak,10348,15845,65.307668
2018-05-01,B DIVISION,A,2,offpeak,4217,5716,73.7753674
2018-05-01,B DIVISION,A,2,peak,2211,3005,73.577371
2018-05-01,B DIVISION,B,1,offpeak,6846,9203,74.3887863
2018-05-01,B DIVISION,B,1,peak,6195,8659,71.5440582
2018-05-01,B DIVISION,C,1,offpeak,9115,12335,73.8954195
2018-05-01,B DIVISION,C,1,peak,5940,8227,72.2012884
2018-05-01,B DIVISION,C,2,offpeak,2532,3361,75.3347218
2018-05-01,B DIVISION,C,2,peak,1350,1828,73.8512035
2018-05-01,B DIVISION,D,1,offpeak,10237,14646,69.8962174
2018-05-01,B DIVISION,D,1,peak,6609,9609,68.7792694
2018-05-01,B DIVISION,D,2,offpeak,2187,2986,73.241795
2018-05-01,B DIVISION,D,2,peak,1145,1525,75.0819672
2018-05-01,B DIVISION,E,1,offpeak,12592,18226,69.0881159
2018-05-01,B DIVISION,E,1,peak,8232,13124,62.724779
2018-05-01,B DIVISION,E,2,offpeak,3059,3670,83.3514986
2018-05-01,B DIVISION,E,2,peak,1559,1841,84.6822379
2018-05-01,B DIVISION,F,1,offpeak,20256,29192,69.3888737
2018-05-01,B DIVISION,F,1,peak,14039,21009,66.8237422
2018-05-01,B DIVISION,F,2,offpeak,3083,3714,83.0102316
2018-05-01,B DIVISION,F,2,peak,1546,1875,82.4533333
2018-05-01,B DIVISION,G,1,offpeak,10567,12929,81.7309923
2018-05-01,B DIVISION,G,1,peak,6273,7902,79.3849658
2018-05-01,B DIVISION,G,2,offpeak,3394,4048,83.8438735
2018-05-01,B DIVISION,G,2,peak,1784,2091,85.3180297
2018-05-01,B DIVISION,JZ,1,offpeak,9731,11959,81.3696797
2018-05-01,B DIVISION,JZ,1,peak,6287,8605,73.0621732
2018-05-01,B DIVISION,JZ,2,offpeak,3044,3659,83.192129
2018-05-01,B DIVISION,JZ,2,peak,1692,1972,85.801217
2018-05-01,B DIVISION,L,1,offpeak,19354,25006,77.3974246
2018-05-01,B DIVISION,L,1,peak,11911,15831,75.2384562
2018-05-01,B DIVISION,L,2,offpeak,6997,8999,77.7530837
2018-05-01,B DIVISION,L,2,peak,3607,4604,78.3449175
2018-05-01,B DIVISION,M,1,offpeak,12264,16064,76.3446215
2018-05-01,B DIVISION,M,1,peak,8025,11547,69.4985711
2018-05-01,B DIVISION,M,2,offpeak,1682,1866,90.1393355
2018-05-01,B DIVISION,M,2,peak,843,989,85.2376138
2018-05-01,B DIVISION,N,1,offpeak,13170,18222,72.2752716
2018-05-01,B DIVISION,N,1,peak,7843,11630,67.4376612
2018-05-01,B DIVISION,N,2,offpeak,3801,5215,72.885906
2018-05-01,B DIVISION,N,2,peak,1808,2571,70.3228316
2018-05-01,B DIVISION,Q,1,offpeak,10516,13843,75.9661923
2018-05-01,B DIVISION,Q,1,peak,6158,8408,73.2397716
2018-05-01,B DIVISION,Q,2,offpeak,3508,4397,79.7816693
2018-05-01,B DIVISION,Q,2,peak,1854,2338,79.2985458
2018-05-01,B DIVISION,R,1,offpeak,14842,21081,70.4046298
2018-05-01,B DIVISION,R,1,peak,9820,14471,67.8598576
2018-05-01,B DIVISION,R,2,offpeak,4074,5720,71.2237762
2018-05-01,B DIVISION,R,2,peak,2095,2903,72.1667241
2018-05-01,B DIVISION,S Fkln,1,offpeak,2153,2207,97.5532397
2018-05-01,B DIVISION,S Fkln,1,peak,1252,1282,97.6599064
2018-05-01,B DIVISION,S Fkln,2,offpeak,740,747,99.0629183
2018-05-01,B DIVISION,S Fkln,2,peak,403,408,98.7745098
2018-05-01,B DIVISION,S Rock,1,offpeak,1088,1149,94.6910357
2018-05-01,B DIVISION,S Rock,1,peak,561,590,95.0847458
2018-05-01,B DIVISION,S Rock,2,offpeak,337,351,96.011396
2018-05-01,B DIVISION,S Rock,2,peak,177,187,94.6524064
2018-05-01,B DIVISION,W,1,offpeak,6700,9436,71.004663
2018-05-01,B DIVISION,W,1,peak,4392,6206,70.7702224
2018-06-01,A DIVISION,1,1,offpeak,20035,26452,75.7409648
2018-06-01,A DIVISION,1,1,peak,12468,16989,73.3886633
2018-06-01,A DIVISION,1,2,offpeak,5950,6930,85.8585859
2018-06-01,A DIVISION,1,2,peak,2934,3347,87.6605916
2018-06-01,A DIVISION,2,1,offpeak,19222,27683,69.436116
2018-06-01,A DIVISION,2,1,peak,12026,18226,65.9826621
2018-06-01,A DIVISION,2,2,offpeak,5010,7236,69.2371476
2018-06-01,A DIVISION,2,2,peak,2780,3784,73.4672304
2018-06-01,A DIVISION,3,1,offpeak,15855,21746,72.9099605
2018-06-01,A DIVISION,3,1,peak,10603,14953,70.9088477
2018-06-01,A DIVISION,3,2,offpeak,3723,4283,86.9250525
2018-06-01,A DIVISION,3,2,peak,2013,2197,91.6249431
2018-06-01,A DIVISION,4,1,offpeak,22491,31530,71.3320647
2018-06-01,A DIVISION,4,1,peak,14482,22857,63.359146
2018-06-01,A DIVISION,4,2,offpeak,7046,10281,68.5341893
2018-06-01,A DIVISION,4,2,peak,3743,5529,67.6975945
2018-06-01,A DIVISION,5,1,offpeak,16719,23874,70.0301583
2018-06-01,A DIVISION,5,1,peak,12254,19698,62.2093614
2018-06-01,A DIVISION,5,2,offpeak,5179,7385,70.1286391
2018-06-01,A DIVISION,5,2,peak,2747,3746,73.3315537
2018-06-01,A DIVISION,6,1,offpeak,21175,30079,70.3979521
2018-06-01,A DIVISION,6,1,peak,12691,19554,64.9023218
2018-06-01,A DIVISION,6,2,offpeak,4842,6084,79.5857988
2018-06-01,A DIVISION,6,2,peak,2576,3173,81.1849984
2018-06-01,A DIVISION,7,1,offpeak,13433,19492,68.9154525
2018-06-01,A DIVISION,7,1,peak,9316,15508,60.0722208
2018-06-01,A DIVISION,7,2,offpeak,4169,5611,74.3004812
2018-06-01,A DIVISION,7,2,peak,2293,3486,65.7773953
2018-06-01,A DIVISION,S 42nd,1,offpeak,6384,6568,97.1985384
2018-06-01,A DIVISION,S 42nd,1,peak,5631,6095,92.3872026
2018-06-01,A DIVISION,S 42nd,2,offpeak,1940,1952,99.3852459
2018-06-01,A DIVISION,S 42nd,2,peak,1163,1168,99.5719178
2018-06-01,B DIVISION,A,1,offpeak,14347,20517,69.9273773
2018-06-01,B DIVISION,A,1,peak,10133,15433,65.6580056
2018-06-01,B DIVISION,A,2,offpeak,5208,7130,73.0434783
2018-06-01,B DIVISION,A,2,peak,2760,3755,73.5019973
2018-06-01,B DIVISION,B,1,offpeak,6661,8758,76.0561772
2018-06-01,B DIVISION,B,1,peak,5907,8272,71.4095745
2018-06-01,B DIVISION,C,1,offpeak,9357,12440,75.2170418
2018-06-01,B DIVISION,C,1,peak,5937,7872,75.4192073
2018-06-01,B DIVISION,C,2,offpeak,3259,4303,75.7378573
2018-06-01,B DIVISION,C,2,peak,1833,2390,76.6945607
2018-06-01,B DIVISION,D,1,offpeak,10337,14263,72.474234
2018-06-01,B DIVISION,D,1,peak,6654,9186,72.4363161
2018-06-01,B DIVISION,D,2,offpeak,3264,4322,75.5205923
2018-06-01,B DIVISION,D,2,peak,1701,2193,77.5649795
2018-06-01,B DIVISION,E,1,offpeak,11975,17262,69.3720311
2018-06-01,B DIVISION,E,1,peak,8505,12600,67.5
2018-06-01,B DIVISION,E,2,offpeak,2528,3213,78.680361
2018-06-01,B DIVISION,E,2,peak,1231,1599,76.985616
2018-06-01,B DIVISION,F,1,offpeak,20246,28196,71.8045113
2018-06-01,B DIVISION,F,1,peak,14169,20104,70.4785117
2018-06-01,B DIVISION,F,2,offpeak,4760,6078,78.3152353
2018-06-01,B DIVISION,F,2,peak,2384,3067,77.7306814
2018-06-01,B DIVISION,G,1,offpeak,9834,11989,82.0251898
2018-06-01,B DIVISION,G,1,peak,6115,7564,80.8434691
2018-06-01,B DIVISION,G,2,offpeak,3369,3810,88.4251969
2018-06-01,B DIVISION,G,2,peak,1779,1984,89.6673387
2018-06-01,B DIVISION,JZ,1,offpeak,9037,11300,79.9734513
2018-06-01,B DIVISION,JZ,1,peak,5926,8180,72.4449878
2018-06-01,B DIVISION,JZ,2,offpeak,3327,4002,83.1334333
2018-06-01,B DIVISION,JZ,2,peak,1814,2157,84.0982847
2018-06-01,B DIVISION,L,1,offpeak,17776,22465,79.1275317
2018-06-01,B DIVISION,L,1,peak,11533,15181,75.9699625
2018-06-01,B DIVISION,L,2,offpeak,7116,8981,79.2339383
2018-06-01,B DIVISION,L,2,peak,3613,4349,83.0765693
2018-06-01,B DIVISION,M,1,offpeak,11484,14559,78.8790439
2018-06-01,B DIVISION,M,1,peak,7789,11064,70.3994939
2018-06-01,B DIVISION,M,2,offpeak,1720,1895,90.7651715
2018-06-01,B DIVISION,M,2,peak,922,1016,90.7480315
2018-06-01,B DIVISION,N,1,offpeak,12263,17607,69.6484353
2018-06-01,B DIVISION,N,1,peak,7678,11145,68.8918798
2018-06-01,B DIVISION,N,2,offpeak,3676,5218,70.4484477
2018-06-01,B DIVISION,N,2,peak,1867,2589,72.1127849
2018-06-01,B DIVISION,Q,1,offpeak,10478,13631,76.8689018
2018-06-01,B DIVISION,Q,1,peak,5988,8059,74.3020226
2018-06-01,B DIVISION,Q,2,offpeak,4534,5357,84.6369237
2018-06-01,B DIVISION,Q,2,peak,2365,2769,85.4098953
2018-06-01,B DIVISION,R,1,offpeak,14722,20280,72.5936884
2018-06-01,B DIVISION,R,1,peak,9460,13877,68.1703538
2018-06-01,B DIVISION,R,2,offpeak,5161,6974,74.0034414
2018-06-01,B DIVISION,R,2,peak,2699,3551,76.0067587
2018-06-01,B DIVISION,S Fkln,1,offpeak,1854,1916,96.7640919
2018-06-01,B DIVISION,S Fkln,1,peak,1088,1109,98.1064022
2018-06-01,B DIVISION,S Fkln,2,offpeak,857,863,99.3047509
2018-06-01,B DIVISION,S Fkln,2,peak,463,465,99.5698925
2018-06-01,B DIVISION,S Rock,1,offpeak,1718,1819,94.4474986
2018-06-01,B DIVISION,S Rock,1,peak,877,922,95.1193059
2018-06-01,B DIVISION,S Rock,2,offpeak,591,674,87.6854599
2018-06-01,B DIVISION,S Rock,2,peak,347,374,92.7807487
2018-06-01,B DIVISION,W,1,offpeak,6118,9173,66.6957375
2018-06-01,B DIVISION,W,1,peak,4068,5983,67.9926458
2018-07-01,A DIVISION,1,1,offpeak,19494,25834,75.4586978
2018-07-01,A DIVISION,1,1,peak,12057,16989,70.9694508
2018-07-01,A DIVISION,1,2,offpeak,5542,6760,81.9822485
2018-07-01,A DIVISION,1,2,peak,2684,3277,81.9041807
2018-07-01,A DIVISION,2,1,offpeak,18590,28191,65.9430315
2018-07-01,A DIVISION,2,1,peak,11785,18347,64.2339347
2018-07-01,A DIVISION,2,2,offpeak,6611,9896,66.8047696
2018-07-01,A DIVISION,2,2,peak,3518,5155,68.2444229
2018-07-01,A DIVISION,3,1,offpeak,14329,21165,67.7013938
2018-07-01,A DIVISION,3,1,peak,10022,14973,66.9338142
2018-07-01,A DIVISION,3,2,offpeak,4809,6094,78.9136856
2018-07-01,A DIVISION,3,2,peak,2427,2994,81.0621242
2018-07-01,A DIVISION,4,1,offpeak,22100,31625,69.8814229
2018-07-01,A DIVISION,4,1,peak,14354,22874,62.7524701
2018-07-01,A DIVISION,4,2,offpeak,6938,9918,69.9536197
2018-07-01,A DIVISION,4,2,peak,3729,5267,70.7993165
2018-07-01,A DIVISION,5,1,offpeak,15689,23137,67.8091369
2018-07-01,A DIVISION,5,1,peak,11814,19688,60.0060951
2018-07-01,A DIVISION,5,2,offpeak,2459,2932,83.8676671
2018-07-01,A DIVISION,5,2,peak,1231,1534,80.2477184
2018-07-01,A DIVISION,6,1,offpeak,20662,29570,69.8748732
2018-07-01,A DIVISION,6,1,peak,12963,19533,66.3646137
2018-07-01,A DIVISION,6,2,offpeak,5103,6799,75.0551552
2018-07-01,A DIVISION,6,2,peak,2646,3527,75.0212645
2018-07-01,A DIVISION,7,1,offpeak,14041,19908,70.5294354
2018-07-01,A DIVISION,7,1,peak,9560,15455,61.8570042
2018-07-01,A DIVISION,7,2,offpeak,3819,5436,70.2538631
2018-07-01,A DIVISION,7,2,peak,2063,3429,60.1633129
2018-07-01,A DIVISION,S 42nd,1,offpeak,6283,6570,95.6316591
2018-07-01,A DIVISION,S 42nd,1,peak,5412,6051,89.439762
2018-07-01,A DIVISION,S 42nd,2,offpeak,1875,1906,98.3735572
2018-07-01,A DIVISION,S 42nd,2,peak,1069,1100,97.1818182
2018-07-01,B DIVISION,A,1,offpeak,14426,20884,69.0768052
2018-07-01,B DIVISION,A,1,peak,9668,14675,65.8807496
2018-07-01,B DIVISION,A,2,offpeak,5046,7005,72.0342612
2018-07-01,B DIVISION,A,2,peak,2649,3640,72.7747253
2018-07-01,B DIVISION,B,1,offpeak,6783,8944,75.838551
2018-07-01,B DIVISION,B,1,peak,5976,8302,71.9826548
2018-07-01,B DIVISION,C,1,offpeak,9455,12506,75.6037102
2018-07-01,B DIVISION,C,1,peak,5620,7849,71.6014779
2018-07-01,B DIVISION,C,2,offpeak,3164,4333,73.0210016
2018-07-01,B DIVISION,C,2,peak,1740,2394,72.6817043
2018-07-01,B DIVISION,D,1,offpeak,10065,14250,70.6315789
2018-07-01,B DIVISION,D,1,peak,6426,9133,70.3602321
2018-07-01,B DIVISION,D,2,offpeak,3224,4252,75.8231421
2018-07-01,B DIVISION,D,2,peak,1606,2157,74.4552619
2018-07-01,B DIVISION,E,1,offpeak,12179,17343,70.224298
2018-07-01,B DIVISION,E,1,peak,7895,12552,62.8983429
2018-07-01,B DIVISION,E,2,offpeak,2653,3510,75.5840456
2018-07-01,B DIVISION,E,2,peak,1300,1739,74.7556067
2018-07-01,B DIVISION,F,1,offpeak,19700,28091,70.1292229
2018-07-01,B DIVISION,F,1,peak,13613,20078,67.8005777
2018-07-01,B DIVISION,F,2,offpeak,4307,5687,75.7341305
2018-07-01,B DIVISION,F,2,peak,2282,2860,79.7902098
2018-07-01,B DIVISION,G,1,offpeak,10065,12343,81.5441951
2018-07-01,B DIVISION,G,1,peak,6131,7750,79.1096774
2018-07-01,B DIVISION,G,2,offpeak,3056,3571,85.5782694
2018-07-01,B DIVISION,G,2,peak,1610,1873,85.9583556
2018-07-01,B DIVISION,JZ,1,offpeak,8976,11346,79.1115812
2018-07-01,B DIVISION,JZ,1,peak,5931,8196,72.3645681
2018-07-01,B DIVISION,JZ,2,offpeak,2931,3617,81.0340061
2018-07-01,B DIVISION,JZ,2,peak,1536,1893,81.141046
2018-07-01,B DIVISION,L,1,offpeak,17875,22812,78.3578818
2018-07-01,B DIVISION,L,1,peak,11173,15206,73.4775746
2018-07-01,B DIVISION,L,2,offpeak,6454,8496,75.9651601
2018-07-01,B DIVISION,L,2,peak,3353,4054,82.7084361
2018-07-01,B DIVISION,M,1,offpeak,10933,15037,72.7073219
2018-07-01,B DIVISION,M,1,peak,7337,11008,66.6515262
2018-07-01,B DIVISION,M,2,offpeak,1096,1161,94.4013781
2018-07-01,B DIVISION,M,2,peak,540,579,93.2642487
2018-07-01,B DIVISION,N,1,offpeak,11789,17617,66.9183175
2018-07-01,B DIVISION,N,1,peak,7579,11072,68.4519509
2018-07-01,B DIVISION,N,2,offpeak,3459,4875,70.9538462
2018-07-01,B DIVISION,N,2,peak,1786,2421,73.7711689
2018-07-01,B DIVISION,Q,1,offpeak,10132,13662,74.1619089
2018-07-01,B DIVISION,Q,1,peak,6055,8142,74.3674773
2018-07-01,B DIVISION,Q,2,offpeak,3850,4934,78.0299959
2018-07-01,B DIVISION,Q,2,peak,2050,2578,79.519007
2018-07-01,B DIVISION,R,1,offpeak,14324,20180,70.9811695
2018-07-01,B DIVISION,R,1,peak,9276,13891,66.7770499
2018-07-01,B DIVISION,R,2,offpeak,4666,6441,72.4421674
2018-07-01,B DIVISION,R,2,peak,2557,3404,75.1175088
2018-07-01,B DIVISION,S Fkln,1,offpeak,2274,2295,99.0849673
2018-07-01,B DIVISION,S Fkln,1,peak,1298,1316,98.6322188
2018-07-01,B DIVISION,S Fkln,2,offpeak,889,904,98.340708
2018-07-01,B DIVISION,S Fkln,2,peak,491,505,97.2277228
2018-07-01,B DIVISION,S Rock,1,offpeak,877,940,93.2978723
2018-07-01,B DIVISION,S Rock,1,peak,437,462,94.5887446
2018-07-01,B DIVISION,S Rock,2,offpeak,373,406,91.8719212
2018-07-01,B DIVISION,S Rock,2,peak,197,220,89.5454545
2018-07-01,B DIVISION,W,1,offpeak,6698,9483,70.6316566
2018-07-01,B DIVISION,W,1,peak,4233,6119,69.1779703
2018-08-01,A DIVISION,1,1,offpeak,21602,28689,75.2971522
2018-08-01,A DIVISION,1,1,peak,13145,18607,70.645456
2018-08-01,A DIVISION,1,2,offpeak,5244,6421,81.6695219
2018-08-01,A DIVISION,1,2,peak,2449,3043,80.4797897
2018-08-01,A DIVISION,2,1,offpeak,21006,29491,71.2285104
2018-08-01,A DIVISION,2,1,peak,12669,18170,69.7248211
2018-08-01,A DIVISION,2,2,offpeak,5395,7259,74.3215319
2018-08-01,A DIVISION,2,2,peak,2808,3700,75.8918919
2018-08-01,A DIVISION,3,1,offpeak,16198,22536,71.8761093
2018-08-01,A DIVISION,3,1,peak,11751,16399,71.6568083
2018-08-01,A DIVISION,3,2,offpeak,4800,6105,78.6240786
2018-08-01,A DIVISION,3,2,peak,2449,3053,80.2161808
2018-08-01,A DIVISION,4,1,offpeak,24325,34334,70.8481389
2018-08-01,A DIVISION,4,1,peak,16540,25067,65.9831651
2018-08-01,A DIVISION,4,2,offpeak,6531,9504,68.7184343
2018-08-01,A DIVISION,4,2,peak,3382,5096,66.3657771
2018-08-01,A DIVISION,5,1,offpeak,17121,24404,70.1565317
2018-08-01,A DIVISION,5,1,peak,12980,19978,64.9714686
2018-08-01,A DIVISION,5,2,offpeak,2157,2730,79.010989
2018-08-01,A DIVISION,5,2,peak,1168,1468,79.5640327
2018-08-01,A DIVISION,6,1,offpeak,23594,32614,72.3431655
2018-08-01,A DIVISION,6,1,peak,14420,21411,67.3485592
2018-08-01,A DIVISION,6,2,offpeak,5151,6334,81.3230186
2018-08-01,A DIVISION,6,2,peak,2491,3305,75.3706505
2018-08-01,A DIVISION,7,1,offpeak,14992,20668,72.5372557
2018-08-01,A DIVISION,7,1,peak,10381,16526,62.8161685
2018-08-01,A DIVISION,7,2,offpeak,3522,4593,76.6819073
2018-08-01,A DIVISION,7,2,peak,2092,2759,75.8245741
2018-08-01,A DIVISION,S 42nd,1,offpeak,6986,7199,97.0412557
2018-08-01,A DIVISION,S 42nd,1,peak,6072,6693,90.7216495
2018-08-01,A DIVISION,S 42nd,2,offpeak,1663,1704,97.5938967
2018-08-01,A DIVISION,S 42nd,2,peak,965,992,97.2782258
2018-08-01,B DIVISION,A,1,offpeak,15839,22828,69.3840897
2018-08-01,B DIVISION,A,1,peak,10547,16072,65.6234445
2018-08-01,B DIVISION,A,2,offpeak,4350,6064,71.7348285
2018-08-01,B DIVISION,A,2,peak,2232,3151,70.8346557
2018-08-01,B DIVISION,B,1,offpeak,7247,9797,73.971624
2018-08-01,B DIVISION,B,1,peak,6496,9064,71.6681377
2018-08-01,B DIVISION,C,1,offpeak,9887,13393,73.8221459
2018-08-01,B DIVISION,C,1,peak,6196,8575,72.2565598
2018-08-01,B DIVISION,C,2,offpeak,2849,3680,77.4184783
2018-08-01,B DIVISION,C,2,peak,1485,2037,72.9013255
2018-08-01,B DIVISION,D,1,offpeak,10891,15370,70.8588159
2018-08-01,B DIVISION,D,1,peak,7091,9953,71.2448508
2018-08-01,B DIVISION,D,2,offpeak,3068,3825,80.2091503
2018-08-01,B DIVISION,D,2,peak,1565,1952,80.1741803
2018-08-01,B DIVISION,E,1,offpeak,12776,18696,68.3354728
2018-08-01,B DIVISION,E,1,peak,9090,13810,65.8218682
2018-08-01,B DIVISION,E,2,offpeak,2509,3063,81.913157
2018-08-01,B DIVISION,E,2,peak,1303,1533,84.9967384
2018-08-01,B DIVISION,F,1,offpeak,21801,30737,70.9275466
2018-08-01,B DIVISION,F,1,peak,15223,22197,68.5813398
2018-08-01,B DIVISION,F,2,offpeak,4417,5532,79.8445409
2018-08-01,B DIVISION,F,2,peak,2204,2792,78.9398281
2018-08-01,B DIVISION,G,1,offpeak,11118,13484,82.453278
2018-08-01,B DIVISION,G,1,peak,6677,8441,79.1020021
2018-08-01,B DIVISION,G,2,offpeak,2700,3061,88.2064685
2018-08-01,B DIVISION,G,2,peak,1371,1581,86.7172676
2018-08-01,B DIVISION,JZ,1,offpeak,9572,12497,76.5943827
2018-08-01,B DIVISION,JZ,1,peak,6631,9002,73.6614086
2018-08-01,B DIVISION,JZ,2,offpeak,2755,3267,84.3281298
2018-08-01,B DIVISION,JZ,2,peak,1421,1747,81.339439
2018-08-01,B DIVISION,L,1,offpeak,21512,27226,79.0127084
2018-08-01,B DIVISION,L,1,peak,12901,16696,77.2700048
2018-08-01,B DIVISION,L,2,offpeak,4921,6225,79.0522088
2018-08-01,B DIVISION,L,2,peak,2513,3030,82.9372937
2018-08-01,B DIVISION,M,1,offpeak,12056,15775,76.4247227
2018-08-01,B DIVISION,M,1,peak,8501,12027,70.6826307
2018-08-01,B DIVISION,M,2,offpeak,1358,1639,82.8553996
2018-08-01,B DIVISION,M,2,peak,630,807,78.0669145
2018-08-01,B DIVISION,N,1,offpeak,13212,19456,67.9070724
2018-08-01,B DIVISION,N,1,peak,8192,12137,67.4960863
2018-08-01,B DIVISION,N,2,offpeak,3567,5013,71.154997
2018-08-01,B DIVISION,N,2,peak,1864,2520,73.968254
2018-08-01,B DIVISION,Q,1,offpeak,11096,14921,74.3649889
2018-08-01,B DIVISION,Q,1,peak,6488,8800,73.7272727
2018-08-01,B DIVISION,Q,2,offpeak,3632,4332,83.8411819
2018-08-01,B DIVISION,Q,2,peak,1906,2283,83.4866404
2018-08-01,B DIVISION,R,1,offpeak,15533,22305,69.6390944
2018-08-01,B DIVISION,R,1,peak,10161,15147,67.0825906
2018-08-01,B DIVISION,R,2,offpeak,4396,6015,73.0839568
2018-08-01,B DIVISION,R,2,peak,2411,3224,74.7828784
2018-08-01,B DIVISION,S Fkln,1,offpeak,1938,1998,96.996997
2018-08-01,B DIVISION,S Fkln,1,peak,1107,1146,96.5968586
2018-08-01,B DIVISION,S Fkln,2,offpeak,761,773,98.4476067
2018-08-01,B DIVISION,S Fkln,2,peak,420,423,99.2907801
2018-08-01,B DIVISION,S Rock,1,offpeak,928,979,94.7906027
2018-08-01,B DIVISION,S Rock,1,peak,465,485,95.8762887
2018-08-01,B DIVISION,S Rock,2,offpeak,267,279,95.6989247
2018-08-01,B DIVISION,S Rock,2,peak,145,150,96.6666667
2018-08-01,B DIVISION,W,1,offpeak,7176,10184,70.4634721
2018-08-01,B DIVISION,W,1,peak,4690,6675,70.2621723
2018-09-01,A DIVISION,1,1,offpeak,17917,23869,75.0638904
2018-09-01,A DIVISION,1,1,peak,10561,15371,68.707306
2018-09-01,A DIVISION,1,2,offpeak,6599,7724,85.4350078
2018-09-01,A DIVISION,1,2,peak,3254,3761,86.5195427
2018-09-01,A DIVISION,2,1,offpeak,18215,25861,70.4342446
2018-09-01,A DIVISION,2,1,peak,11230,16606,67.6261592
2018-09-01,A DIVISION,2,2,offpeak,7081,9937,71.2589313
2018-09-01,A DIVISION,2,2,peak,3734,5085,73.4316618
2018-09-01,A DIVISION,3,1,offpeak,13925,19540,71.2640737
2018-09-01,A DIVISION,3,1,peak,9394,13547,69.3437661
2018-09-01,A DIVISION,3,2,offpeak,5662,7019,80.6667616
2018-09-01,A DIVISION,3,2,peak,2902,3481,83.3668486
2018-09-01,A DIVISION,4,1,offpeak,20300,28288,71.7618778
2018-09-01,A DIVISION,4,1,peak,13257,20703,64.0341979
2018-09-01,A DIVISION,4,2,offpeak,8072,11318,71.3200212
2018-09-01,A DIVISION,4,2,peak,4381,6047,72.4491483
2018-09-01,A DIVISION,5,1,offpeak,14991,21270,70.4795487
2018-09-01,A DIVISION,5,1,peak,11137,17822,62.4901807
2018-09-01,A DIVISION,5,2,offpeak,1945,2239,86.869138
2018-09-01,A DIVISION,5,2,peak,1068,1206,88.5572139
2018-09-01,A DIVISION,6,1,offpeak,20168,27192,74.1688732
2018-09-01,A DIVISION,6,1,peak,12075,17883,67.5222278
2018-09-01,A DIVISION,6,2,offpeak,6905,8089,85.3628384
2018-09-01,A DIVISION,6,2,peak,3665,4238,86.4794714
2018-09-01,A DIVISION,7,1,offpeak,13289,17828,74.5400494
2018-09-01,A DIVISION,7,1,peak,9254,13883,66.6570626
2018-09-01,A DIVISION,7,2,offpeak,4400,5472,80.4093567
2018-09-01,A DIVISION,7,2,peak,2475,3073,80.5401887
2018-09-01,A DIVISION,S 42nd,1,offpeak,5823,5927,98.245318
2018-09-01,A DIVISION,S 42nd,1,peak,4854,5523,87.8870179
2018-09-01,A DIVISION,S 42nd,2,offpeak,2113,2130,99.2018779
2018-09-01,A DIVISION,S 42nd,2,peak,1222,1240,98.5483871
2018-09-01,B DIVISION,A,1,offpeak,12990,18679,69.5433374
2018-09-01,B DIVISION,A,1,peak,9020,13841,65.1687017
2018-09-01,B DIVISION,A,2,offpeak,5420,7695,70.4353476
2018-09-01,B DIVISION,A,2,peak,2871,4018,71.4534594
2018-09-01,B DIVISION,B,1,offpeak,5857,7640,76.6623037
2018-09-01,B DIVISION,B,1,peak,5290,7416,71.3322546
2018-09-01,B DIVISION,C,1,offpeak,8280,11202,73.9153723
2018-09-01,B DIVISION,C,1,peak,5021,7053,71.1895647
2018-09-01,B DIVISION,C,2,offpeak,3271,4613,70.9083026
2018-09-01,B DIVISION,C,2,peak,1863,2579,72.2373013
2018-09-01,B DIVISION,D,1,offpeak,8325,11589,71.8353611
2018-09-01,B DIVISION,D,1,peak,5710,8151,70.0527543
2018-09-01,B DIVISION,D,2,offpeak,1667,2145,77.7156177
2018-09-01,B DIVISION,D,2,peak,903,1098,82.2404372
2018-09-01,B DIVISION,E,1,offpeak,10840,15461,70.1118944
2018-09-01,B DIVISION,E,1,peak,7282,11211,64.954063
2018-09-01,B DIVISION,E,2,offpeak,3296,3988,82.6479438
2018-09-01,B DIVISION,E,2,peak,1626,1978,82.2042467
2018-09-01,B DIVISION,F,1,offpeak,17022,23630,72.035548
2018-09-01,B DIVISION,F,1,peak,12363,17917,69.0015069
2018-09-01,B DIVISION,F,2,offpeak,4497,5562,80.8522114
2018-09-01,B DIVISION,F,2,peak,2267,2767,81.929888
2018-09-01,B DIVISION,G,1,offpeak,9130,11173,81.7148483
2018-09-01,B DIVISION,G,1,peak,5353,6840,78.2602339
2018-09-01,B DIVISION,G,2,offpeak,3470,3800,91.3157895
2018-09-01,B DIVISION,G,2,peak,1751,1976,88.6133603
2018-09-01,B DIVISION,JZ,1,offpeak,8040,10238,78.5309631
2018-09-01,B DIVISION,JZ,1,peak,5338,7332,72.8041462
2018-09-01,B DIVISION,JZ,2,offpeak,3308,3826,86.4610559
2018-09-01,B DIVISION,JZ,2,peak,1725,2038,84.6418057
2018-09-01,B DIVISION,L,1,offpeak,16632,21065,78.9556136
2018-09-01,B DIVISION,L,1,peak,10603,13779,76.9504318
2018-09-01,B DIVISION,L,2,offpeak,8950,11255,79.5202132
2018-09-01,B DIVISION,L,2,peak,4597,5755,79.8783666
2018-09-01,B DIVISION,M,1,offpeak,10120,13157,76.9172304
2018-09-01,B DIVISION,M,1,peak,6614,9433,70.1155518
2018-09-01,B DIVISION,M,2,offpeak,1525,1627,93.7307929
2018-09-01,B DIVISION,M,2,peak,782,830,94.2168675
2018-09-01,B DIVISION,N,1,offpeak,11027,15685,70.3028371
2018-09-01,B DIVISION,N,1,peak,6897,9977,69.1289967
2018-09-01,B DIVISION,N,2,offpeak,4309,6252,68.921945
2018-09-01,B DIVISION,N,2,peak,2144,3080,69.6103896
2018-09-01,B DIVISION,Q,1,offpeak,9252,12361,74.8483132
2018-09-01,B DIVISION,Q,1,peak,5410,7335,73.7559646
2018-09-01,B DIVISION,Q,2,offpeak,4766,5781,82.442484
2018-09-01,B DIVISION,Q,2,peak,2399,2976,80.6115591
2018-09-01,B DIVISION,R,1,offpeak,13239,18377,72.0411384
2018-09-01,B DIVISION,R,1,peak,8368,12555,66.6507368
2018-09-01,B DIVISION,R,2,offpeak,6036,7707,78.3184118
2018-09-01,B DIVISION,R,2,peak,3272,4085,80.0979192
2018-09-01,B DIVISION,S Fkln,1,offpeak,1556,1580,98.4810127
2018-09-01,B DIVISION,S Fkln,1,peak,937,959,97.7059437
2018-09-01,B DIVISION,S Fkln,2,offpeak,1023,1035,98.8405797
2018-09-01,B DIVISION,S Fkln,2,peak,563,571,98.5989492
2018-09-01,B DIVISION,S Rock,1,offpeak,1547,1650,93.7575758
2018-09-01,B DIVISION,S Rock,1,peak,768,824,93.2038835
2018-09-01,B DIVISION,S Rock,2,offpeak,650,684,95.0292398
2018-09-01,B DIVISION,S Rock,2,peak,354,374,94.6524064
2018-09-01,B DIVISION,W,1,offpeak,5883,7929,74.1959894
2018-09-01,B DIVISION,W,1,peak,3822,5532,69.0889371
2018-10-01,A DIVISION,1,1,offpeak,22025,28713,76.7074148
2018-10-01,A DIVISION,1,1,peak,13277,18607,71.3548664
2018-10-01,A DIVISION,1,2,offpeak,5788,6580,87.9635258
2018-10-01,A DIVISION,1,2,peak,2783,3178,87.5707992
2018-10-01,A DIVISION,2,1,offpeak,22441,31426,71.4090244
2018-10-01,A DIVISION,2,1,peak,13696,20102,68.1325241
2018-10-01,A DIVISION,2,2,offpeak,6108,8302,73.5726331
2018-10-01,A DIVISION,2,2,peak,3216,4268,75.3514527
2018-10-01,A DIVISION,3,1,offpeak,18256,24605,74.1963016
2018-10-01,A DIVISION,3,1,peak,11610,16399,70.7969998
2018-10-01,A DIVISION,3,2,offpeak,5239,6254,83.770387
2018-10-01,A DIVISION,3,2,peak,2710,3112,87.0822622
2018-10-01,A DIVISION,4,1,offpeak,24270,34044,71.2900952
2018-10-01,A DIVISION,4,1,peak,15958,25052,63.699505
2018-10-01,A DIVISION,4,2,offpeak,5003,6832,73.2289227
2018-10-01,A DIVISION,4,2,peak,2736,3662,74.7132714
2018-10-01,A DIVISION,5,1,offpeak,17346,25334,68.4692508
2018-10-01,A DIVISION,5,1,peak,13324,21552,61.8225687
2018-10-01,A DIVISION,5,2,offpeak,2582,3022,85.4401059
2018-10-01,A DIVISION,5,2,peak,1410,1632,86.3970588
2018-10-01,A DIVISION,6,1,offpeak,24287,32199,75.4278083
2018-10-01,A DIVISION,6,1,peak,14832,21819,67.9774508
2018-10-01,A DIVISION,6,2,offpeak,5211,6334,82.2702873
2018-10-01,A DIVISION,6,2,peak,2812,3304,85.1089588
2018-10-01,A DIVISION,7,1,offpeak,15783,21623,72.9917218
2018-10-01,A DIVISION,7,1,peak,10965,16918,64.8126256
2018-10-01,A DIVISION,7,2,offpeak,2410,2769,87.0350307
2018-10-01,A DIVISION,7,2,peak,1266,1438,88.038943
2018-10-01,A DIVISION,S 42nd,1,offpeak,6841,7069,96.7746499
2018-10-01,A DIVISION,S 42nd,1,peak,5691,6471,87.9462216
2018-10-01,A DIVISION,S 42nd,2,offpeak,1681,1704,98.6502347
2018-10-01,A DIVISION,S 42nd,2,peak,966,992,97.3790323
2018-10-01,B DIVISION,A,1,offpeak,15805,22657,69.7576908
2018-10-01,B DIVISION,A,1,peak,10992,16866,65.1725365
2018-10-01,B DIVISION,A,2,offpeak,5065,6775,74.7601476
2018-10-01,B DIVISION,A,2,peak,2745,3593,76.3985527
2018-10-01,B DIVISION,B,1,offpeak,7190,9414,76.3756108
2018-10-01,B DIVISION,B,1,peak,6304,8984,70.1691897
2018-10-01,B DIVISION,C,1,offpeak,10237,13543,75.5888651
2018-10-01,B DIVISION,C,1,peak,6074,8570,70.8751459
2018-10-01,B DIVISION,C,2,offpeak,3433,4224,81.2736742
2018-10-01,B DIVISION,C,2,peak,1948,2323,83.8570814
2018-10-01,B DIVISION,D,1,offpeak,10982,15349,71.5486351
2018-10-01,B DIVISION,D,1,peak,7098,10064,70.5286169
2018-10-01,B DIVISION,D,2,offpeak,3125,3860,80.9585492
2018-10-01,B DIVISION,D,2,peak,1608,1977,81.3353566
2018-10-01,B DIVISION,E,1,offpeak,13627,18953,71.8989078
2018-10-01,B DIVISION,E,1,peak,9291,13756,67.5414365
2018-10-01,B DIVISION,E,2,offpeak,4066,5028,80.867144
2018-10-01,B DIVISION,E,2,peak,2147,2643,81.2334468
2018-10-01,B DIVISION,F,1,offpeak,22329,30839,72.4050715
2018-10-01,B DIVISION,F,1,peak,15430,22210,69.4732103
2018-10-01,B DIVISION,F,2,offpeak,4812,5871,81.962187
2018-10-01,B DIVISION,F,2,peak,2467,2960,83.3445946
2018-10-01,B DIVISION,G,1,offpeak,11471,13802,83.1111433
2018-10-01,B DIVISION,G,1,peak,6465,8288,78.0043436
2018-10-01,B DIVISION,G,2,offpeak,3587,4084,87.8305583
2018-10-01,B DIVISION,G,2,peak,1829,2112,86.6003788
2018-10-01,B DIVISION,JZ,1,offpeak,9993,12628,79.1336712
2018-10-01,B DIVISION,JZ,1,peak,6512,8982,72.5005567
2018-10-01,B DIVISION,JZ,2,offpeak,2952,3391,87.0539664
2018-10-01,B DIVISION,JZ,2,peak,1531,1804,84.8669623
2018-10-01,B DIVISION,L,1,offpeak,18695,23913,78.1792331
2018-10-01,B DIVISION,L,1,peak,12153,16659,72.9515577
2018-10-01,B DIVISION,L,2,offpeak,1082,1106,97.8300181
2018-10-01,B DIVISION,L,2,peak,542,557,97.3070018
2018-10-01,B DIVISION,M,1,offpeak,12526,16142,77.5988106
2018-10-01,B DIVISION,M,1,peak,8357,11881,70.339197
2018-10-01,B DIVISION,M,2,offpeak,3668,4628,79.2566984
2018-10-01,B DIVISION,M,2,peak,1885,2414,78.086164
2018-10-01,B DIVISION,N,1,offpeak,13551,18801,72.0759534
2018-10-01,B DIVISION,N,1,peak,8157,12157,67.0971457
2018-10-01,B DIVISION,N,2,offpeak,4158,5661,73.4499205
2018-10-01,B DIVISION,N,2,peak,2093,2738,76.4426589
2018-10-01,B DIVISION,Q,1,offpeak,10813,14564,74.244713
2018-10-01,B DIVISION,Q,1,peak,6197,8802,70.4044535
2018-10-01,B DIVISION,Q,2,offpeak,539,552,97.6449275
2018-10-01,B DIVISION,Q,2,peak,277,284,97.5352113
2018-10-01,B DIVISION,R,1,offpeak,16119,21869,73.7070739
2018-10-01,B DIVISION,R,1,peak,10331,15343,67.3336375
2018-10-01,B DIVISION,R,2,offpeak,4664,6021,77.4622156
2018-10-01,B DIVISION,R,2,peak,2524,3195,78.9984351
2018-10-01,B DIVISION,S Fkln,1,offpeak,2507,2533,98.9735492
2018-10-01,B DIVISION,S Fkln,1,peak,1429,1442,99.0984743
2018-10-01,B DIVISION,S Fkln,2,offpeak,824,840,98.0952381
2018-10-01,B DIVISION,S Fkln,2,peak,450,465,96.7741935
2018-10-01,B DIVISION,S Rock,1,offpeak,1824,1971,92.5418569
2018-10-01,B DIVISION,S Rock,1,peak,892,994,89.7384306
2018-10-01,B DIVISION,S Rock,2,offpeak,589,606,97.1947195
2018-10-01,B DIVISION,S Rock,2,peak,306,332,92.1686747
2018-10-01,B DIVISION,W,1,offpeak,7064,9519,74.2094758
2018-10-01,B DIVISION,W,1,peak,4654,6690,69.5665172
2018-11-01,A DIVISION,1,1,offpeak,19785,25561,77.403075
2018-11-01,A DIVISION,1,1,peak,12091,16989,71.1695803
2018-11-01,A DIVISION,1,2,offpeak,5628,6720,83.75
2018-11-01,A DIVISION,1,2,peak,2755,3250,84.7692308
2018-11-01,A DIVISION,2,1,offpeak,20442,28959,70.5894541
2018-11-01,A DIVISION,2,1,peak,12162,18354,66.2634848
2018-11-01,A DIVISION,2,2,offpeak,5577,7687,72.5510602
2018-11-01,A DIVISION,2,2,peak,2930,3824,76.6213389
2018-11-01,A DIVISION,3,1,offpeak,16422,22437,73.1916032
2018-11-01,A DIVISION,3,1,peak,10493,14973,70.0794764
2018-11-01,A DIVISION,3,2,offpeak,4831,5920,81.6047297
2018-11-01,A DIVISION,3,2,peak,2528,2950,85.6949153
2018-11-01,A DIVISION,4,1,offpeak,23023,31446,73.2143993
2018-11-01,A DIVISION,4,1,peak,14835,22870,64.8666375
2018-11-01,A DIVISION,4,2,offpeak,5626,8140,69.1154791
2018-11-01,A DIVISION,4,2,peak,2927,4335,67.5201845
2018-11-01,A DIVISION,5,1,offpeak,16406,23200,70.7155172
2018-11-01,A DIVISION,5,1,peak,12373,19670,62.9028978
2018-11-01,A DIVISION,5,2,offpeak,2011,2418,83.1679074
2018-11-01,A DIVISION,5,2,peak,1131,1294,87.4034003
2018-11-01,A DIVISION,6,1,offpeak,21805,29591,73.6879457
2018-11-01,A DIVISION,6,1,peak,13488,19940,67.6429288
2018-11-01,A DIVISION,6,2,offpeak,5084,6493,78.2997074
2018-11-01,A DIVISION,6,2,peak,2802,3410,82.170088
2018-11-01,A DIVISION,7,1,offpeak,12210,16437,74.2836284
2018-11-01,A DIVISION,7,1,peak,7938,12596,63.0200064
2018-11-01,A DIVISION,7,2,offpeak,2908,3415,85.1537335
2018-11-01,A DIVISION,7,2,peak,1643,2166,75.854109
2018-11-01,A DIVISION,S 42nd,1,offpeak,6405,6572,97.4589166
2018-11-01,A DIVISION,S 42nd,1,peak,5437,6111,88.9707086
2018-11-01,A DIVISION,S 42nd,2,offpeak,1686,1698,99.2932862
2018-11-01,A DIVISION,S 42nd,2,peak,969,992,97.6814516
2018-11-01,B DIVISION,A,1,offpeak,14269,20706,68.9123925
2018-11-01,B DIVISION,A,1,peak,9846,15083,65.2787907
2018-11-01,B DIVISION,A,2,offpeak,4024,5869,68.5636395
2018-11-01,B DIVISION,A,2,peak,2112,3033,69.6340257
2018-11-01,B DIVISION,B,1,offpeak,6491,8940,72.606264
2018-11-01,B DIVISION,B,1,peak,5647,8220,68.6982968
2018-11-01,B DIVISION,C,1,offpeak,9094,12221,74.4128958
2018-11-01,B DIVISION,C,1,peak,5416,7709,70.2555455
2018-11-01,B DIVISION,C,2,offpeak,2709,3615,74.9377593
2018-11-01,B DIVISION,C,2,peak,1433,2007,71.4000997
2018-11-01,B DIVISION,D,1,offpeak,10374,14575,71.1766724
2018-11-01,B DIVISION,D,1,peak,6496,9360,69.4017094
2018-11-01,B DIVISION,D,2,offpeak,3435,4574,75.0983822
2018-11-01,B DIVISION,D,2,peak,1813,2351,77.1161208
2018-11-01,B DIVISION,E,1,offpeak,12442,17552,70.8865087
2018-11-01,B DIVISION,E,1,peak,8337,12553,66.4144029
2018-11-01,B DIVISION,E,2,offpeak,2792,3388,82.4085006
2018-11-01,B DIVISION,E,2,peak,1370,1668,82.1342926
2018-11-01,B DIVISION,F,1,offpeak,20623,29362,70.2370411
2018-11-01,B DIVISION,F,1,peak,13711,20333,67.432253
2018-11-01,B DIVISION,F,2,offpeak,4340,5611,77.3480663
2018-11-01,B DIVISION,F,2,peak,2216,2818,78.6373314
2018-11-01,B DIVISION,G,1,offpeak,10147,12461,81.4300618
2018-11-01,B DIVISION,G,1,peak,5957,7552,78.8797669
2018-11-01,B DIVISION,G,2,offpeak,3443,3946,87.2529143
2018-11-01,B DIVISION,G,2,peak,1754,2036,86.1493124
2018-11-01,B DIVISION,JZ,1,offpeak,8864,11435,77.516397
2018-11-01,B DIVISION,JZ,1,peak,5624,8188,68.6858818
2018-11-01,B DIVISION,JZ,2,offpeak,2816,3257,86.4599325
2018-11-01,B DIVISION,JZ,2,peak,1503,1752,85.7876712
2018-11-01,B DIVISION,L,1,offpeak,18114,22907,79.0762649
2018-11-01,B DIVISION,L,1,peak,11502,15229,75.5269552
2018-11-01,B DIVISION,L,2,offpeak,3949,5055,78.1206726
2018-11-01,B DIVISION,L,2,peak,2093,2574,81.3131313
2018-11-01,B DIVISION,M,1,offpeak,11475,15414,74.4453095
2018-11-01,B DIVISION,M,1,peak,7347,10940,67.1572212
2018-11-01,B DIVISION,M,2,offpeak,2275,2797,81.3371469
2018-11-01,B DIVISION,M,2,peak,1169,1477,79.1469194
2018-11-01,B DIVISION,N,1,offpeak,12360,17040,72.5352113
2018-11-01,B DIVISION,N,1,peak,7299,11118,65.6502968
2018-11-01,B DIVISION,N,2,offpeak,4376,5836,74.982865
2018-11-01,B DIVISION,N,2,peak,2227,2881,77.2995488
2018-11-01,B DIVISION,Q,1,offpeak,9394,13164,71.3612884
2018-11-01,B DIVISION,Q,1,peak,5444,8143,66.8549675
2018-11-01,B DIVISION,Q,2,offpeak,2038,2512,81.1305732
2018-11-01,B DIVISION,Q,2,peak,1097,1325,82.7924528
2018-11-01,B DIVISION,R,1,offpeak,14604,20088,72.7001195
2018-11-01,B DIVISION,R,1,peak,9265,13979,66.2779884
2018-11-01,B DIVISION,R,2,offpeak,4784,6151,77.7759714
2018-11-01,B DIVISION,R,2,peak,2566,3201,80.1624492
2018-11-01,B DIVISION,S Fkln,1,offpeak,1857,1891,98.2020095
2018-11-01,B DIVISION,S Fkln,1,peak,1190,1227,96.9845151
2018-11-01,B DIVISION,S Fkln,2,offpeak,851,868,98.0414747
2018-11-01,B DIVISION,S Fkln,2,peak,447,462,96.7532468
2018-11-01,B DIVISION,S Rock,1,offpeak,1717,1788,96.0290828
2018-11-01,B DIVISION,S Rock,1,peak,855,920,92.9347826
2018-11-01,B DIVISION,S Rock,2,offpeak,509,550,92.5454545
2018-11-01,B DIVISION,S Rock,2,peak,305,317,96.214511
2018-11-01,B DIVISION,W,1,offpeak,3813,5116,74.5308835
2018-11-01,B DIVISION,W,1,peak,3990,5806,68.7220117
2018-12-01,A DIVISION,1,1,offpeak,19941,25242,78.9992869
2018-12-01,A DIVISION,1,1,peak,11622,16180,71.829419
2018-12-01,A DIVISION,1,2,offpeak,7100,8049,88.2097155
2018-12-01,A DIVISION,1,2,peak,3445,3951,87.1931157
2018-12-01,A DIVISION,2,1,offpeak,18734,27132,69.047619
2018-12-01,A DIVISION,2,1,peak,11849,17480,67.7860412
2018-12-01,A DIVISION,2,2,offpeak,7659,10537,72.686723
2018-12-01,A DIVISION,2,2,peak,4001,5492,72.8514202
2018-12-01,A DIVISION,3,1,offpeak,15460,21531,71.8034462
2018-12-01,A DIVISION,3,1,peak,9964,14260,69.8737728
2018-12-01,A DIVISION,3,2,offpeak,5726,6868,83.3721607
2018-12-01,A DIVISION,3,2,peak,2910,3402,85.5379189
2018-12-01,A DIVISION,4,1,offpeak,21689,30183,71.8583308
2018-12-01,A DIVISION,4,1,peak,13596,21780,62.4242424
2018-12-01,A DIVISION,4,2,offpeak,7605,10500,72.4285714
2018-12-01,A DIVISION,4,2,peak,3956,5584,70.8452722
2018-12-01,A DIVISION,5,1,offpeak,15822,22729,69.6115095
2018-12-01,A DIVISION,5,1,peak,11766,18745,62.7687383
2018-12-01,A DIVISION,5,2,offpeak,3411,3880,87.9123711
2018-12-01,A DIVISION,5,2,peak,1727,2049,84.2850171
2018-12-01,A DIVISION,6,1,offpeak,21587,28666,75.3052397
2018-12-01,A DIVISION,6,1,peak,13068,19010,68.742767
2018-12-01,A DIVISION,6,2,offpeak,6463,7653,84.4505423
2018-12-01,A DIVISION,6,2,peak,3211,3990,80.4761905
2018-12-01,A DIVISION,7,1,offpeak,14485,18991,76.2729714
2018-12-01,A DIVISION,7,1,peak,10269,14862,69.0956803
2018-12-01,A DIVISION,7,2,offpeak,4801,5909,81.2489423
2018-12-01,A DIVISION,7,2,peak,2804,3711,75.5591485
2018-12-01,A DIVISION,S 42nd,1,offpeak,6149,6258,98.2582295
2018-12-01,A DIVISION,S 42nd,1,peak,5400,5820,92.7835052
2018-12-01,A DIVISION,S 42nd,2,offpeak,1987,2123,93.5939708
2018-12-01,A DIVISION,S 42nd,2,peak,1180,1217,96.9597371
2018-12-01,B DIVISION,A,1,offpeak,13825,19424,71.1748353
2018-12-01,B DIVISION,A,1,peak,9325,14178,65.7709127
2018-12-01,B DIVISION,A,2,offpeak,5673,7729,73.3988873
2018-12-01,B DIVISION,A,2,peak,3068,4061,75.5478946
2018-12-01,B DIVISION,B,1,offpeak,6689,8714,76.7615332
2018-12-01,B DIVISION,B,1,peak,5427,7701,70.4713674
2018-12-01,B DIVISION,C,1,offpeak,8694,11561,75.2011072
2018-12-01,B DIVISION,C,1,peak,5078,7182,70.7045391
2018-12-01,B DIVISION,C,2,offpeak,3434,4341,79.1061967
2018-12-01,B DIVISION,C,2,peak,1884,2387,78.9275241
2018-12-01,B DIVISION,D,1,offpeak,10317,13782,74.8585111
2018-12-01,B DIVISION,D,1,peak,6410,8898,72.0386604
2018-12-01,B DIVISION,D,2,offpeak,4391,5833,75.2785873
2018-12-01,B DIVISION,D,2,peak,2311,2994,77.1877088
2018-12-01,B DIVISION,E,1,offpeak,10881,15501,70.1954713
2018-12-01,B DIVISION,E,1,peak,7060,10962,64.4043058
2018-12-01,B DIVISION,E,2,offpeak,3269,3814,85.7105401
2018-12-01,B DIVISION,E,2,peak,1627,1915,84.9608355
2018-12-01,B DIVISION,F,1,offpeak,19436,28073,69.2337834
2018-12-01,B DIVISION,F,1,peak,12489,19250,64.8779221
2018-12-01,B DIVISION,F,2,offpeak,4674,5882,79.4627678
2018-12-01,B DIVISION,F,2,peak,2395,2943,81.3795447
2018-12-01,B DIVISION,G,1,offpeak,9234,11408,80.9431978
2018-12-01,B DIVISION,G,1,peak,5642,7167,78.7219199
2018-12-01,B DIVISION,G,2,offpeak,3170,3700,85.6756757
2018-12-01,B DIVISION,G,2,peak,1633,1917,85.1851852
2018-12-01,B DIVISION,JZ,1,offpeak,8419,10724,78.5061544
2018-12-01,B DIVISION,JZ,1,peak,5509,7779,70.8188713
2018-12-01,B DIVISION,JZ,2,offpeak,3537,3971,89.070763
2018-12-01,B DIVISION,JZ,2,peak,1864,2130,87.5117371
2018-12-01,B DIVISION,L,1,offpeak,16251,21108,76.9897669
2018-12-01,B DIVISION,L,1,peak,10995,14489,75.8851543
2018-12-01,B DIVISION,L,2,offpeak,8916,11240,79.3238434
2018-12-01,B DIVISION,L,2,peak,4628,5750,80.4869565
2018-12-01,B DIVISION,M,1,offpeak,9942,12827,77.5083808
2018-12-01,B DIVISION,M,1,peak,6550,9473,69.1438826
2018-12-01,B DIVISION,N,1,offpeak,11953,16323,73.2279605
2018-12-01,B DIVISION,N,1,peak,6957,10524,66.1060433
2018-12-01,B DIVISION,N,2,offpeak,5396,6898,78.2255726
2018-12-01,B DIVISION,N,2,peak,2720,3418,79.578701
2018-12-01,B DIVISION,Q,1,offpeak,9318,12401,75.1391017
2018-12-01,B DIVISION,Q,1,peak,5144,7441,69.1304932
2018-12-01,B DIVISION,Q,2,offpeak,4705,5815,80.9114359
2018-12-01,B DIVISION,Q,2,peak,2441,2976,82.0228495
2018-12-01,B DIVISION,R,1,offpeak,14554,19266,75.5424063
2018-12-01,B DIVISION,R,1,peak,9058,13363,67.7841802
2018-12-01,B DIVISION,R,2,offpeak,5628,7181,78.3734856
2018-12-01,B DIVISION,R,2,peak,3060,3766,81.2533192
2018-12-01,B DIVISION,S Fkln,1,offpeak,1548,1602,96.6292135
2018-12-01,B DIVISION,S Fkln,1,peak,904,924,97.8354978
2018-12-01,B DIVISION,S Fkln,2,offpeak,792,805,98.3850932
2018-12-01,B DIVISION,S Fkln,2,peak,380,396,95.959596
2018-12-01,B DIVISION,S Rock,1,offpeak,1633,1712,95.385514
2018-12-01,B DIVISION,S Rock,1,peak,831,872,95.2981651
2018-12-01,B DIVISION,S Rock,2,offpeak,717,756,94.8412698
2018-12-01,B DIVISION,S Rock,2,peak,397,405,98.0246914
2018-12-01,B DIVISION,W,1,offpeak,6023,8001,75.2780902
2018-12-01,B DIVISION,W,1,peak,3989,5764,69.2054129
2019-01-01,A DIVISION,1,1,offpeak,22741,27554,82.5324817
2019-01-01,A DIVISION,1,1,peak,13700,17798,76.974941
2019-01-01,A DIVISION,1,2,offpeak,6324,7220,87.5900277
2019-01-01,A DIVISION,1,2,peak,3130,3560,87.9213483
2019-01-01,A DIVISION,2,1,offpeak,22137,30280,73.1076618
2019-01-01,A DIVISION,2,1,peak,13719,19228,71.3490743
2019-01-01,A DIVISION,2,2,offpeak,5069,6824,74.2819461
2019-01-01,A DIVISION,2,2,peak,2691,3462,77.729636
2019-01-01,A DIVISION,3,1,offpeak,17495,22962,76.1910983
2019-01-01,A DIVISION,3,1,peak,11577,15686,73.8046666
2019-01-01,A DIVISION,3,2,offpeak,3889,4604,84.4700261
2019-01-01,A DIVISION,3,2,peak,1975,2290,86.2445415
2019-01-01,A DIVISION,4,1,offpeak,24407,33185,73.5482899
2019-01-01,A DIVISION,4,1,peak,15431,23952,64.4246827
2019-01-01,A DIVISION,4,2,offpeak,6307,8096,77.902668
2019-01-01,A DIVISION,4,2,peak,3383,4356,77.6629936
2019-01-01,A DIVISION,5,1,offpeak,18513,24969,74.1439385
2019-01-01,A DIVISION,5,1,peak,13659,20688,66.0237819
2019-01-01,A DIVISION,5,2,offpeak,2706,3143,86.0960865
2019-01-01,A DIVISION,5,2,peak,1419,1657,85.6366928
2019-01-01,A DIVISION,6,1,offpeak,23522,31484,74.7109643
2019-01-01,A DIVISION,6,1,peak,14270,20908,68.251387
2019-01-01,A DIVISION,6,2,offpeak,5424,6336,85.6060606
2019-01-01,A DIVISION,6,2,peak,2893,3304,87.5605327
2019-01-01,A DIVISION,7,1,offpeak,15853,20427,77.6080678
2019-01-01,A DIVISION,7,1,peak,11553,16517,69.9461161
2019-01-01,A DIVISION,7,2,offpeak,2053,2232,91.9802867
2019-01-01,A DIVISION,7,2,peak,1084,1170,92.6495726
2019-01-01,A DIVISION,S 42nd,1,offpeak,6789,6884,98.6199884
2019-01-01,A DIVISION,S 42nd,1,peak,5787,6402,90.393627
2019-01-01,A DIVISION,S 42nd,2,offpeak,1664,1704,97.6525822
2019-01-01,A DIVISION,S 42nd,2,peak,961,992,96.875
2019-01-01,B DIVISION,A,1,offpeak,15435,21421,72.0554596
2019-01-01,B DIVISION,A,1,peak,10387,15747,65.9617705
2019-01-01,B DIVISION,A,2,offpeak,4652,6173,75.3604406
2019-01-01,B DIVISION,A,2,peak,2394,3192,75
2019-01-01,B DIVISION,B,1,offpeak,7663,9704,78.9674361
2019-01-01,B DIVISION,B,1,peak,6303,8663,72.7577052
2019-01-01,B DIVISION,C,1,offpeak,9367,12784,73.2712766
2019-01-01,B DIVISION,C,1,peak,5693,8110,70.1972873
2019-01-01,B DIVISION,C,2,offpeak,2822,3548,79.5377678
2019-01-01,B DIVISION,C,2,peak,1616,1979,81.6574027
2019-01-01,B DIVISION,D,1,offpeak,11859,15393,77.0415124
2019-01-01,B DIVISION,D,1,peak,7201,9941,72.4373805
2019-01-01,B DIVISION,D,2,offpeak,3725,4651,80.0903032
2019-01-01,B DIVISION,D,2,peak,1847,2327,79.3725827
2019-01-01,B DIVISION,E,1,offpeak,13399,18627,71.9332152
2019-01-01,B DIVISION,E,1,peak,8869,13132,67.5373134
2019-01-01,B DIVISION,E,2,offpeak,3115,3761,82.8237171
2019-01-01,B DIVISION,E,2,peak,1571,1905,82.4671916
2019-01-01,B DIVISION,F,1,offpeak,22180,31175,71.1467522
2019-01-01,B DIVISION,F,1,peak,14359,21269,67.5114016
2019-01-01,B DIVISION,F,2,offpeak,4569,5847,78.1426372
2019-01-01,B DIVISION,F,2,peak,2370,2929,80.9149881
2019-01-01,B DIVISION,G,1,offpeak,10751,13115,81.974838
2019-01-01,B DIVISION,G,1,peak,6087,7897,77.0799038
2019-01-01,B DIVISION,G,2,offpeak,3064,3425,89.459854
2019-01-01,B DIVISION,G,2,peak,1552,1773,87.535251
2019-01-01,B DIVISION,JZ,1,offpeak,9160,11454,79.9720622
2019-01-01,B DIVISION,JZ,1,peak,6175,8467,72.9301996
2019-01-01,B DIVISION,JZ,2,offpeak,2143,2330,91.9742489
2019-01-01,B DIVISION,JZ,2,peak,1092,1243,87.851971
2019-01-01,B DIVISION,L,1,offpeak,18754,23942,78.3309665
2019-01-01,B DIVISION,L,1,peak,11732,15921,73.6888386
2019-01-01,B DIVISION,L,2,offpeak,6705,8985,74.624374
2019-01-01,B DIVISION,L,2,peak,3832,4598,83.3405829
2019-01-01,B DIVISION,M,1,offpeak,11657,14897,78.2506545
2019-01-01,B DIVISION,M,1,peak,8202,11464,71.5457083
2019-01-01,B DIVISION,N,1,offpeak,13674,17924,76.2887748
2019-01-01,B DIVISION,N,1,peak,8242,11581,71.1682929
2019-01-01,B DIVISION,N,2,offpeak,4500,5790,77.7202073
2019-01-01,B DIVISION,N,2,peak,2308,2847,81.0677907
2019-01-01,B DIVISION,Q,1,offpeak,11046,14141,78.1132876
2019-01-01,B DIVISION,Q,1,peak,6584,8543,77.0689453
2019-01-01,B DIVISION,Q,2,offpeak,4129,4756,86.8166526
2019-01-01,B DIVISION,Q,2,peak,2115,2435,86.8583162
2019-01-01,B DIVISION,R,1,offpeak,16088,21190,75.922605
2019-01-01,B DIVISION,R,1,peak,10340,14662,70.522439
2019-01-01,B DIVISION,R,2,offpeak,4827,6061,79.6403234
2019-01-01,B DIVISION,R,2,peak,2589,3197,80.9821708
2019-01-01,B DIVISION,S Fkln,1,offpeak,1980,2025,97.7777778
2019-01-01,B DIVISION,S Fkln,1,peak,1119,1133,98.7643425
2019-01-01,B DIVISION,S Fkln,2,offpeak,865,877,98.631699
2019-01-01,B DIVISION,S Fkln,2,peak,434,437,99.3135011
2019-01-01,B DIVISION,S Rock,1,offpeak,1805,1895,95.2506596
2019-01-01,B DIVISION,S Rock,1,peak,916,964,95.0207469
2019-01-01,B DIVISION,S Rock,2,offpeak,319,335,95.2238806
2019-01-01,B DIVISION,S Rock,2,peak,146,164,89.0243902
2019-01-01,B DIVISION,W,1,offpeak,6960,9032,77.0593446
2019-01-01,B DIVISION,W,1,peak,4612,6352,72.6070529
2019-02-01,A DIVISION,1,1,offpeak,19304,23869,80.8747748
2019-02-01,A DIVISION,1,1,peak,11556,15371,75.1805348
2019-02-01,A DIVISION,1,2,offpeak,5964,6722,88.7235942
2019-02-01,A DIVISION,1,2,peak,2862,3251,88.0344509
2019-02-01,A DIVISION,2,1,offpeak,18907,26126,72.3685218
2019-02-01,A DIVISION,2,1,peak,11789,16606,70.9924124
2019-02-01,A DIVISION,2,2,offpeak,6691,8898,75.1966734
2019-02-01,A DIVISION,2,2,peak,3354,4621,72.5816923
2019-02-01,A DIVISION,3,1,offpeak,15996,21039,76.0302296
2019-02-01,A DIVISION,3,1,peak,10094,13547,74.5109618
2019-02-01,A DIVISION,3,2,offpeak,5160,6122,84.286181
2019-02-01,A DIVISION,3,2,peak,2472,3050,81.0491803
2019-02-01,A DIVISION,4,1,offpeak,21090,28742,73.3769397
2019-02-01,A DIVISION,4,1,peak,13766,20698,66.5088414
2019-02-01,A DIVISION,4,2,offpeak,6797,8978,75.7072845
2019-02-01,A DIVISION,4,2,peak,3650,4808,75.9151414
2019-02-01,A DIVISION,5,1,offpeak,15218,21470,70.8802981
2019-02-01,A DIVISION,5,1,peak,11972,17819,67.1867108
2019-02-01,A DIVISION,5,2,offpeak,2580,2933,87.9645414
2019-02-01,A DIVISION,5,2,peak,1358,1563,86.8841971
2019-02-01,A DIVISION,6,1,offpeak,20376,26621,76.5410766
2019-02-01,A DIVISION,6,1,peak,12315,18029,68.3066171
2019-02-01,A DIVISION,6,2,offpeak,4863,6334,76.7761288
2019-02-01,A DIVISION,6,2,peak,2553,3305,77.2465961
2019-02-01,A DIVISION,7,1,offpeak,13694,17931,76.3705315
2019-02-01,A DIVISION,7,1,peak,10123,14225,71.1634446
2019-02-01,A DIVISION,7,2,offpeak,3521,4052,86.8953603
2019-02-01,A DIVISION,7,2,peak,1825,2103,86.7807893
2019-02-01,A DIVISION,S 42nd,1,offpeak,5847,5945,98.3515559
2019-02-01,A DIVISION,S 42nd,1,peak,5125,5529,92.6930729
2019-02-01,A DIVISION,S 42nd,2,offpeak,1670,1703,98.0622431
2019-02-01,A DIVISION,S 42nd,2,peak,974,992,98.1854839
2019-02-01,B DIVISION,A,1,offpeak,13465,18931,71.1267234
2019-02-01,B DIVISION,A,1,peak,9072,13702,66.2093125
2019-02-01,B DIVISION,A,2,offpeak,4968,6562,75.7086254
2019-02-01,B DIVISION,A,2,peak,2580,3409,75.6820182
2019-02-01,B DIVISION,B,1,offpeak,6384,8208,77.7777778
2019-02-01,B DIVISION,B,1,peak,5184,7435,69.7242771
2019-02-01,B DIVISION,C,1,offpeak,8440,11129,75.837901
2019-02-01,B DIVISION,C,1,peak,5026,7011,71.6873485
2019-02-01,B DIVISION,C,2,offpeak,2936,3687,79.6311364
2019-02-01,B DIVISION,C,2,peak,1648,2066,79.767667
2019-02-01,B DIVISION,D,1,offpeak,9581,13216,72.49546
2019-02-01,B DIVISION,D,1,peak,6028,8583,70.2318537
2019-02-01,B DIVISION,D,2,offpeak,2473,2957,83.6320595
2019-02-01,B DIVISION,D,2,peak,1286,1499,85.790527
2019-02-01,B DIVISION,E,1,offpeak,11374,16046,70.8837093
2019-02-01,B DIVISION,E,1,peak,7732,11317,68.3219935
2019-02-01,B DIVISION,E,2,offpeak,2889,3532,81.795017
2019-02-01,B DIVISION,E,2,peak,1508,1751,86.1222159
2019-02-01,B DIVISION,F,1,offpeak,19070,26761,71.2604163
2019-02-01,B DIVISION,F,1,peak,12673,18375,68.9687075
2019-02-01,B DIVISION,F,2,offpeak,4579,5941,77.0745666
2019-02-01,B DIVISION,F,2,peak,2366,2984,79.2895442
2019-02-01,B DIVISION,G,1,offpeak,9420,11398,82.6460783
2019-02-01,B DIVISION,G,1,peak,5259,6840,76.8859649
2019-02-01,B DIVISION,G,2,offpeak,3494,4067,85.9109909
2019-02-01,B DIVISION,G,2,peak,1838,2099,87.5655074
2019-02-01,B DIVISION,JZ,1,offpeak,8299,10343,80.237842
2019-02-01,B DIVISION,JZ,1,peak,5581,7441,75.0033598
2019-02-01,B DIVISION,JZ,2,offpeak,2977,3500,85.0571429
2019-02-01,B DIVISION,JZ,2,peak,1568,1879,83.4486429
2019-02-01,B DIVISION,L,1,offpeak,14973,20276,73.8459262
2019-02-01,B DIVISION,L,1,peak,9705,13678,70.9533558
2019-02-01,B DIVISION,L,2,offpeak,646,664,97.2891566
2019-02-01,B DIVISION,L,2,peak,320,342,93.5672515
2019-02-01,B DIVISION,M,1,offpeak,10492,13474,77.8684875
2019-02-01,B DIVISION,M,1,peak,7056,9832,71.7656631
2019-02-01,B DIVISION,M,2,offpeak,2990,3975,75.2201258
2019-02-01,B DIVISION,M,2,peak,1519,2040,74.4607843
2019-02-01,B DIVISION,N,1,offpeak,11531,15230,75.7124097
2019-02-01,B DIVISION,N,1,peak,6814,10042,67.855009
2019-02-01,B DIVISION,N,2,offpeak,4390,5306,82.7365247
2019-02-01,B DIVISION,N,2,peak,2166,2604,83.1797235
2019-02-01,B DIVISION,Q,1,offpeak,9254,11936,77.5301609
2019-02-01,B DIVISION,Q,1,peak,5325,7228,73.6718318
2019-02-01,B DIVISION,Q,2,offpeak,3636,4385,82.9190422
2019-02-01,B DIVISION,Q,2,peak,1894,2246,84.3276937
2019-02-01,B DIVISION,R,1,offpeak,13990,18233,76.7290078
2019-02-01,B DIVISION,R,1,peak,9089,12689,71.62897
2019-02-01,B DIVISION,R,2,offpeak,4890,6179,79.1390193
2019-02-01,B DIVISION,R,2,peak,2646,3285,80.5479452
2019-02-01,B DIVISION,S Fkln,1,offpeak,1778,1809,98.286346
2019-02-01,B DIVISION,S Fkln,1,peak,1055,1059,99.6222852
2019-02-01,B DIVISION,S Fkln,2,offpeak,743,752,98.8031915
2019-02-01,B DIVISION,S Fkln,2,peak,413,416,99.2788462
2019-02-01,B DIVISION,S Rock,1,offpeak,1565,1636,95.6601467
2019-02-01,B DIVISION,S Rock,1,peak,787,832,94.5913462
2019-02-01,B DIVISION,S Rock,2,offpeak,586,610,96.0655738
2019-02-01,B DIVISION,S Rock,2,peak,325,330,98.4848485
2019-02-01,B DIVISION,W,1,offpeak,3891,5021,77.494523
2019-02-01,B DIVISION,W,1,peak,3639,5302,68.6344776
2019-03-01,A DIVISION,1,1,offpeak,21933,26165,83.8257214
2019-03-01,A DIVISION,1,1,peak,12865,16692,77.0728493
2019-03-01,A DIVISION,1,2,offpeak,7336,8320,88.1730769
2019-03-01,A DIVISION,1,2,peak,3569,3976,89.7635815
2019-03-01,A DIVISION,2,1,offpeak,20700,28740,72.0250522
2019-03-01,A DIVISION,2,1,peak,12639,17955,70.3926483
2019-03-01,A DIVISION,2,2,offpeak,7599,9769,77.7868769
2019-03-01,A DIVISION,2,2,peak,3941,4906,80.3302079
2019-03-01,A DIVISION,3,1,offpeak,17422,22944,75.9327057
2019-03-01,A DIVISION,3,1,peak,10647,14669,72.5816347
2019-03-01,A DIVISION,3,2,offpeak,6390,7619,83.8692742
2019-03-01,A DIVISION,3,2,peak,3227,3789,85.1675904
2019-03-01,A DIVISION,4,1,offpeak,23459,31312,74.9201584
2019-03-01,A DIVISION,4,1,peak,14868,22423,66.306917
2019-03-01,A DIVISION,4,2,offpeak,9223,11774,78.3336164
2019-03-01,A DIVISION,4,2,peak,4847,6316,76.7416086
2019-03-01,A DIVISION,5,1,offpeak,17560,24165,72.6670805
2019-03-01,A DIVISION,5,1,peak,13017,19298,67.4525858
2019-03-01,A DIVISION,5,2,offpeak,3952,4608,85.7638889
2019-03-01,A DIVISION,5,2,peak,2121,2436,87.0689655
2019-03-01,A DIVISION,6,1,offpeak,23229,29563,78.5745696
2019-03-01,A DIVISION,6,1,peak,13603,19729,68.9492625
2019-03-01,A DIVISION,6,2,offpeak,6584,7908,83.2574608
2019-03-01,A DIVISION,6,2,peak,3413,4115,82.9404617
2019-03-01,A DIVISION,7,1,offpeak,15673,20089,78.0178207
2019-03-01,A DIVISION,7,1,peak,11279,15678,71.9415742
2019-03-01,A DIVISION,7,2,offpeak,4353,5232,83.1995413
2019-03-01,A DIVISION,7,2,peak,2413,2915,82.7787307
2019-03-01,A DIVISION,S 42nd,1,offpeak,6422,6513,98.6027944
2019-03-01,A DIVISION,S 42nd,1,peak,5513,6075,90.7489712
2019-03-01,A DIVISION,S 42nd,2,offpeak,2099,2130,98.5446009
2019-03-01,A DIVISION,S 42nd,2,peak,1217,1240,98.1451613
2019-03-01,B DIVISION,A,1,offpeak,14586,20280,71.9230769
2019-03-01,B DIVISION,A,1,peak,10073,15050,66.9302326
2019-03-01,B DIVISION,A,2,offpeak,6242,7986,78.1617831
2019-03-01,B DIVISION,A,2,peak,3219,4169,77.2127609
2019-03-01,B DIVISION,B,1,offpeak,6804,8749,77.7688879
2019-03-01,B DIVISION,B,1,peak,6074,8281,73.3486294
2019-03-01,B DIVISION,C,1,offpeak,8936,11599,77.0411242
2019-03-01,B DIVISION,C,1,peak,5458,7617,71.6555074
2019-03-01,B DIVISION,C,2,offpeak,4033,4881,82.626511
2019-03-01,B DIVISION,C,2,peak,2142,2666,80.3450863
2019-03-01,B DIVISION,D,1,offpeak,11039,14665,75.274463
2019-03-01,B DIVISION,D,1,peak,6957,9503,73.2084605
2019-03-01,B DIVISION,D,2,offpeak,4614,5732,80.4954641
2019-03-01,B DIVISION,D,2,peak,2370,2902,81.6678153
2019-03-01,B DIVISION,E,1,offpeak,12211,17183,71.0644241
2019-03-01,B DIVISION,E,1,peak,8592,12588,68.2554814
2019-03-01,B DIVISION,E,2,offpeak,3248,3982,81.5670517
2019-03-01,B DIVISION,E,2,peak,1689,2017,83.7382251
2019-03-01,B DIVISION,F,1,offpeak,21071,29611,71.1593665
2019-03-01,B DIVISION,F,1,peak,14163,20425,69.3414933
2019-03-01,B DIVISION,F,2,offpeak,5029,6052,83.096497
2019-03-01,B DIVISION,F,2,peak,2517,3001,83.8720427
2019-03-01,B DIVISION,G,1,offpeak,10196,12268,83.1105315
2019-03-01,B DIVISION,G,1,peak,5798,7566,76.6323024
2019-03-01,B DIVISION,G,2,offpeak,3828,4323,88.5496183
2019-03-01,B DIVISION,G,2,peak,1908,2251,84.7623279
2019-03-01,B DIVISION,JZ,1,offpeak,9658,11420,84.5709282
2019-03-01,B DIVISION,JZ,1,peak,6360,8263,76.9696236
2019-03-01,B DIVISION,JZ,2,offpeak,3620,4020,90.0497512
2019-03-01,B DIVISION,JZ,2,peak,1928,2129,90.5589479
2019-03-01,B DIVISION,L,1,offpeak,16244,21085,77.0405502
2019-03-01,B DIVISION,L,1,peak,11184,15154,73.8022964
2019-03-01,B DIVISION,L,2,offpeak,3278,3927,83.4733894
2019-03-01,B DIVISION,L,2,peak,1610,1946,82.7338129
2019-03-01,B DIVISION,M,1,offpeak,11730,14778,79.3747462
2019-03-01,B DIVISION,M,1,peak,8058,11038,73.0023555
2019-03-01,B DIVISION,M,2,offpeak,2782,3429,81.1315252
2019-03-01,B DIVISION,M,2,peak,1451,1767,82.1165818
2019-03-01,B DIVISION,N,1,offpeak,12828,16852,76.1215286
2019-03-01,B DIVISION,N,1,peak,7981,11085,71.9981958
2019-03-01,B DIVISION,N,2,offpeak,5176,6430,80.4976672
2019-03-01,B DIVISION,N,2,peak,2519,3191,78.9407709
2019-03-01,B DIVISION,Q,1,offpeak,10456,13527,77.2972573
2019-03-01,B DIVISION,Q,1,peak,6171,8157,75.6528135
2019-03-01,B DIVISION,Q,2,offpeak,4494,5411,83.0530401
2019-03-01,B DIVISION,Q,2,peak,2316,2765,83.761302
2019-03-01,B DIVISION,R,1,offpeak,15042,19927,75.4855222
2019-03-01,B DIVISION,R,1,peak,9929,13939,71.2317957
2019-03-01,B DIVISION,R,2,offpeak,6088,7721,78.8498899
2019-03-01,B DIVISION,R,2,peak,3311,4071,81.3313682
2019-03-01,B DIVISION,S Fkln,1,offpeak,1943,1975,98.3797468
2019-03-01,B DIVISION,S Fkln,1,peak,1133,1141,99.2988606
2019-03-01,B DIVISION,S Fkln,2,offpeak,1094,1103,99.1840435
2019-03-01,B DIVISION,S Fkln,2,peak,592,594,99.6632997
2019-03-01,B DIVISION,S Rock,1,offpeak,1740,1818,95.709571
2019-03-01,B DIVISION,S Rock,1,peak,878,920,95.4347826
2019-03-01,B DIVISION,S Rock,2,offpeak,707,728,97.1153846
2019-03-01,B DIVISION,S Rock,2,peak,370,385,96.1038961
2019-03-01,B DIVISION,W,1,offpeak,3306,4301,76.8658452
2019-03-01,B DIVISION,W,1,peak,4364,5865,74.4075021
2019-04-01,A DIVISION,1,1,offpeak,22364,27463,81.433201
2019-04-01,A DIVISION,1,1,peak,13426,17798,75.4354422
2019-04-01,A DIVISION,1,2,offpeak,5014,5730,87.504363
2019-04-01,A DIVISION,1,2,peak,2450,2773,88.3519654
2019-04-01,A DIVISION,2,1,offpeak,22230,30381,73.1707317
2019-04-01,A DIVISION,2,1,peak,13778,19228,71.6559185
2019-04-01,A DIVISION,2,2,offpeak,6226,8422,73.9254334
2019-04-01,A DIVISION,2,2,peak,3165,4338,72.9598893
2019-04-01,A DIVISION,3,1,offpeak,18520,23997,77.1763137
2019-04-01,A DIVISION,3,1,peak,11898,15688,75.8414074
2019-04-01,A DIVISION,3,2,offpeak,5040,6161,81.8049018
2019-04-01,A DIVISION,3,2,peak,2591,3051,84.9229761
2019-04-01,A DIVISION,4,1,offpeak,24921,33087,75.3196119
2019-04-01,A DIVISION,4,1,peak,16432,23964,68.5695209
2019-04-01,A DIVISION,4,2,offpeak,6981,8706,80.1860786
2019-04-01,A DIVISION,4,2,peak,3679,4668,78.8131962
2019-04-01,A DIVISION,5,1,offpeak,18892,25815,73.1822584
2019-04-01,A DIVISION,5,1,peak,14026,20631,67.985071
2019-04-01,A DIVISION,5,2,offpeak,3147,3735,84.2570281
2019-04-01,A DIVISION,5,2,peak,1659,1970,84.213198
2019-04-01,A DIVISION,6,1,offpeak,23888,31202,76.5591949
2019-04-01,A DIVISION,6,1,peak,14968,20896,71.6309342
2019-04-01,A DIVISION,6,2,offpeak,5146,6299,81.6955072
2019-04-01,A DIVISION,6,2,peak,2765,3279,84.3244892
2019-04-01,A DIVISION,7,1,offpeak,16079,21115,76.1496566
2019-04-01,A DIVISION,7,1,peak,11852,16591,71.4363209
2019-04-01,A DIVISION,7,2,offpeak,3667,4354,84.2214056
2019-04-01,A DIVISION,7,2,peak,2141,2608,82.0935583
2019-04-01,A DIVISION,S 42nd,1,offpeak,6801,6882,98.8230166
2019-04-01,A DIVISION,S 42nd,1,peak,5995,6402,93.6426117
2019-04-01,A DIVISION,S 42nd,2,offpeak,1684,1704,98.8262911
2019-04-01,A DIVISION,S 42nd,2,peak,980,992,98.7903226
2019-04-01,B DIVISION,A,1,offpeak,15981,22014,72.5947125
2019-04-01,B DIVISION,A,1,peak,10883,15997,68.0315059
2019-04-01,B DIVISION,A,2,offpeak,4759,6357,74.8623565
2019-04-01,B DIVISION,A,2,peak,2455,3309,74.1915987
2019-04-01,B DIVISION,B,1,offpeak,7701,9767,78.8471383
2019-04-01,B DIVISION,B,1,peak,6302,8660,72.7713626
2019-04-01,B DIVISION,C,1,offpeak,9768,12316,79.3114648
2019-04-01,B DIVISION,C,1,peak,6185,8135,76.0295022
2019-04-01,B DIVISION,C,2,offpeak,3176,4061,78.2073381
2019-04-01,B DIVISION,C,2,peak,1819,2280,79.7807018
2019-04-01,B DIVISION,D,1,offpeak,11241,14993,74.9749883
2019-04-01,B DIVISION,D,1,peak,7180,9899,72.532579
2019-04-01,B DIVISION,D,2,offpeak,3517,4515,77.8959025
2019-04-01,B DIVISION,D,2,peak,1797,2273,79.058513
2019-04-01,B DIVISION,E,1,offpeak,13406,18589,72.1179192
2019-04-01,B DIVISION,E,1,peak,9375,13225,70.8884688
2019-04-01,B DIVISION,E,2,offpeak,2108,2507,84.0845632
2019-04-01,B DIVISION,E,2,peak,1019,1266,80.4897314
2019-04-01,B DIVISION,F,1,offpeak,21486,29552,72.705739
2019-04-01,B DIVISION,F,1,peak,15274,21388,71.4138769
2019-04-01,B DIVISION,F,2,offpeak,4461,5782,77.1532342
2019-04-01,B DIVISION,F,2,peak,2169,2878,75.3648367
2019-04-01,B DIVISION,G,1,offpeak,10153,12374,82.0510748
2019-04-01,B DIVISION,G,1,peak,6351,7906,80.3313939
2019-04-01,B DIVISION,G,2,offpeak,2072,2412,85.9038143
2019-04-01,B DIVISION,G,2,peak,1084,1269,85.4215918
2019-04-01,B DIVISION,JZ,1,offpeak,9935,12008,82.736509
2019-04-01,B DIVISION,JZ,1,peak,6565,8644,75.9486349
2019-04-01,B DIVISION,JZ,2,offpeak,2828,3276,86.3247863
2019-04-01,B DIVISION,JZ,2,peak,1477,1748,84.4965675
2019-04-01,B DIVISION,L,1,offpeak,16245,20897,77.7384314
2019-04-01,B DIVISION,L,1,peak,11924,15910,74.9465745
2019-04-01,B DIVISION,L,2,offpeak,4848,5839,83.0279157
2019-04-01,B DIVISION,L,2,peak,2404,2824,85.1274788
2019-04-01,B DIVISION,M,1,offpeak,12313,15388,80.0168963
2019-04-01,B DIVISION,M,1,peak,8612,11570,74.4338807
2019-04-01,B DIVISION,M,2,offpeak,1191,1605,74.2056075
2019-04-01,B DIVISION,M,2,peak,578,810,71.3580247
2019-04-01,B DIVISION,N,1,offpeak,13107,17648,74.269039
2019-04-01,B DIVISION,N,1,peak,8231,11622,70.8225779
2019-04-01,B DIVISION,N,2,offpeak,3956,5122,77.2354549
2019-04-01,B DIVISION,N,2,peak,1934,2507,77.1439968
2019-04-01,B DIVISION,Q,1,offpeak,11157,14457,77.1736875
2019-04-01,B DIVISION,Q,1,peak,6627,8630,76.7902665
2019-04-01,B DIVISION,Q,2,offpeak,3710,4441,83.5397433
2019-04-01,B DIVISION,Q,2,peak,1919,2292,83.7260035
2019-04-01,B DIVISION,R,1,offpeak,15743,21129,74.5089687
2019-04-01,B DIVISION,R,1,peak,10251,14562,70.3955501
2019-04-01,B DIVISION,R,2,offpeak,4860,6263,77.5985949
2019-04-01,B DIVISION,R,2,peak,2569,3300,77.8484848
2019-04-01,B DIVISION,S Fkln,1,offpeak,1984,2005,98.9526185
2019-04-01,B DIVISION,S Fkln,1,peak,1100,1108,99.2779783
2019-04-01,B DIVISION,S Fkln,2,offpeak,729,750,97.2
2019-04-01,B DIVISION,S Fkln,2,peak,416,429,96.969697
2019-04-01,B DIVISION,S Rock,1,offpeak,1820,1915,95.0391645
2019-04-01,B DIVISION,S Rock,1,peak,921,965,95.4404145
2019-04-01,B DIVISION,S Rock,2,offpeak,568,577,98.440208
2019-04-01,B DIVISION,S Rock,2,peak,302,308,98.0519481
2019-04-01,B DIVISION,W,1,offpeak,4700,6096,77.0997375
2019-04-01,B DIVISION,W,1,peak,4528,6223,72.7623333
2019-05-01,A DIVISION,1,1,offpeak,22130,27323,80.9940343
2019-05-01,A DIVISION,1,1,peak,13617,17798,76.5085965
2019-05-01,A DIVISION,1,2,offpeak,5658,6385,88.6139389
2019-05-01,A DIVISION,1,2,peak,2756,3093,89.1044294
2019-05-01,A DIVISION,2,1,offpeak,21357,30373,70.315741
2019-05-01,A DIVISION,2,1,peak,13458,19228,69.9916788
2019-05-01,A DIVISION,2,2,offpeak,5499,7549,72.8440853
2019-05-01,A DIVISION,2,2,peak,2903,3887,74.6848469
2019-05-01,A DIVISION,3,1,offpeak,18324,24211,75.6846062
2019-05-01,A DIVISION,3,1,peak,11465,15686,73.0906541
2019-05-01,A DIVISION,3,2,offpeak,3775,4501,83.8702511
2019-05-01,A DIVISION,3,2,peak,1892,2232,84.7670251
2019-05-01,A DIVISION,4,1,offpeak,24684,32838,75.1690115
2019-05-01,A DIVISION,4,1,peak,16375,23958,68.348777
2019-05-01,A DIVISION,4,2,offpeak,7167,9516,75.3152585
2019-05-01,A DIVISION,4,2,peak,3798,5084,74.7049567
2019-05-01,A DIVISION,5,1,offpeak,18012,24921,72.2763934
2019-05-01,A DIVISION,5,1,peak,14106,20564,68.595604
2019-05-01,A DIVISION,5,2,offpeak,4189,5079,82.4768655
2019-05-01,A DIVISION,5,2,peak,2299,2704,85.0221893
2019-05-01,A DIVISION,6,1,offpeak,23588,31032,76.0118587
2019-05-01,A DIVISION,6,1,peak,14702,20898,70.3512298
2019-05-01,A DIVISION,6,2,offpeak,5071,5958,85.1124538
2019-05-01,A DIVISION,6,2,peak,2728,3099,88.0283963
2019-05-01,A DIVISION,7,1,offpeak,16708,21427,77.9763849
2019-05-01,A DIVISION,7,1,peak,12938,17443,74.1730207
2019-05-01,A DIVISION,7,2,offpeak,3788,4522,83.7682441
2019-05-01,A DIVISION,7,2,peak,2196,2705,81.1829945
2019-05-01,A DIVISION,S 42nd,1,offpeak,6690,6868,97.4082702
2019-05-01,A DIVISION,S 42nd,1,peak,5848,6402,91.3464542
2019-05-01,A DIVISION,S 42nd,2,offpeak,1704,1704,100
2019-05-01,A DIVISION,S 42nd,2,peak,989,992,99.6975806
2019-05-01,B DIVISION,A,1,offpeak,15630,21789,71.7334435
2019-05-01,B DIVISION,A,1,peak,10835,15837,68.4157353
2019-05-01,B DIVISION,A,2,offpeak,5177,6473,79.9783717
2019-05-01,B DIVISION,A,2,peak,2651,3403,77.9018513
2019-05-01,B DIVISION,B,1,offpeak,7336,9532,76.9618128
2019-05-01,B DIVISION,B,1,peak,6170,8651,71.3212345
2019-05-01,B DIVISION,C,1,offpeak,10184,13061,77.9725902
2019-05-01,B DIVISION,C,1,peak,6204,8151,76.1133603
2019-05-01,B DIVISION,C,2,offpeak,3568,4327,82.4589785
2019-05-01,B DIVISION,C,2,peak,1908,2366,80.6424345
2019-05-01,B DIVISION,D,1,offpeak,11488,15515,74.0444731
2019-05-01,B DIVISION,D,1,peak,7197,9927,72.4992445
2019-05-01,B DIVISION,D,2,offpeak,3649,4498,81.1249444
2019-05-01,B DIVISION,D,2,peak,1897,2280,83.2017544
2019-05-01,B DIVISION,E,1,offpeak,13913,18821,73.9227459
2019-05-01,B DIVISION,E,1,peak,9269,13199,70.225017
2019-05-01,B DIVISION,E,2,offpeak,3147,3630,86.6942149
2019-05-01,B DIVISION,E,2,peak,1577,1819,86.6959868
2019-05-01,B DIVISION,F,1,offpeak,22882,31350,72.9888357
2019-05-01,B DIVISION,F,1,peak,15190,21382,71.0410626
2019-05-01,B DIVISION,F,2,offpeak,5177,6334,81.7335017
2019-05-01,B DIVISION,F,2,peak,2549,3188,79.9560853
2019-05-01,B DIVISION,G,1,offpeak,10887,13751,79.1724238
2019-05-01,B DIVISION,G,1,peak,6103,7890,77.3510773
2019-05-01,B DIVISION,G,2,offpeak,3905,4616,84.5970537
2019-05-01,B DIVISION,G,2,peak,2010,2428,82.7841845
2019-05-01,B DIVISION,JZ,1,offpeak,9841,12086,81.424789
2019-05-01,B DIVISION,JZ,1,peak,6536,8649,75.56943
2019-05-01,B DIVISION,JZ,2,offpeak,2748,3037,90.4840303
2019-05-01,B DIVISION,JZ,2,peak,1467,1618,90.6674907
2019-05-01,B DIVISION,L,1,offpeak,15498,19396,79.9030728
2019-05-01,B DIVISION,L,1,peak,11677,15943,73.2421752
2019-05-01,B DIVISION,L,2,offpeak,2921,3111,93.892639
2019-05-01,B DIVISION,L,2,peak,1465,1584,92.4873737
2019-05-01,B DIVISION,M,1,offpeak,13824,17832,77.5235532
2019-05-01,B DIVISION,M,1,peak,8372,11547,72.5036806
2019-05-01,B DIVISION,M,2,offpeak,3303,4295,76.903376
2019-05-01,B DIVISION,M,2,peak,1722,2157,79.8331015
2019-05-01,B DIVISION,N,1,offpeak,13536,17765,76.194765
2019-05-01,B DIVISION,N,1,peak,8307,11604,71.5873837
2019-05-01,B DIVISION,N,2,offpeak,4388,5487,79.9708402
2019-05-01,B DIVISION,N,2,peak,2101,2672,78.6302395
2019-05-01,B DIVISION,Q,1,offpeak,11565,14912,77.5549893
2019-05-01,B DIVISION,Q,1,peak,6809,8809,77.2959473
2019-05-01,B DIVISION,Q,2,offpeak,3708,4594,80.7139747
2019-05-01,B DIVISION,Q,2,peak,1925,2356,81.7062818
2019-05-01,B DIVISION,R,1,offpeak,15850,20959,75.623837
2019-05-01,B DIVISION,R,1,peak,10448,14571,71.7040697
2019-05-01,B DIVISION,R,2,offpeak,5003,6191,80.8108545
2019-05-01,B DIVISION,R,2,peak,2572,3248,79.1871921
2019-05-01,B DIVISION,S Fkln,1,offpeak,1992,2019,98.6627043
2019-05-01,B DIVISION,S Fkln,1,peak,1236,1246,99.1974318
2019-05-01,B DIVISION,S Fkln,2,offpeak,489,490,99.7959184
2019-05-01,B DIVISION,S Fkln,2,peak,267,270,98.8888889
2019-05-01,B DIVISION,S Rock,1,offpeak,1390,1483,93.7289278
2019-05-01,B DIVISION,S Rock,1,peak,862,926,93.0885529
2019-05-01,B DIVISION,S Rock,2,offpeak,405,429,94.4055944
2019-05-01,B DIVISION,S Rock,2,peak,226,233,96.9957082
2019-05-01,B DIVISION,W,1,offpeak,6921,9023,76.7039787
2019-05-01,B DIVISION,W,1,peak,4704,6431,73.1457005
2019-06-01,A DIVISION,1,1,offpeak,17762,22707,78.2225745
2019-06-01,A DIVISION,1,1,peak,12370,16180,76.4524104
2019-06-01,A DIVISION,1,2,offpeak,5907,6575,89.8403042
2019-06-01,A DIVISION,1,2,peak,2981,3162,94.2757748
2019-06-01,A DIVISION,2,1,offpeak,19544,27509,71.0458395
2019-06-01,A DIVISION,2,1,peak,12473,17480,71.3558352
2019-06-01,A DIVISION,2,2,offpeak,7982,10657,74.8991273
2019-06-01,A DIVISION,2,2,peak,4175,5517,75.6751858
2019-06-01,A DIVISION,3,1,offpeak,16628,21821,76.2018239
2019-06-01,A DIVISION,3,1,peak,10543,14260,73.9340813
2019-06-01,A DIVISION,3,2,offpeak,6222,7454,83.4719614
2019-06-01,A DIVISION,3,2,peak,3145,3710,84.7708895
2019-06-01,A DIVISION,4,1,offpeak,22646,30049,75.3635728
2019-06-01,A DIVISION,4,1,peak,14706,21759,67.5858266
2019-06-01,A DIVISION,4,2,offpeak,8969,11795,76.0406952
2019-06-01,A DIVISION,4,2,peak,4786,6380,75.015674
2019-06-01,A DIVISION,5,1,offpeak,15651,22186,70.5444875
2019-06-01,A DIVISION,5,1,peak,12648,18757,67.4308258
2019-06-01,A DIVISION,5,2,offpeak,3409,3950,86.3037975
2019-06-01,A DIVISION,5,2,peak,1836,2105,87.2209026
2019-06-01,A DIVISION,6,1,offpeak,21552,28050,76.8342246
2019-06-01,A DIVISION,6,1,peak,13937,18987,73.4028546
2019-06-01,A DIVISION,6,2,offpeak,6543,7893,82.8962372
2019-06-01,A DIVISION,6,2,peak,3544,4110,86.2287105
2019-06-01,A DIVISION,7,1,offpeak,15409,19576,78.7137311
2019-06-01,A DIVISION,7,1,peak,11938,15892,75.119557
2019-06-01,A DIVISION,7,2,offpeak,5333,6205,85.9468171
2019-06-01,A DIVISION,7,2,peak,3235,3867,83.6565813
2019-06-01,A DIVISION,S 42nd,1,offpeak,6159,6258,98.4180249
2019-06-01,A DIVISION,S 42nd,1,peak,5344,5820,91.8213058
2019-06-01,A DIVISION,S 42nd,2,offpeak,2136,2154,99.1643454
2019-06-01,A DIVISION,S 42nd,2,peak,1267,1276,99.2946708
2019-06-01,B DIVISION,A,1,offpeak,14341,20027,71.6083288
2019-06-01,B DIVISION,A,1,peak,9881,14490,68.1918565
2019-06-01,B DIVISION,A,2,offpeak,5833,7931,73.5468415
2019-06-01,B DIVISION,A,2,peak,2984,4155,71.8170878
2019-06-01,B DIVISION,B,1,offpeak,6658,8407,79.1959082
2019-06-01,B DIVISION,B,1,peak,5652,7859,71.9175468
2019-06-01,B DIVISION,C,1,offpeak,9004,11879,75.7976261
2019-06-01,B DIVISION,C,1,peak,5730,7408,77.3488121
2019-06-01,B DIVISION,C,2,offpeak,4131,5126,80.5891533
2019-06-01,B DIVISION,C,2,peak,2314,2829,81.7956875
2019-06-01,B DIVISION,D,1,offpeak,10659,14054,75.8431763
2019-06-01,B DIVISION,D,1,peak,6663,8982,74.1816967
2019-06-01,B DIVISION,D,2,offpeak,4443,5512,80.6059507
2019-06-01,B DIVISION,D,2,peak,2259,2739,82.475356
2019-06-01,B DIVISION,E,1,offpeak,12672,17151,73.8849047
2019-06-01,B DIVISION,E,1,peak,8252,11976,68.9044756
2019-06-01,B DIVISION,E,2,offpeak,3640,4330,84.0646651
2019-06-01,B DIVISION,E,2,peak,1755,2147,81.7419655
2019-06-01,B DIVISION,F,1,offpeak,20670,28505,72.5135941
2019-06-01,B DIVISION,F,1,peak,13855,19434,71.29258
2019-06-01,B DIVISION,F,2,offpeak,6076,7872,77.1849593
2019-06-01,B DIVISION,F,2,peak,2993,3936,76.0416667
2019-06-01,B DIVISION,G,1,offpeak,10286,12551,81.9536292
2019-06-01,B DIVISION,G,1,peak,5674,7220,78.5872576
2019-06-01,B DIVISION,G,2,offpeak,4849,5632,86.0973011
2019-06-01,B DIVISION,G,2,peak,2493,2942,84.7382733
2019-06-01,B DIVISION,JZ,1,offpeak,9332,10965,85.1071591
2019-06-01,B DIVISION,JZ,1,peak,6145,7864,78.1408952
2019-06-01,B DIVISION,JZ,2,offpeak,3933,4565,86.1555312
2019-06-01,B DIVISION,JZ,2,peak,2107,2417,87.1741829
2019-06-01,B DIVISION,L,1,offpeak,14130,17363,81.3799459
2019-06-01,B DIVISION,L,1,peak,11038,14480,76.2292818
2019-06-01,B DIVISION,L,2,offpeak,4624,5359,86.2847546
2019-06-01,B DIVISION,L,2,peak,2430,2731,88.9783962
2019-06-01,B DIVISION,M,1,offpeak,12630,16099,78.4520778
2019-06-01,B DIVISION,M,1,peak,7717,10542,73.2024284
2019-06-01,B DIVISION,M,2,offpeak,3678,4757,77.3176372
2019-06-01,B DIVISION,M,2,peak,1948,2390,81.5062762
2019-06-01,B DIVISION,N,1,offpeak,12579,16186,77.7153095
2019-06-01,B DIVISION,N,1,peak,7527,10552,71.3324488
2019-06-01,B DIVISION,N,2,offpeak,5198,6530,79.6018377
2019-06-01,B DIVISION,N,2,peak,2513,3170,79.2744479
2019-06-01,B DIVISION,Q,1,offpeak,10603,13613,77.8887828
2019-06-01,B DIVISION,Q,1,peak,6105,8049,75.8479314
2019-06-01,B DIVISION,Q,2,offpeak,4884,5959,81.9600604
2019-06-01,B DIVISION,Q,2,peak,2593,3044,85.1839685
2019-06-01,B DIVISION,R,1,offpeak,14416,19214,75.028625
2019-06-01,B DIVISION,R,1,peak,9170,13351,68.6839937
2019-06-01,B DIVISION,R,2,offpeak,5842,7554,77.3365105
2019-06-01,B DIVISION,R,2,peak,3027,3999,75.6939235
2019-06-01,B DIVISION,S Fkln,1,offpeak,2028,2067,98.1132075
2019-06-01,B DIVISION,S Fkln,1,peak,1133,1143,99.1251094
2019-06-01,B DIVISION,S Fkln,2,offpeak,661,667,99.1004498
2019-06-01,B DIVISION,S Fkln,2,peak,356,361,98.6149584
2019-06-01,B DIVISION,S Rock,1,offpeak,1645,1736,94.7580645
2019-06-01,B DIVISION,S Rock,1,peak,823,866,95.034642
2019-06-01,B DIVISION,S Rock,2,offpeak,686,728,94.2307692
2019-06-01,B DIVISION,S Rock,2,peak,374,396,94.4444444
2019-06-01,B DIVISION,W,1,offpeak,5332,6634,80.3738318
2019-06-01,B DIVISION,W,1,peak,4129,5671,72.8090284
2019-07-01,A DIVISION,1,1,offpeak,21809,27101,80.4730453
2019-07-01,A DIVISION,1,1,peak,13255,17760,74.634009
2019-07-01,A DIVISION,1,2,offpeak,4703,5358,87.7752893
2019-07-01,A DIVISION,1,2,peak,2390,2611,91.53581
2019-07-01,A DIVISION,2,1,offpeak,19834,28549,69.4735367
2019-07-01,A DIVISION,2,1,peak,13261,19122,69.3494404
2019-07-01,A DIVISION,2,2,offpeak,4806,6824,70.4279015
2019-07-01,A DIVISION,2,2,peak,2662,3627,73.3939895
2019-07-01,A DIVISION,3,1,offpeak,16686,22744,73.3644038
2019-07-01,A DIVISION,3,1,peak,11434,15506,73.7391977
2019-07-01,A DIVISION,3,2,offpeak,2228,3049,73.0731387
2019-07-01,A DIVISION,3,2,peak,1314,1551,84.7195358
2019-07-01,A DIVISION,4,1,offpeak,23317,32074,72.697512
2019-07-01,A DIVISION,4,1,peak,15582,23831,65.3854223
2019-07-01,A DIVISION,4,2,offpeak,6738,9301,72.4438232
2019-07-01,A DIVISION,4,2,peak,3703,5079,72.9080528
2019-07-01,A DIVISION,5,1,offpeak,17070,24481,69.7275438
2019-07-01,A DIVISION,5,1,peak,13564,20383,66.5456508
2019-07-01,A DIVISION,5,2,offpeak,2420,3374,71.7249555
2019-07-01,A DIVISION,5,2,peak,1373,1869,73.4617442
2019-07-01,A DIVISION,6,1,offpeak,24784,31394,78.9450213
2019-07-01,A DIVISION,6,1,peak,15176,20821,72.8879497
2019-07-01,A DIVISION,6,2,offpeak,4861,6081,79.9375103
2019-07-01,A DIVISION,6,2,peak,2702,3189,84.7287551
2019-07-01,A DIVISION,7,1,offpeak,15384,18937,81.2377885
2019-07-01,A DIVISION,7,1,peak,11809,15285,77.2587504
2019-07-01,A DIVISION,7,2,offpeak,3479,3930,88.524173
2019-07-01,A DIVISION,7,2,peak,2055,2428,84.6375618
2019-07-01,A DIVISION,S 42nd,1,offpeak,6457,6744,95.7443654
2019-07-01,A DIVISION,S 42nd,1,peak,5524,6340,87.1293375
2019-07-01,A DIVISION,S 42nd,2,offpeak,1620,1704,95.0704225
2019-07-01,A DIVISION,S 42nd,2,peak,983,992,99.0927419
2019-07-01,B DIVISION,A,1,offpeak,15524,22085,70.2920534
2019-07-01,B DIVISION,A,1,peak,10478,15900,65.8993711
2019-07-01,B DIVISION,A,2,offpeak,4473,6054,73.8850347
2019-07-01,B DIVISION,A,2,peak,2334,3247,71.881737
2019-07-01,B DIVISION,B,1,offpeak,7599,9573,79.3795049
2019-07-01,B DIVISION,B,1,peak,6178,8574,72.0550502
2019-07-01,B DIVISION,C,1,offpeak,9513,13003,73.16004
2019-07-01,B DIVISION,C,1,peak,6069,8174,74.2476144
2019-07-01,B DIVISION,C,2,offpeak,2885,3665,78.7175989
2019-07-01,B DIVISION,C,2,peak,1739,2180,79.7706422
2019-07-01,B DIVISION,D,1,offpeak,11791,15483,76.154492
2019-07-01,B DIVISION,D,1,peak,7252,9891,73.3191791
2019-07-01,B DIVISION,D,2,offpeak,3395,4529,74.9613601
2019-07-01,B DIVISION,D,2,peak,1803,2376,75.8838384
2019-07-01,B DIVISION,E,1,offpeak,13691,18668,73.3394043
2019-07-01,B DIVISION,E,1,peak,9357,13136,71.2317296
2019-07-01,B DIVISION,E,2,offpeak,2491,2898,85.9558316
2019-07-01,B DIVISION,E,2,peak,1311,1496,87.6336898
2019-07-01,B DIVISION,F,1,offpeak,22475,31200,72.0352564
2019-07-01,B DIVISION,F,1,peak,15162,21365,70.9665341
2019-07-01,B DIVISION,F,2,offpeak,4980,6229,79.9486274
2019-07-01,B DIVISION,F,2,peak,2461,3131,78.6010859
2019-07-01,B DIVISION,G,1,offpeak,11211,13790,81.2980421
2019-07-01,B DIVISION,G,1,peak,6305,7937,79.4380748
2019-07-01,B DIVISION,G,2,offpeak,3719,4712,78.926146
2019-07-01,B DIVISION,G,2,peak,2028,2474,81.9725141
2019-07-01,B DIVISION,JZ,1,offpeak,10283,12080,85.1241722
2019-07-01,B DIVISION,JZ,1,peak,6956,8663,80.2955096
2019-07-01,B DIVISION,JZ,2,offpeak,3289,3849,85.4507664
2019-07-01,B DIVISION,JZ,2,peak,1770,2084,84.9328215
2019-07-01,B DIVISION,L,1,offpeak,14833,18146,81.7425328
2019-07-01,B DIVISION,L,1,peak,12128,15892,76.3151271
2019-07-01,B DIVISION,L,2,offpeak,2177,2480,87.7822581
2019-07-01,B DIVISION,L,2,peak,1086,1256,86.4649682
2019-07-01,B DIVISION,M,1,offpeak,13822,17790,77.6953345
2019-07-01,B DIVISION,M,1,peak,8630,11592,74.4478951
2019-07-01,B DIVISION,M,2,offpeak,3075,4151,74.0785353
2019-07-01,B DIVISION,M,2,peak,1620,2129,76.092062
2019-07-01,B DIVISION,N,1,offpeak,13613,17712,76.8574977
2019-07-01,B DIVISION,N,1,peak,8382,11585,72.3521795
2019-07-01,B DIVISION,N,2,offpeak,3764,4900,76.8163265
2019-07-01,B DIVISION,N,2,peak,1809,2396,75.5008347
2019-07-01,B DIVISION,Q,1,offpeak,11144,14452,77.1104345
2019-07-01,B DIVISION,Q,1,peak,6459,8571,75.3587679
2019-07-01,B DIVISION,Q,2,offpeak,3307,4414,74.9207068
2019-07-01,B DIVISION,Q,2,peak,1773,2316,76.5544041
2019-07-01,B DIVISION,R,1,offpeak,16047,20970,76.5236052
2019-07-01,B DIVISION,R,1,peak,10553,14679,71.8918182
2019-07-01,B DIVISION,R,2,offpeak,4609,5792,79.5752762
2019-07-01,B DIVISION,R,2,peak,2456,3094,79.3794441
2019-07-01,B DIVISION,S Fkln,1,offpeak,2454,2515,97.5745527
2019-07-01,B DIVISION,S Fkln,1,peak,1456,1476,98.6449864
2019-07-01,B DIVISION,S Fkln,2,offpeak,669,690,96.9565217
2019-07-01,B DIVISION,S Fkln,2,peak,375,378,99.2063492
2019-07-01,B DIVISION,S Rock,1,offpeak,1747,1886,92.6299046
2019-07-01,B DIVISION,S Rock,1,peak,925,966,95.7556936
2019-07-01,B DIVISION,S Rock,2,offpeak,497,543,91.5285451
2019-07-01,B DIVISION,S Rock,2,peak,266,287,92.6829268
2019-07-01,B DIVISION,W,1,offpeak,4854,5961,81.4292904
2019-07-01,B DIVISION,W,1,peak,4857,6199,78.351347
2019-08-01,A DIVISION,1,1,offpeak,22105,26829,82.3921876
2019-08-01,A DIVISION,1,1,peak,13956,17800,78.4044944
2019-08-01,A DIVISION,1,2,offpeak,4038,4704,85.8418367
2019-08-01,A DIVISION,1,2,peak,2070,2353,87.9728007
2019-08-01,A DIVISION,2,1,offpeak,20287,28054,72.3141085
2019-08-01,A DIVISION,2,1,peak,13613,19224,70.812526
2019-08-01,A DIVISION,2,2,offpeak,4750,6088,78.022339
2019-08-01,A DIVISION,2,2,peak,2602,3271,79.547539
2019-08-01,A DIVISION,3,1,offpeak,16070,21274,75.5382157
2019-08-01,A DIVISION,3,1,peak,11377,15686,72.5296443
2019-08-01,A DIVISION,4,1,offpeak,24394,32516,75.0215279
2019-08-01,A DIVISION,4,1,peak,16338,23961,68.1858019
2019-08-01,A DIVISION,4,2,offpeak,7994,10533,75.8948068
2019-08-01,A DIVISION,4,2,peak,4317,5796,74.4824017
2019-08-01,A DIVISION,5,1,offpeak,17954,24971,71.8994033
2019-08-01,A DIVISION,5,1,peak,14463,20626,70.1202366
2019-08-01,A DIVISION,5,2,offpeak,2794,3259,85.7318196
2019-08-01,A DIVISION,5,2,peak,1487,1686,88.1969158
2019-08-01,A DIVISION,6,1,offpeak,24854,30946,80.3140955
2019-08-01,A DIVISION,6,1,peak,16089,20898,76.9882285
2019-08-01,A DIVISION,6,2,offpeak,5918,6849,86.4067747
2019-08-01,A DIVISION,6,2,peak,3167,3584,88.3649554
2019-08-01,A DIVISION,7,1,offpeak,17412,21500,80.9860465
2019-08-01,A DIVISION,7,1,peak,13258,17406,76.1691371
2019-08-01,A DIVISION,7,2,offpeak,4571,5370,85.1210428
2019-08-01,A DIVISION,7,2,peak,2844,3425,83.0364964
2019-08-01,A DIVISION,S 42nd,1,offpeak,6582,6781,97.0653296
2019-08-01,A DIVISION,S 42nd,1,peak,5011,5482,91.4082452
2019-08-01,A DIVISION,S 42nd,2,offpeak,1884,1930,97.6165803
2019-08-01,A DIVISION,S 42nd,2,peak,1109,1132,97.9681979
2019-08-01,B DIVISION,A,1,offpeak,16159,22253,72.6149283
2019-08-01,B DIVISION,A,1,peak,11240,16100,69.8136646
2019-08-01,B DIVISION,A,2,offpeak,5490,7465,73.5432016
2019-08-01,B DIVISION,A,2,peak,2934,3908,75.0767656
2019-08-01,B DIVISION,B,1,offpeak,7954,9958,79.875477
2019-08-01,B DIVISION,B,1,peak,6501,8651,75.1473818
2019-08-01,B DIVISION,C,1,offpeak,9946,13063,76.1387124
2019-08-01,B DIVISION,C,1,peak,6254,8211,76.1661186
2019-08-01,B DIVISION,C,2,offpeak,3546,4566,77.6609724
2019-08-01,B DIVISION,C,2,peak,1904,2516,75.6756757
2019-08-01,B DIVISION,D,1,offpeak,12042,15618,77.1033423
2019-08-01,B DIVISION,D,1,peak,7553,9936,76.0165056
2019-08-01,B DIVISION,D,2,offpeak,4165,5026,82.8690808
2019-08-01,B DIVISION,D,2,peak,2160,2578,83.7858805
2019-08-01,B DIVISION,E,1,offpeak,14295,18783,76.1060533
2019-08-01,B DIVISION,E,1,peak,9307,13134,70.8618852
2019-08-01,B DIVISION,E,2,offpeak,3125,3584,87.1930804
2019-08-01,B DIVISION,E,2,peak,1541,1797,85.7540345
2019-08-01,B DIVISION,F,1,offpeak,22455,30947,72.5595373
2019-08-01,B DIVISION,F,1,peak,15059,21248,70.8725527
2019-08-01,B DIVISION,F,2,offpeak,5586,6770,82.5110783
2019-08-01,B DIVISION,F,2,peak,2777,3436,80.8207218
2019-08-01,B DIVISION,G,1,offpeak,11443,13856,82.5851617
2019-08-01,B DIVISION,G,1,peak,6401,7924,80.7799091
2019-08-01,B DIVISION,G,2,offpeak,4590,5274,87.0307167
2019-08-01,B DIVISION,G,2,peak,2380,2757,86.3257164
2019-08-01,B DIVISION,JZ,1,offpeak,10372,12007,86.3829433
2019-08-01,B DIVISION,JZ,1,peak,6798,8656,78.5351201
2019-08-01,B DIVISION,JZ,2,offpeak,3379,3843,87.9260994
2019-08-01,B DIVISION,JZ,2,peak,1834,2070,88.5990338
2019-08-01,B DIVISION,L,1,offpeak,15972,20225,78.9715698
2019-08-01,B DIVISION,L,1,peak,11816,15982,73.9331748
2019-08-01,B DIVISION,L,2,offpeak,2870,3176,90.3652393
2019-08-01,B DIVISION,L,2,peak,1462,1619,90.302656
2019-08-01,B DIVISION,M,1,offpeak,13925,17785,78.2963171
2019-08-01,B DIVISION,M,1,peak,8556,11609,73.7014385
2019-08-01,B DIVISION,M,2,offpeak,3690,4828,76.4291632
2019-08-01,B DIVISION,M,2,peak,1826,2449,74.5610453
2019-08-01,B DIVISION,N,1,offpeak,14087,17774,79.2562169
2019-08-01,B DIVISION,N,1,peak,8802,11595,75.912031
2019-08-01,B DIVISION,N,2,offpeak,5369,6642,80.8340861
2019-08-01,B DIVISION,N,2,peak,2781,3282,84.7349177
2019-08-01,B DIVISION,Q,1,offpeak,11586,14806,78.25206
2019-08-01,B DIVISION,Q,1,peak,6861,8802,77.9481936
2019-08-01,B DIVISION,Q,2,offpeak,4406,5212,84.5356869
2019-08-01,B DIVISION,Q,2,peak,2294,2676,85.7249626
2019-08-01,B DIVISION,R,1,offpeak,15967,20716,77.0756903
2019-08-01,B DIVISION,R,1,peak,10422,14407,72.3398348
2019-08-01,B DIVISION,R,2,offpeak,5306,6519,81.3928517
2019-08-01,B DIVISION,R,2,peak,2898,3428,84.5390898
2019-08-01,B DIVISION,S Fkln,1,offpeak,2543,2583,98.4514131
2019-08-01,B DIVISION,S Fkln,1,peak,1456,1468,99.1825613
2019-08-01,B DIVISION,S Fkln,2,offpeak,886,913,97.0427163
2019-08-01,B DIVISION,S Fkln,2,peak,497,535,92.8971963
2019-08-01,B DIVISION,S Rock,1,offpeak,1754,1896,92.5105485
2019-08-01,B DIVISION,S Rock,1,peak,880,944,93.220339
2019-08-01,B DIVISION,S Rock,2,offpeak,632,691,91.4616498
2019-08-01,B DIVISION,S Rock,2,peak,341,376,90.6914894
2019-08-01,B DIVISION,W,1,offpeak,5549,6778,81.8678076
2019-08-01,B DIVISION,W,1,peak,4947,6254,79.1013751
2019-09-01,A DIVISION,1,1,offpeak,20705,25008,82.7935061
2019-09-01,A DIVISION,1,1,peak,12454,16180,76.9715698
2019-09-01,A DIVISION,1,2,offpeak,6524,7127,91.5392171
2019-09-01,A DIVISION,1,2,peak,3230,3460,93.3526012
2019-09-01,A DIVISION,2,1,offpeak,19494,26662,73.1152952
2019-09-01,A DIVISION,2,1,peak,12480,17424,71.6253444
2019-09-01,A DIVISION,2,2,offpeak,5821,7540,77.2015915
2019-09-01,A DIVISION,2,2,peak,2939,3826,76.8165186
2019-09-01,A DIVISION,3,1,offpeak,16699,21064,79.2774402
2019-09-01,A DIVISION,3,1,peak,10784,14260,75.6241234
2019-09-01,A DIVISION,3,2,offpeak,5779,6775,85.298893
2019-09-01,A DIVISION,3,2,peak,2917,3360,86.8154762
2019-09-01,A DIVISION,4,1,offpeak,22024,29425,74.8479184
2019-09-01,A DIVISION,4,1,peak,14770,21783,67.8051692
2019-09-01,A DIVISION,4,2,offpeak,7916,10412,76.0276604
2019-09-01,A DIVISION,4,2,peak,4243,5585,75.9713518
2019-09-01,A DIVISION,5,1,offpeak,16660,23068,72.2212589
2019-09-01,A DIVISION,5,1,peak,12519,18686,66.996682
2019-09-01,A DIVISION,5,2,offpeak,2505,3026,82.7825512
2019-09-01,A DIVISION,5,2,peak,1257,1564,80.370844
2019-09-01,A DIVISION,6,1,offpeak,21972,28443,77.2492353
2019-09-01,A DIVISION,6,1,peak,13380,19005,70.4025257
2019-09-01,A DIVISION,6,2,offpeak,5619,6899,81.4465865
2019-09-01,A DIVISION,6,2,peak,2852,3603,79.1562587
2019-09-01,A DIVISION,7,1,offpeak,13144,15764,83.3798528
2019-09-01,A DIVISION,7,1,peak,10212,12947,78.8754152
2019-09-01,A DIVISION,7,2,offpeak,4343,4956,87.6311542
2019-09-01,A DIVISION,7,2,peak,2757,3257,84.6484495
2019-09-01,A DIVISION,S 42nd,1,offpeak,5870,6042,97.1532605
2019-09-01,A DIVISION,S 42nd,1,peak,3610,3958,91.2076806
2019-09-01,A DIVISION,S 42nd,2,offpeak,1892,1904,99.3697479
2019-09-01,A DIVISION,S 42nd,2,peak,1087,1100,98.8181818
2019-09-01,B DIVISION,A,1,offpeak,14412,20133,71.5839666
2019-09-01,B DIVISION,A,1,peak,9674,14541,66.5291245
2019-09-01,B DIVISION,A,2,offpeak,5135,6822,75.2711815
2019-09-01,B DIVISION,A,2,peak,2857,3588,79.6265329
2019-09-01,B DIVISION,B,1,offpeak,6951,8785,79.123506
2019-09-01,B DIVISION,B,1,peak,5715,7863,72.6821824
2019-09-01,B DIVISION,C,1,offpeak,9362,11889,78.7450585
2019-09-01,B DIVISION,C,1,peak,5636,7441,75.7425077
2019-09-01,B DIVISION,C,2,offpeak,3368,4161,80.9420812
2019-09-01,B DIVISION,C,2,peak,1938,2339,82.8559213
2019-09-01,B DIVISION,D,1,offpeak,10773,14117,76.3122476
2019-09-01,B DIVISION,D,1,peak,6771,9059,74.7433492
2019-09-01,B DIVISION,D,2,offpeak,4119,5059,81.4192528
2019-09-01,B DIVISION,D,2,peak,2171,2555,84.9706458
2019-09-01,B DIVISION,E,1,offpeak,12708,16950,74.9734513
2019-09-01,B DIVISION,E,1,peak,8445,11889,71.0320464
2019-09-01,B DIVISION,E,2,offpeak,3030,3467,87.3954427
2019-09-01,B DIVISION,E,2,peak,1486,1727,86.045165
2019-09-01,B DIVISION,F,1,offpeak,20537,28109,73.0620086
2019-09-01,B DIVISION,F,1,peak,13770,19287,71.3952403
2019-09-01,B DIVISION,F,2,offpeak,5486,6786,80.8429119
2019-09-01,B DIVISION,F,2,peak,2794,3413,81.8634632
2019-09-01,B DIVISION,G,1,offpeak,10196,12354,82.5319734
2019-09-01,B DIVISION,G,1,peak,5569,7124,78.1723751
2019-09-01,B DIVISION,G,2,offpeak,4314,5033,85.7142857
2019-09-01,B DIVISION,G,2,peak,2282,2656,85.9186747
2019-09-01,B DIVISION,JZ,1,offpeak,9393,10969,85.6322363
2019-09-01,B DIVISION,JZ,1,peak,6104,7872,77.5406504
2019-09-01,B DIVISION,JZ,2,offpeak,3408,3803,89.6134631
2019-09-01,B DIVISION,JZ,2,peak,1823,2031,89.7587395
2019-09-01,B DIVISION,L,1,offpeak,14661,19304,75.9479901
2019-09-01,B DIVISION,L,1,peak,11160,14511,76.9071739
2019-09-01,B DIVISION,L,2,offpeak,2359,2555,92.3287671
2019-09-01,B DIVISION,L,2,peak,1191,1310,90.9160305
2019-09-01,B DIVISION,M,1,offpeak,12915,16244,79.5062792
2019-09-01,B DIVISION,M,1,peak,7957,10503,75.7593069
2019-09-01,B DIVISION,M,2,offpeak,3776,4799,78.683059
2019-09-01,B DIVISION,M,2,peak,1962,2410,81.4107884
2019-09-01,B DIVISION,N,1,offpeak,12503,16105,77.6342751
2019-09-01,B DIVISION,N,1,peak,7938,10505,75.5640171
2019-09-01,B DIVISION,N,2,offpeak,5067,6129,82.6725404
2019-09-01,B DIVISION,N,2,peak,2476,3024,81.8783069
2019-09-01,B DIVISION,Q,1,offpeak,10391,13135,79.1092501
2019-09-01,B DIVISION,Q,1,peak,6134,7795,78.6914689
2019-09-01,B DIVISION,Q,2,offpeak,4032,4886,82.52149
2019-09-01,B DIVISION,Q,2,peak,2144,2523,84.9782006
2019-09-01,B DIVISION,R,1,offpeak,14850,19105,77.7283434
2019-09-01,B DIVISION,R,1,peak,9892,13285,74.4599172
2019-09-01,B DIVISION,R,2,offpeak,5489,6651,82.528943
2019-09-01,B DIVISION,R,2,peak,2909,3518,82.6890279
2019-09-01,B DIVISION,S Fkln,1,offpeak,2378,2451,97.0216238
2019-09-01,B DIVISION,S Fkln,1,peak,1381,1401,98.5724483
2019-09-01,B DIVISION,S Fkln,2,offpeak,938,952,98.5294118
2019-09-01,B DIVISION,S Fkln,2,peak,521,525,99.2380952
2019-09-01,B DIVISION,S Rock,1,offpeak,1244,1319,94.3138741
2019-09-01,B DIVISION,S Rock,1,peak,794,848,93.6320755
2019-09-01,B DIVISION,S Rock,2,offpeak,357,374,95.4545455
2019-09-01,B DIVISION,S Rock,2,peak,185,197,93.9086294
2019-09-01,B DIVISION,W,1,offpeak,6572,8249,79.6702631
2019-09-01,B DIVISION,W,1,peak,4461,5746,77.6366168
2019-10-01,A DIVISION,1,1,offpeak,23648,28782,82.1624627
2019-10-01,A DIVISION,1,1,peak,14034,18607,75.4232278
2019-10-01,A DIVISION,1,2,offpeak,5726,6478,88.3914789
2019-10-01,A DIVISION,1,2,peak,2841,3162,89.8481973
2019-10-01,A DIVISION,2,1,offpeak,22887,30836,74.2216889
2019-10-01,A DIVISION,2,1,peak,14566,20098,72.4748731
2019-10-01,A DIVISION,2,2,offpeak,5042,6715,75.0856292
2019-10-01,A DIVISION,2,2,peak,2715,3482,77.9724296
2019-10-01,A DIVISION,3,1,offpeak,18723,23661,79.1302143
2019-10-01,A DIVISION,3,1,peak,12369,16399,75.4253308
2019-10-01,A DIVISION,3,2,offpeak,4689,5369,87.3346992
2019-10-01,A DIVISION,3,2,peak,2361,2706,87.2505543
2019-10-01,A DIVISION,4,1,offpeak,25774,34111,75.5592038
2019-10-01,A DIVISION,4,1,peak,17129,25047,68.3874316
2019-10-01,A DIVISION,4,2,offpeak,7525,9263,81.2371802
2019-10-01,A DIVISION,4,2,peak,3853,5083,75.8016919
2019-10-01,A DIVISION,5,1,offpeak,18903,26552,71.1923772
2019-10-01,A DIVISION,5,1,peak,14617,21554,67.8157187
2019-10-01,A DIVISION,5,2,offpeak,4369,5241,83.3619538
2019-10-01,A DIVISION,5,2,peak,2380,2839,83.8323353
2019-10-01,A DIVISION,6,1,offpeak,25816,32974,78.2919876
2019-10-01,A DIVISION,6,1,peak,15541,21871,71.0575648
2019-10-01,A DIVISION,6,2,offpeak,5451,6011,90.6837465
2019-10-01,A DIVISION,6,2,peak,2820,3145,89.6661367
2019-10-01,A DIVISION,7,1,offpeak,16261,20801,78.1741262
2019-10-01,A DIVISION,7,1,peak,12291,16780,73.2479142
2019-10-01,A DIVISION,7,2,offpeak,3744,4463,83.8897603
2019-10-01,A DIVISION,7,2,peak,2120,2539,83.4974399
2019-10-01,A DIVISION,S 42nd,1,offpeak,6775,6963,97.3000144
2019-10-01,A DIVISION,S 42nd,1,peak,3808,4577,83.1986017
2019-10-01,A DIVISION,S 42nd,2,offpeak,1684,1703,98.8843218
2019-10-01,A DIVISION,S 42nd,2,peak,969,992,97.6814516
2019-10-01,B DIVISION,A,1,offpeak,16225,23098,70.244177
2019-10-01,B DIVISION,A,1,peak,11004,16697,65.9040546
2019-10-01,B DIVISION,A,2,offpeak,4708,6334,74.329018
2019-10-01,B DIVISION,A,2,peak,2573,3333,77.1977198
2019-10-01,B DIVISION,B,1,offpeak,7523,9891,76.0590436
2019-10-01,B DIVISION,B,1,peak,6415,8971,71.5081931
2019-10-01,B DIVISION,C,1,offpeak,10538,13656,77.1675454
2019-10-01,B DIVISION,C,1,peak,6532,8517,76.6936715
2019-10-01,B DIVISION,C,2,offpeak,3355,4087,82.0895522
2019-10-01,B DIVISION,C,2,peak,1883,2289,82.2629969
2019-10-01,B DIVISION,D,1,offpeak,11727,16159,72.5725602
2019-10-01,B DIVISION,D,1,peak,7370,10368,71.0841049
2019-10-01,B DIVISION,D,2,offpeak,3555,4310,82.4825986
2019-10-01,B DIVISION,D,2,peak,1720,2166,79.4090489
2019-10-01,B DIVISION,E,1,offpeak,14564,19711,73.8876769
2019-10-01,B DIVISION,E,1,peak,9878,13794,71.6108453
2019-10-01,B DIVISION,E,2,offpeak,2373,2736,86.7324561
2019-10-01,B DIVISION,E,2,peak,1163,1352,86.0207101
2019-10-01,B DIVISION,F,1,offpeak,23433,32692,71.6780864
2019-10-01,B DIVISION,F,1,peak,15187,22186,68.4530785
2019-10-01,B DIVISION,F,2,offpeak,5159,6353,81.2057296
2019-10-01,B DIVISION,F,2,peak,2607,3180,81.9811321
2019-10-01,B DIVISION,G,1,offpeak,11894,14357,82.8446054
2019-10-01,B DIVISION,G,1,peak,6321,8263,76.4976401
2019-10-01,B DIVISION,G,2,offpeak,4001,4614,86.7143476
2019-10-01,B DIVISION,G,2,peak,2098,2424,86.5511551
2019-10-01,B DIVISION,JZ,1,offpeak,10748,12598,85.3151294
2019-10-01,B DIVISION,JZ,1,peak,6995,9048,77.3099027
2019-10-01,B DIVISION,JZ,2,offpeak,3147,3615,87.0539419
2019-10-01,B DIVISION,JZ,2,peak,1630,1946,83.7615622
2019-10-01,B DIVISION,L,1,offpeak,16353,20384,80.224686
2019-10-01,B DIVISION,L,1,peak,13059,16667,78.352433
2019-10-01,B DIVISION,L,2,offpeak,2622,2820,92.9787234
2019-10-01,B DIVISION,L,2,peak,1329,1440,92.2916667
2019-10-01,B DIVISION,M,1,offpeak,14584,18825,77.4714475
2019-10-01,B DIVISION,M,1,peak,8934,12092,73.8835594
2019-10-01,B DIVISION,M,2,offpeak,3289,4302,76.4528126
2019-10-01,B DIVISION,M,2,peak,1674,2147,77.9692594
2019-10-01,B DIVISION,N,1,offpeak,13261,17198,77.1078032
2019-10-01,B DIVISION,N,1,peak,8540,11689,73.060142
2019-10-01,B DIVISION,N,2,offpeak,3809,4674,81.4933676
2019-10-01,B DIVISION,N,2,peak,1887,2282,82.6906223
2019-10-01,B DIVISION,Q,1,offpeak,10933,14571,75.032599
2019-10-01,B DIVISION,Q,1,peak,6489,8969,72.3492028
2019-10-01,B DIVISION,Q,2,offpeak,2726,3401,80.1528962
2019-10-01,B DIVISION,Q,2,peak,1409,1769,79.6495195
2019-10-01,B DIVISION,R,1,offpeak,16709,21460,77.861137
2019-10-01,B DIVISION,R,1,peak,11235,15336,73.2589984
2019-10-01,B DIVISION,R,2,offpeak,4619,5632,82.0134943
2019-10-01,B DIVISION,R,2,peak,2479,2948,84.0909091
2019-10-01,B DIVISION,S Fkln,1,offpeak,2629,2670,98.4644195
2019-10-01,B DIVISION,S Fkln,1,peak,1491,1511,98.6763733
2019-10-01,B DIVISION,S Fkln,2,offpeak,892,900,99.1111111
2019-10-01,B DIVISION,S Fkln,2,peak,483,488,98.9754098
2019-10-01,B DIVISION,S Rock,1,offpeak,1795,1870,95.9893048
2019-10-01,B DIVISION,S Rock,1,peak,952,990,96.1616162
2019-10-01,B DIVISION,S Rock,2,offpeak,542,557,97.3070018
2019-10-01,B DIVISION,S Rock,2,peak,285,296,96.2837838
2019-10-01,B DIVISION,W,1,offpeak,7911,9818,80.5764922
2019-10-01,B DIVISION,W,1,peak,5026,6645,75.6358164
2019-11-01,A DIVISION,1,1,offpeak,19800,24498,80.8229243
2019-11-01,A DIVISION,1,1,peak,12257,16180,75.7540173
2019-11-01,A DIVISION,1,2,offpeak,6305,7509,83.9659076
2019-11-01,A DIVISION,1,2,peak,3274,3694,88.6302112
2019-11-01,A DIVISION,2,1,offpeak,19797,26711,74.1155329
2019-11-01,A DIVISION,2,1,peak,12797,17476,73.2261387
2019-11-01,A DIVISION,2,2,offpeak,6275,8216,76.3753651
2019-11-01,A DIVISION,2,2,peak,3383,4416,76.6077899
2019-11-01,A DIVISION,3,1,offpeak,16967,21333,79.5340552
2019-11-01,A DIVISION,3,1,peak,11070,14260,77.6297335
2019-11-01,A DIVISION,3,2,offpeak,2931,3704,79.1306695
2019-11-01,A DIVISION,3,2,peak,1545,1878,82.2683706
2019-11-01,A DIVISION,4,1,offpeak,21964,29565,74.2905463
2019-11-01,A DIVISION,4,1,peak,14860,21777,68.2371309
2019-11-01,A DIVISION,4,2,offpeak,7894,10478,75.3388051
2019-11-01,A DIVISION,4,2,peak,4457,5777,77.1507703
2019-11-01,A DIVISION,5,1,offpeak,16239,22714,71.4933521
2019-11-01,A DIVISION,5,1,peak,12651,18740,67.5080043
2019-11-01,A DIVISION,5,2,offpeak,4016,4813,83.4406815
2019-11-01,A DIVISION,5,2,peak,2194,2609,84.0935224
2019-11-01,A DIVISION,6,1,offpeak,22907,28678,79.8765604
2019-11-01,A DIVISION,6,1,peak,13392,19019,70.4137967
2019-11-01,A DIVISION,6,2,offpeak,6242,7116,87.717819
2019-11-01,A DIVISION,6,2,peak,3330,3750,88.8
2019-11-01,A DIVISION,7,1,offpeak,13701,16939,80.8843497
2019-11-01,A DIVISION,7,1,peak,10577,13916,76.0060362
2019-11-01,A DIVISION,7,2,offpeak,4181,4862,85.9934183
2019-11-01,A DIVISION,7,2,peak,2595,2970,87.3737374
2019-11-01,A DIVISION,S 42nd,1,offpeak,5826,6056,96.2021136
2019-11-01,A DIVISION,S 42nd,1,peak,3407,3980,85.6030151
2019-11-01,A DIVISION,S 42nd,2,offpeak,1912,1927,99.221588
2019-11-01,A DIVISION,S 42nd,2,peak,1119,1132,98.8515901
2019-11-01,B DIVISION,A,1,offpeak,13746,19518,70.4272979
2019-11-01,B DIVISION,A,1,peak,9548,14455,66.0532688
2019-11-01,B DIVISION,A,2,offpeak,5364,7210,74.3966713
2019-11-01,B DIVISION,A,2,peak,2848,3761,75.7245413
2019-11-01,B DIVISION,B,1,offpeak,6205,8306,74.7050325
2019-11-01,B DIVISION,B,1,peak,5387,7766,69.3664692
2019-11-01,B DIVISION,C,1,offpeak,8775,11129,78.8480546
2019-11-01,B DIVISION,C,1,peak,5609,7430,75.4912517
2019-11-01,B DIVISION,C,2,offpeak,3488,4187,83.3054693
2019-11-01,B DIVISION,C,2,peak,1922,2372,81.0286678
2019-11-01,B DIVISION,D,1,offpeak,10398,13807,75.3096256
2019-11-01,B DIVISION,D,1,peak,6391,8996,71.0426856
2019-11-01,B DIVISION,D,2,offpeak,3794,4547,83.4396305
2019-11-01,B DIVISION,D,2,peak,1944,2299,84.5585037
2019-11-01,B DIVISION,E,1,offpeak,12617,17106,73.7577458
2019-11-01,B DIVISION,E,1,peak,8409,12011,70.0108234
2019-11-01,B DIVISION,E,2,offpeak,2926,3419,85.5805791
2019-11-01,B DIVISION,E,2,peak,1502,1706,88.042204
2019-11-01,B DIVISION,F,1,offpeak,20325,28480,71.3658708
2019-11-01,B DIVISION,F,1,peak,13694,19330,70.8432488
2019-11-01,B DIVISION,F,2,offpeak,5423,6742,80.4360724
2019-11-01,B DIVISION,F,2,peak,2698,3371,80.0355977
2019-11-01,B DIVISION,G,1,offpeak,9848,11973,82.2517331
2019-11-01,B DIVISION,G,1,peak,5437,7144,76.1058231
2019-11-01,B DIVISION,G,2,offpeak,4294,5069,84.7109884
2019-11-01,B DIVISION,G,2,peak,2240,2675,83.7383178
2019-11-01,B DIVISION,JZ,1,offpeak,9294,10970,84.721969
2019-11-01,B DIVISION,JZ,1,peak,6057,7864,77.0218718
2019-11-01,B DIVISION,JZ,2,offpeak,3904,4367,89.3977559
2019-11-01,B DIVISION,JZ,2,peak,2065,2356,87.6485569
2019-11-01,B DIVISION,L,1,offpeak,15326,18956,80.8503904
2019-11-01,B DIVISION,L,1,peak,11250,14537,77.3887322
2019-11-01,B DIVISION,L,2,offpeak,2678,3058,87.5735775
2019-11-01,B DIVISION,L,2,peak,1347,1561,86.2908392
2019-11-01,B DIVISION,M,1,offpeak,12363,16100,76.7888199
2019-11-01,B DIVISION,M,1,peak,7707,10469,73.6173465
2019-11-01,B DIVISION,M,2,offpeak,3862,4927,78.3844124
2019-11-01,B DIVISION,M,2,peak,1939,2450,79.1428571
2019-11-01,B DIVISION,N,1,offpeak,11100,14806,74.9696069
2019-11-01,B DIVISION,N,1,peak,6987,9781,71.4344137
2019-11-01,B DIVISION,N,2,offpeak,4692,6454,72.6991013
2019-11-01,B DIVISION,N,2,peak,2403,3197,75.1642165
2019-11-01,B DIVISION,Q,1,offpeak,9285,12994,71.4560566
2019-11-01,B DIVISION,Q,1,peak,5370,7777,69.0497621
2019-11-01,B DIVISION,Q,2,offpeak,2023,2451,82.5377397
2019-11-01,B DIVISION,Q,2,peak,1035,1262,82.0126783
2019-11-01,B DIVISION,R,1,offpeak,14508,18953,76.5472485
2019-11-01,B DIVISION,R,1,peak,9487,13152,72.1335158
2019-11-01,B DIVISION,R,2,offpeak,5054,6763,74.7301493
2019-11-01,B DIVISION,R,2,peak,2833,3569,79.377977
2019-11-01,B DIVISION,S Fkln,1,offpeak,2348,2407,97.548816
2019-11-01,B DIVISION,S Fkln,1,peak,1325,1365,97.0695971
2019-11-01,B DIVISION,S Fkln,2,offpeak,892,923,96.6413868
2019-11-01,B DIVISION,S Fkln,2,peak,482,508,94.8818898
2019-11-01,B DIVISION,S Rock,1,offpeak,1482,1599,92.6829268
2019-11-01,B DIVISION,S Rock,1,peak,810,864,93.75
2019-11-01,B DIVISION,S Rock,2,offpeak,645,662,97.4320242
2019-11-01,B DIVISION,S Rock,2,peak,346,353,98.0169972
2019-11-01,B DIVISION,W,1,offpeak,6685,8518,78.4808641
2019-11-01,B DIVISION,W,1,peak,4365,5848,74.6409029
2019-12-01,A DIVISION,1,1,offpeak,21218,26006,81.5888641
2019-12-01,A DIVISION,1,1,peak,12762,16990,75.1147734
2019-12-01,A DIVISION,1,2,offpeak,6423,7407,86.7152693
2019-12-01,A DIVISION,1,2,peak,3160,3604,87.6803552
2019-12-01,A DIVISION,2,1,offpeak,20612,28383,72.6209351
2019-12-01,A DIVISION,2,1,peak,12878,18354,70.1645418
2019-12-01,A DIVISION,2,2,offpeak,7137,9172,77.8129089
2019-12-01,A DIVISION,2,2,peak,3756,4884,76.9041769
2019-12-01,A DIVISION,3,1,offpeak,17294,22818,75.7910422
2019-12-01,A DIVISION,3,1,peak,10813,14973,72.2166566
2019-12-01,A DIVISION,3,2,offpeak,3620,4299,84.2056292
2019-12-01,A DIVISION,3,2,peak,1829,2152,84.9907063
2019-12-01,A DIVISION,4,1,offpeak,23473,30970,75.7927026
2019-12-01,A DIVISION,4,1,peak,15819,22869,69.1722419
2019-12-01,A DIVISION,4,2,offpeak,8220,10383,79.1678706
2019-12-01,A DIVISION,4,2,peak,4293,5618,76.4150943
2019-12-01,A DIVISION,5,1,offpeak,17197,24015,71.6094108
2019-12-01,A DIVISION,5,1,peak,13164,19675,66.9072427
2019-12-01,A DIVISION,5,2,offpeak,3315,4028,82.2989076
2019-12-01,A DIVISION,5,2,peak,1775,2053,86.4588407
2019-12-01,A DIVISION,6,1,offpeak,22461,28917,77.6740326
2019-12-01,A DIVISION,6,1,peak,14474,19928,72.6314733
2019-12-01,A DIVISION,6,2,offpeak,6124,6834,89.6107697
2019-12-01,A DIVISION,6,2,peak,3200,3587,89.2110399
2019-12-01,A DIVISION,7,1,offpeak,15419,19298,79.8994714
2019-12-01,A DIVISION,7,1,peak,11447,15485,73.9231514
2019-12-01,A DIVISION,7,2,offpeak,4172,4747,87.8870866
2019-12-01,A DIVISION,7,2,peak,2657,3040,87.4013158
2019-12-01,A DIVISION,S 42nd,1,offpeak,6191,6361,97.3274642
2019-12-01,A DIVISION,S 42nd,1,peak,3609,4179,86.3603733
2019-12-01,A DIVISION,S 42nd,2,offpeak,1887,1906,99.003148
2019-12-01,A DIVISION,S 42nd,2,peak,1092,1100,99.2727273
2019-12-01,B DIVISION,A,1,offpeak,14359,20418,70.3252033
2019-12-01,B DIVISION,A,1,peak,9590,14844,64.6052277
2019-12-01,B DIVISION,A,2,offpeak,4983,6267,79.5117281
2019-12-01,B DIVISION,A,2,peak,2617,3263,80.2022679
2019-12-01,B DIVISION,B,1,offpeak,6771,8606,78.6776667
2019-12-01,B DIVISION,B,1,peak,5442,7892,68.9559047
2019-12-01,B DIVISION,C,1,offpeak,9216,12197,75.5595638
2019-12-01,B DIVISION,C,1,peak,5364,7586,70.7092012
2019-12-01,B DIVISION,C,2,offpeak,3142,3721,84.4396668
2019-12-01,B DIVISION,C,2,peak,1724,2101,82.0561637
2019-12-01,B DIVISION,D,1,offpeak,10683,14484,73.7572494
2019-12-01,B DIVISION,D,1,peak,6395,9283,68.8893677
2019-12-01,B DIVISION,D,2,offpeak,4244,5386,78.7968808
2019-12-01,B DIVISION,D,2,peak,2240,2816,79.5454545
2019-12-01,B DIVISION,E,1,offpeak,12912,17996,71.7492776
2019-12-01,B DIVISION,E,1,peak,8731,12626,69.1509583
2019-12-01,B DIVISION,E,2,offpeak,3448,4082,84.4683978
2019-12-01,B DIVISION,E,2,peak,1747,2026,86.2290227
2019-12-01,B DIVISION,F,1,offpeak,21099,29796,70.8115183
2019-12-01,B DIVISION,F,1,peak,14015,20221,69.3091341
2019-12-01,B DIVISION,F,2,offpeak,5652,7095,79.6617336
2019-12-01,B DIVISION,F,2,peak,2961,3556,83.2677165
2019-12-01,B DIVISION,G,1,offpeak,10287,13128,78.3592322
2019-12-01,B DIVISION,G,1,peak,5716,7619,75.0229689
2019-12-01,B DIVISION,G,2,offpeak,4273,5120,83.4570313
2019-12-01,B DIVISION,G,2,peak,2268,2688,84.375
2019-12-01,B DIVISION,JZ,1,offpeak,9184,11078,82.9030511
2019-12-01,B DIVISION,JZ,1,peak,6334,8265,76.6364186
2019-12-01,B DIVISION,JZ,2,offpeak,3210,3708,86.5695793
2019-12-01,B DIVISION,JZ,2,peak,1710,2005,85.286783
2019-12-01,B DIVISION,L,1,offpeak,15725,19318,81.4007661
2019-12-01,B DIVISION,L,1,peak,11400,15247,74.768807
2019-12-01,B DIVISION,L,2,offpeak,3229,3493,92.4420269
2019-12-01,B DIVISION,L,2,peak,1651,1782,92.6487093
2019-12-01,B DIVISION,M,1,offpeak,12688,16676,76.0853922
2019-12-01,B DIVISION,M,1,peak,7909,11037,71.6589653
2019-12-01,B DIVISION,M,2,offpeak,3788,4877,77.6706992
2019-12-01,B DIVISION,M,2,peak,1908,2425,78.6804124
2019-12-01,B DIVISION,N,1,offpeak,11643,15711,74.1073133
2019-12-01,B DIVISION,N,1,peak,7177,10267,69.9035746
2019-12-01,B DIVISION,N,2,offpeak,4659,5919,78.7126204
2019-12-01,B DIVISION,N,2,peak,2313,2939,78.7002382
2019-12-01,B DIVISION,Q,1,offpeak,10341,13724,75.3497523
2019-12-01,B DIVISION,Q,1,peak,5862,8129,72.1121909
2019-12-01,B DIVISION,Q,2,offpeak,3924,5233,74.9856679
2019-12-01,B DIVISION,Q,2,peak,2055,2690,76.394052
2019-12-01,B DIVISION,R,1,offpeak,14993,20266,73.981052
2019-12-01,B DIVISION,R,1,peak,9814,13928,70.4623779
2019-12-01,B DIVISION,R,2,offpeak,5524,6897,80.092794
2019-12-01,B DIVISION,R,2,peak,2889,3587,80.5408419
2019-12-01,B DIVISION,S Fkln,1,offpeak,2468,2496,98.8782051
2019-12-01,B DIVISION,S Fkln,1,peak,1454,1475,98.5762712
2019-12-01,B DIVISION,S Fkln,2,offpeak,996,1008,98.8095238
2019-12-01,B DIVISION,S Fkln,2,peak,527,542,97.2324723
2019-12-01,B DIVISION,S Rock,1,offpeak,1704,1800,94.6666667
2019-12-01,B DIVISION,S Rock,1,peak,851,906,93.9293598
2019-12-01,B DIVISION,S Rock,2,offpeak,637,686,92.8571429
2019-12-01,B DIVISION,S Rock,2,peak,356,366,97.2677596
2019-12-01,B DIVISION,W,1,offpeak,6802,9150,74.3387978
2019-12-01,B DIVISION,W,1,peak,4498,6152,73.1144343
